sku,brand,fccIds,functions,oemPartNumbers,descriptor,confidence,rawText
ABRITES-TA56,ABRITES,,"L, U, HL, H, P",TA56,Smart Key,catalog label extraction - review,"Smart Key | L, U, HL, H, P | TA56"
ACURA-3,ACURA,KOBATA12A,"L, U, RS, P",08E91-E54-2M0-01,,catalog label extraction - review,"KOBATA12A | L, U, RS, P | 08E91-E54-2M0-01"
ACURA-853,ACURA,KOBUTAH2T,"L, U, T, P",72147-S0K-A01; 72147-S0K-A02,,catalog label extraction - review,"KOBUTAH2T | L, U, T, P | 72147-S0K-A01, 72147-S0K-A02"
ACURA-859,ACURA,A269ZUA108,"L, U, T, P",72147-S3M-A21; 72147-S3Y-A01; 72147-SY8-A03,,catalog label extraction - review,"A269ZUA108 | L, U, T, P | 72147-S3M-A21, | 72147-S3Y-A01, 72147-SY8-A03"
ACURA-860,ACURA,E4EG8D-443H-A,"L, U, T, P",72147-S3M-A11; 72147-S3M-A21,,catalog label extraction - review,"E4EG8D-443H-A | L, U, T, P | 72147-S3M-A11, 72147-S3M-A21"
ACURA-863,ACURA,OUCG8D-355H-A,"L, U, P",72147-S6M-A02,,catalog label extraction - review,"OUCG8D-355H-A | L, U, P | 72147-S6M-A02"
ACURA-865,ACURA,OUCG8D-355H-A,"L, U, T, P",,,catalog label extraction - review,"OUCG8D-355H-A | L, U, T, P"
ACURA-867,ACURA,E4EG8D-444H-A,"L, U, P",72147-S3V-A02,,catalog label extraction - review,"E4EG8D-444H-A | L, U, P | 72147-S3V-A02"
ACURA-871,ACURA,E4EG8D-444H-A,"L, U, P",,,catalog label extraction - review,"E4EG8D-444H-A | L, U, P"
ACURA-875,ACURA,OUCG8D-387H-A,"L, U, T, P",72147-SEC-A02; 72147-SEP-A52; 72147-SEP-A62,,catalog label extraction - review,"OUCG8D-387H-A | L, U, T, P | 72147-SEC-A02, | 72147-SEP-A52, | 72147-SEP-A62"
ACURA-879,ACURA,OUCG8D-387H-A,"L, U, T, P",72147-SEC-A02; 72147-SEP-A52; 72147-SEP-A62,,catalog label extraction - review,"OUCG8D-387H-A | L, U, T, P | 72147-SEC-A02, | 72147-SEP-A52, | 72147-SEP-A62"
ACURA-883,ACURA,E4EG8D-444H-A,"L, U, T, P",72147-S0K-A13; 72147-S0K-A23; 72147-SEP-A52; 72147-SZ3-A92,,catalog label extraction - review,"E4EG8D-444H-A | L, U, T, P | 72147-S0K-A13, | 72147-S0K-A23, | 72147-SEP-A52, | 72147-SZ3-A92"
ACURA-887,ACURA,E4EG8D-444H-A,"L, U, T, P",72147-S0K-A23,,catalog label extraction - review,"E4EG8D-444H-A | L, U, T, P | 72147-S0K-A23"
ACURA-888,ACURA,N5F-0602A1A,"L, U, P",35111-STK-305; 35111-STK-315; 35111-STX-325,,catalog label extraction - review,"N5F-0602A1A | L, U, P | 35111-STK-305, 35111-STK-315, | 35111-STX-325, Scan for More"
ACURA-889,ACURA,N5F-0602A1A,"L, U, H, P",35111-STX-326; 35113-STX-A40; 35113-STX-A50,,catalog label extraction - review,"N5F-0602A1A | L, U, H, P | 35111-STX-326, 35113-STX-A40, | 35113-STX-A50"
ACURA-890,ACURA,OUCG8D-439H-A,"L, U, T, P",35111-SEP-306; 35111-SEP-307,,catalog label extraction - review,"OUCG8D-439H-A | L, U, T, P | 35111-SEP-306, 35111-SEP-307"
ACURA-893,ACURA,ACJ8D8E24A04,"L, U, T, P",72147-SJA-A01,,catalog label extraction - review,"ACJ8D8E24A04 | L, U, T, P | 72147-SJA-A01"
ACURA-894,ACURA,M3N5WY8145,"L, U, T, P",72147-TK4-A71; 72147-TK4-A81,,catalog label extraction - review,"M3N5WY8145 | L, U, T, P | 72147-TK4-A71, 72147-TK4-A81"
ACURA-895,ACURA,M3N5WY8145 L,,72147-SZN-A51; 72147-SZN-A61,,catalog label extraction - review,"M3N5WY8145 | L, U, HH, P | 72147-SZN-A51, 72147-SZN-A61"
ACURA-896,ACURA,KR5434760,"L, U, P",72147-TX4-A41,,catalog label extraction - review,"KR5434760 | L, U, P | 72147-TX4-A41"
ACURA-897,ACURA,KR5434760,"L, U, T, P",72147-TX6-A01,,catalog label extraction - review,"KR5434760 | L, U, T, P | 72147-TX6-A01"
ACURA-898,ACURA,KR5434760,"L, U, H, P",72147-TX4-A01; 72147-TX4-A11,,catalog label extraction - review,"KR5434760 | L, U, H, P | 72147-TX4-A01, 72147-TX4-A11"
ACURA-904,ACURA,KOBUTA1T,"L, U",72147-SZ5-A01,,catalog label extraction - review,"KOBUTA1T | L, U | 72147-SZ5-A01"
ACURA-905,ACURA,KR5V1X L,,72147-TZ5-A01,,catalog label extraction - review,"KR5V1X | L, U, HH, P | 72147-TZ5-A01"
ACURA-906,ACURA,MLBHLIK-1T,"L, U, T, P",35113-TK4-A00; 35113-TK4-A10,,catalog label extraction - review,"MLBHLIK-1T | L, U, T, P | 35113-TK4-A00, 35113-TK4-A10"
ACURA-907,ACURA,MLBHLIK-1T,"L, U, H, P",35113-SZN-A00; 35113-SZN-A10,,catalog label extraction - review,"MLBHLIK-1T | L, U, H, P | 35113-SZN-A00, 35113-SZN-A10"
ACURA-908,ACURA,KR537924100,"L, U, H, RSH, P",72147-TZ6-A51; 72147-TZ6-A61,,catalog label extraction - review,"KR537924100 | L, U, H, RSH, P | 72147-TZ6-A51, 72147-TZ6-A61"
ACURA-909,ACURA,KR5V1X,"L, U, T, P",72147-TZ3-A01; 72147-TZ3-A11,,catalog label extraction - review,"KR5V1X | L, U, T, P | 72147-TZ3-A01, 72147-TZ3-A11"
ACURA-911,ACURA,KR580399900,"L, U, H, RSH, P",72147-TZ6-A71,,catalog label extraction - review,"KR580399900 | L, U, H, RSH, P | 72147-TZ6-A71"
ACURA-912,ACURA,KR580399900,"L, U, T, RS, P",72147-TZ3-A51; 72147-TZ3-A61,,catalog label extraction - review,"KR580399900 | L, U, T, RS, P | 72147-TZ3-A51, 72147-TZ3-A61"
ACURA-913,ACURA,ACJ932HK1210A,"L, U, T, P",72147-TY2-A01; 72147-TY2-A11,,catalog label extraction - review,"ACJ932HK1210A | L, U, T, P | 72147-TY2-A01, 72147-TY2-A11"
ACURA-914,ACURA,KR5995364,"L, U, T, RS, P",72147-TZ3-A71,,catalog label extraction - review,"KR5995364 | L, U, T, RS, P | 72147-TZ3-A71"
ACURA-915,ACURA,MLBHLIK-1T,"L, U, P",72147-TL4-A21,,catalog label extraction - review,"MLBHLIK-1T | L, U, P | 72147-TL4-A21 / Driver 1"
ACURA-917,ACURA,KR5V21; KR5V2X,"L, U, T, P",72147-TZ3-A21; 72147-TZ3-A22,,catalog label extraction - review,"KR5V21, KR5V2X | L, U, T, P | 72147-TZ3-A21, 72147-TZ3-A22"
ACURA-918,ACURA,KR5T21; KR5V21 L,,72147-TJB-A01,,catalog label extraction - review,"KR5T21, KR5V21 | L, U, HH, P | 72147-TJB-A01"
ACURA-919,ACURA,KR5995364,"L, U, H, RSH, P",72147-TJB-A41,,catalog label extraction - review,"KR5995364 | L, U, H, RSH, P | 72147-TJB-A41"
ACURA-920,ACURA,KR5V2X,"L, U, T, P",72147-T6N-A01,,catalog label extraction - review,"KR5V2X | L, U, T, P | 72147-T6N-A01"
ACURA-921,ACURA,KR5TP-2,"L, U, T, P",72147-TYA-A21,,catalog label extraction - review,"KR5TP-2 | L, U, T, P | 72147-TYA-A21"
ACURA-924,ACURA,KR5T21,"L, U, T, P",72147-TGV-A01,,catalog label extraction - review,"KR5T21 | L, U, T, P | 72147-TGV-A01"
ACURA-925,ACURA,KR5TP-2,"L, U, T, P",6EP44LXHAA,,catalog label extraction - review,"KR5TP-2 | L, U, T, P | 72147-3S5-A01 | ALFAROMEO-1 | KR5ALFA434 | L, U, T, RS, P | 6WN70LXHAA, 6EP44LXHAA"
AUDI-1951,AUDI,MYT8Z0837231,"L, U, T, P",,,catalog label extraction - review,"MYT8Z0837231 | L, U, T, P | 4DO.837.231 E"
AUDI-1953,AUDI,MZ241081964,"L, U, P",,,catalog label extraction - review,"MZ241081964 | L, U, P | 4DO.837.231 D, 4DO.B37.231 D"
AUDI-1955,AUDI,MYT8Z0837231,"L, U, T, P",,,catalog label extraction - review,"MYT8Z0837231 | L, U, T, P | 8ZO.837.231 F"
AUDI-1957,AUDI,MYT8Z0837231,"L, U, T, P",,,catalog label extraction - review,"MYT8Z0837231 | L, U, T, P | 4DO.837.231 M"
AUDI-1959,AUDI,MYT8Z0837231,"L, U, T, P",,,catalog label extraction - review,"MYT8Z0837231 | L, U, T, P | 4DO.837.231 P"
AUDI-1965,AUDI,KR55WK45032,"L, U, T, P",4EO837220E,,catalog label extraction - review,"KR55WK45032 | L, U, T, P | 4EO837220E"
AUDI-1968,AUDI,MYT8Z0837231,"L, U, T, P",,,catalog label extraction - review,"MYT8Z0837231 | L, U, T, P | 8ZO.837.231 B"
AUDI-1971,AUDI,IYZ 3314,"L, U, T, P",4FO837220A,,catalog label extraction - review,"IYZ 3314 / New-Style | L, U, T, P | 4FO837220A"
AUDI-1974,AUDI,MYT4073A,"L, U, T, P",,,catalog label extraction - review,"MYT4073A | L, U, T, P | 8EO.837.220 R"
AUDI-1975,AUDI,IYZ 3314,"L, U, T, P",4F0837220AA; 4FO837220AA,,catalog label extraction - review,"IYZ 3314 | L, U, T, P | 4F0837220AA / 4FO837220AA"
AUDI-1977,AUDI,IYZFBSB802,"L, U, T, P",,,catalog label extraction - review,"IYZFBSB802 | L, U, T, P | 4HO.959.754 A"
AUDI-1982,AUDI,NBG009272T,"L, U, T, P",,,catalog label extraction - review,"NBG009272T | L, U, T, P | 8PO.837.220 A, 8PO.837.220 | DE, 8PO.837.220 E | AUT-IKEYAT3P | IKEYAT3P | L, U, HL | IKEYAT003AL | AUT-IKEYAT4PA | IKEYAT4PA | L, U, AS, P | IKEYAT004AL | AUT-IKEYAT4PC | IKEYAT4PC | L, U, CT, P | IKEYAT004DL | --- PAGE BREAK --- | AUT-IKEYAT4PR | IKEYAT4PR | L, U, RS, P | IKEYAT004BL | AUT-IKEYAT4TP | IKEYAT4TP | L, U, T, P | IKEYAT004CL | AUT-IKEYAT5PCE | IKEYAT5PCE | L, U, EC, RS, P | IKEYAT005DL | AUT-IKEYAT5PRA | IKEYAT5PRA | L, U, AS, RS, P | IKEYAT005AL | AUT-IKEYAT5PS | IKEYAT5PS | L, U , SD, SD, P | IKEYAT5PS | AUT-IKEYAT5TPR | IKEYAT5TPR | L, U, RS, T, P | IKEYAT005BL | AUT-IKEYAT6PRHG | IKEYAT6PRHG | L, U, H, G, RS, P | IKEYAT6PRHG | AUT-IKEYAT6PRS | IKEYAT6PRS | L, U, SD, SD, RS, P | IKEYAT006DL | AUT-IKEYAT6TPCE | IKEYAT6TPCE | L, U, EC, CT, T, P | IKEYAT6TPCE | AUT-IKEYAT6TPRA | IKEYAT6TPRA | L, U, AS, RS, T, P | IKEYAT006AL | AUT-IKEYAT6TPRV | IKEYAT6TPRV | L, U, RS, CT, T, P | IKEYAT006CL | AUT-IKEYAT6TPS | IKEYAT6TPS | L, U, SD, SD, T, P | IKEYAT006BL | AUT-IKEYAT7TPRS | IKEYAT7TPRS | L, U, RS, SD, SD, T, P | IKEYAT007AL | AUT-IKEYBK4TP | L, U, T, P | AUT-IKEYBK5TPR | L, U, RS, T, P | AUT-IKEYCR4PR | IKEYCR4PR | L, U, P, RS | IKEYCR4PR | AUT-IKEYCR5TPR | IKEYCR5TPR | L, U, T, P, RS | IKEYCR5TPR | AUT-IKEYGM4TP | IKEYGM4TP | L, U, T, P | IKEYGM4TP | AUT-IKEYGM5TPR | IKEYGM5TPR | L, U, H, P, RS | IKEYGM5TPR | AUT-IKEYHD4TP | IKEYHD4TP | L, U, T, P | IKEYHD4TP | AUT-IKEYHD5TPR | IKEYHD5TPR | L, U, T, P, RS | IKEYHD5TPR | AUT-IKEYHY4TP | IKEYHY4TP | L, U, T, P | IKEYHY4TP | AUT-IKEYNS4TP | IKEYNS4TP | L, U, T, P | IKEYNS4TP | AUT-IKEYNS5TPR | IKEYNS5TPR | L, U, T, P, RS | IKEYNS5TPR | AUT-IKEYRZ4TP | IKEYRZ4TP | L, U, T, P | IKEYRZ4TP | AUTEL-OTOWATCHW | OTOWATCHW"
BMW-1,BMW,LX8FZV; PCF79355,"L, U, T",6955750,,catalog label extraction - review,"LX8FZV, PCF79355 | L, U, T | 6955750"
BMW-1441,BMW,LX 8766 S,"L, U, T, P",66126959059,,catalog label extraction - review,"LX 8766 S | L, U, T, P | 66126959059"
BMW-1443,BMW,KR55WK49123,"L, U, T",6954808-01,,catalog label extraction - review,"KR55WK49123 | L, U, T | 6954808-01"
BMW-1449,BMW,A269ZUA111,"L, U",82-11-1-469-448,,catalog label extraction - review,"A269ZUA111 | L, U | 82-11-1-469-448"
BMW-1451,BMW,KR55WK49127,"L, U, T",6986583-05,,catalog label extraction - review,"KR55WK49127 | L, U, T | 6986583-05"
BMW-1452,BMW,KR55WK49147,"L, U, T",66120397727; 66126986579; 66129268486,,catalog label extraction - review,"KR55WK49147 | L, U, T | 66120397727, 66126986579, | 66129268486"
BMW-1454,BMW,KR55WK49143,"L, U, T",6954812-01,,catalog label extraction - review,"KR55WK49143 | L, U, T | 6954812-01"
BMW-1457,BMW,KR55WK49663,"L, U, T, P",9202840-01; 9204788-01; 9226932-01,,catalog label extraction - review,"KR55WK49663 | L, U, T, P | 9202840-01, 9204788-01, | 9226932-01"
BMW-1458,BMW,LX8FZV,"L, U, P",,,catalog label extraction - review,"LX8FZV, Aftermarket | L, U, P | No Notch (2-Track)"
BMW-1459,BMW,LX8FZV,"L, U, T",,,catalog label extraction - review,"LX8FZV, Aftermarket | L, U, T | Notched (4-Track)"
BMW-1465,BMW,YGOHUF5662,"L, U, T",9254891-03,,catalog label extraction - review,"YGOHUF5662 | L, U, T | 9254891-03"
BMW-1466,BMW,YGOHUF5662,"L, U, T, P",9266843-01; 9266843-02; 9266843-03,,catalog label extraction - review,"YGOHUF5662 | L, U, T, P | 9266843-01, 9266843-02, | 9266843-03"
BMW-1467,BMW,YGOHUF5662,"L, U, T, P",9266846-02,,catalog label extraction - review,"YGOHUF5662 | L, U, T, P | 9266846-02"
BMW-1468,BMW,YGOHUF5662,"L, U, T, P",7847229-02,,catalog label extraction - review,"YGOHUF5662 | L, U, T, P | 7847229-02"
BMW-1469,BMW,YGOHUF5662,"L, U, T",8053869-03,,catalog label extraction - review,"YGOHUF5662 | L, U, T | 8053869-03"
BMW-1470,BMW,YGOHUF5662,"L, U, T, P",9266845-02,,catalog label extraction - review,"YGOHUF5662 | L, U, T, P | 9266845-02"
BMW-1471,BMW,YGOHUF5662,"L, U, T",9254899-02,,catalog label extraction - review,"YGOHUF5662 | L, U, T | 9254899-02"
BMW-1472,BMW,YGOHUF5661,"L, U, T",8053870-03,,catalog label extraction - review,"YGOHUF5661 | L, U, T | 8053870-03"
BMW-1473,BMW,YGOHUF5767,"L, U, T",9312542-03,,catalog label extraction - review,"YGOHUF5767 | L, U, T | 9312542-03"
BMW-1474,BMW,YGOHUF5767,"L, U, T",9312531-03,,catalog label extraction - review,"YGOHUF5767 | L, U, T | 9312531-03"
BMW-1475,BMW,YGOHUF5767,"L, U, T, P",9312533-03,,catalog label extraction - review,"YGOHUF5767 | L, U, T, P | 9312533-03"
BMW-1476,BMW,YGOHUF5662,"L, U, T, P",9263332-01,,catalog label extraction - review,"YGOHUF5662 | L, U, T, P | 9263332-01"
BMW-1478,BMW,YGOHUF5662,"L, U, T, P",9284935-01,,catalog label extraction - review,"YGOHUF5662 | L, U, T, P | 9284935-01"
BMW-1479,BMW,YGOHUF5662,"L, U, T",9254907-03,,catalog label extraction - review,"YGOHUF5662 | L, U, T | 9254907-03"
BMW-1480,BMW,YGOHUF5662,"L, U, T, P",9263334-01; 9263334-02,,catalog label extraction - review,"YGOHUF5662 | L, U, T, P | 9263334-01, 9263334-02"
BMW-1481,BMW,YGOHUF5662,"L, U, T, P",9259714-02; 9284937-01,,catalog label extraction - review,"YGOHUF5662 | L, U, T, P | 9259714-02, 9284937-01"
BMW-1482,BMW,KR55WK49863,"L, U, T, P",9226936-02,,catalog label extraction - review,"KR55WK49863 | L, U, T, P | 9226936-02"
BMW-1483,BMW,YGOHUF5767,"L, U, T",9312538-02,,catalog label extraction - review,"YGOHUF5767 | L, U, T | 9312538-02"
BMW-1484,BMW,NBGIDGNG1,"L, U, T, P",9337238-02,,catalog label extraction - review,"NBGIDGNG1 | L, U, T, P | 9337238-02"
BMW-1485,BMW,YGOHUF5767,"L, U, T",8723598-01; 9312523-02; 9312523-03; 9312523-05,,catalog label extraction - review,"YGOHUF5767 | L, U, T | 8723598-01, 9312523-02, | 9312523-03, 9312523-05"
BMW-1486,BMW,YGOHUF5767,"L, U, T, P",9312540-04,,catalog label extraction - review,"YGOHUF5767 | L, U, T, P | 9312540-04"
BMW-1487,BMW,YGOHUF5767,"L, U, T, P",9312544-03,,catalog label extraction - review,"YGOHUF5767 | L, U, T, P | 9312544-03"
BMW-1488,BMW,YGOHUF5767,"L, U, T, P",8723600-02; 9312525-03,,catalog label extraction - review,"YGOHUF5767 | L, U, T, P | 8723600-02, 9312525-03"
BMW-1489,BMW,NBGIDGNG1,"L, U, T, P",,,catalog label extraction - review,"NBGIDGNG1 | L, U, T, P | 315 MHz | --- PAGE BREAK ---"
BMW-1490,BMW,N5F-ID2A,"L, U, T, P",,,catalog label extraction - review,"N5F-ID2A | L, U, T, P"
BMW-1491,BMW,YGOHUF5662,"L, U, T, P",9259718-02,,catalog label extraction - review,"YGOHUF5662 | L, U, T, P | 9259718-02"
BMW-1492,BMW,KR55WK49863,"L, U, T, P",9265973-01,,catalog label extraction - review,"KR55WK49863 | L, U, T, P | 9265973-01"
BMW-1493,BMW,N5F-ID21A,"L, U, T, P",9367401-01,,catalog label extraction - review,"N5F-ID21A | L, U, T, P | 9367401-01"
BMW-1495,BMW,YGOHUF5767,"L, U, T, P",,,catalog label extraction - review,"YGOHUF5767 | L, U, T, P"
BMW-1496,BMW,KR55WK49663,"L, U, T, P",,,catalog label extraction - review,"KR55WK49663 | L, U, T, P"
BMW-1497,BMW,YGOHUF5662,"L, U, T, P",,,catalog label extraction - review,"YGOHUF5662 | L, U, T, P"
BMW-1498,BMW,YGOHUF5662,"L, U, T, P",,,catalog label extraction - review,"YGOHUF5662 | L, U, T, P"
BMW-1499,BMW,YGOHUF5662,"L, U, T, P",,,catalog label extraction - review,"YGOHUF5662 | L, U, T, P"
BMW-1500,BMW,YGOHUF5662,"L, U, T, P",,,catalog label extraction - review,"YGOHUF5662 | L, U, T, P"
BMW-1501,BMW,NBGIDGNG1,"L, U, T, P",,,catalog label extraction - review,"NBGIDGNG1 | L, U, T, P"
BMW-1502,BMW,KR55WK49147,"L, U, T",6986583-04,,catalog label extraction - review,"KR55WK49147 | L, U, T | 6986583-04"
BMW-2,BMW,LX8FZV,"L, U, T",6955750; 8377809,,catalog label extraction - review,"LX8FZV | L, U, T | 6955750, 8377809"
BMW-3,BMW,LX8FZV,"L, U, T",,,catalog label extraction - review,"LX8FZV | L, U, T | No Notch | BMW-KR5 433 CAS4 | KR55WK49863 | L, U, T, P | CAS4 | BMW-KR5 433 FEM | KR55WK49863 | L, U, T, P | Aftermarket Replacement - | Please See Details | BMW-YGO CAS4 | YGOHUF5662 | L, U, T, P | Aftermarket, 315MHZ"
CAD-1102,CAD,ABO1602T L,,16259829,,catalog label extraction - review,"ABO1602T | L, U, T, GC | 16259829"
CAD-1105,CAD,KOBUT1BT L,,25656444,,catalog label extraction - review,"KOBUT1BT | L, U, T, GC | 25656444"
CAD-1108,CAD,KOBLEAR1XT L,,25695966; 25695967,,catalog label extraction - review,"KOBLEAR1XT | L, U, T, GC | 25695966, 25695967"
CAD-1111,CAD,ABO1502T L,,9353029,,catalog label extraction - review,"ABO1502T | L, U, T, GC | 9353029"
CAD-1114,CAD,L2C0005T,"L, U, T, P",12223130-50; 12223132; 16263074; 16263074-99,,catalog label extraction - review,"L2C0005T | L, U, T, P | 12223130-50, 12223132, | 16263074, 16263074-99"
CAD-1117,CAD,L2C0005T,"L, U, P",12223130; 12223130-50; 12223131,,catalog label extraction - review,"L2C0005T | L, U, P | 12223130, 12223130-50, | 12223131"
CAD-1120,CAD,ABO0702T,"L, U, T, HL",10178734; 10269729,,catalog label extraction - review,"ABO0702T | L, U, T, HL | 10178734, 10269729"
CAD-1126,CAD,M3N-65981403,"L, U, T, P",15212382,,catalog label extraction - review,"M3N-65981403 | L, U, T, P | 15212382"
CAD-1129,CAD,M3N-65981403 L,,10354922; 10354923,,catalog label extraction - review,"M3N-65981403 | L, U, CT | 10354922, 10354923"
CAD-1132,CAD,ABO0104T,"L, U, G",15725423; 25609144,,catalog label extraction - review,"ABO0104T | L, U, G | 15725423, 25609144"
CAD-1137,CAD,OUC6000066; OUC6000223,"L, U, T, RS, P",20998254; 20998255; 25840557; 5923879; 5923880,,catalog label extraction - review,"OUC6000066, OUC6000223 | L, U, T, RS, P | 20998254, 20998255, 25840557, | 5923879, 5923880"
CAD-1139,CAD,OUC6000066; OUC6000223,"L, U, T, P",22889449; 22889450; 25840557; 5923877; 5923878,,catalog label extraction - review,"OUC6000066, OUC6000223 | L, U, T, P | 22889449, 22889450, 25840557, | 5923877, 5923878"
CAD-1141,CAD,OUC6000066; OUC6000223,"L, U, H, RS, P",20762971; 20998281; 20998282; 5923883; 5923884,,catalog label extraction - review,"OUC6000066, OUC6000223 | L, U, H, RS, P | 20762971, 20998281, 20998282, | 5923883, 5923884"
CAD-1143,CAD,OUC6000066; OUC6000223,"L, U, H, G, RS, P",20802901; 22756465; 22756466; 5923887; 5923888,,catalog label extraction - review,"OUC6000066, OUC6000223 | L, U, H, G, RS, P | 20802901, 22756465, 22756466, | 5923887, 5923888"
CAD-1145,CAD,M3N5WY7777A,"L, U, T, RS, P",25943676; 25943677,,catalog label extraction - review,"M3N5WY7777A | L, U, T, RS, P | 25943676, 25943677"
CAD-1147,CAD,OUC6000066; OUC6000223,"L, U, RS, P",22756463; 22756464; 5923885; 5923886,,catalog label extraction - review,"OUC6000066, OUC6000223 | L, U, RS, P | 22756463, 22756464, 5923885, | 5923886"
CAD-1149,CAD,NBG009768T,"L, U, H, RS, P",22856930; 13502537; 20984227; 22865375,,catalog label extraction - review,"NBG009768T | L, U, H, RS, P | 22856930, 13502537, 20984227, | 22865375, Scan for More"
CAD-1154,CAD,ABO0502T,"L, U, T, HL",GLQ926-1507,,catalog label extraction - review,"ABO0502T | L, U, T, HL | GLQ926-1507, GLQ9Z6-1507"
CAD-1159,CAD,L2C0005T,"L, U, H, P",19115765; 19115766,,catalog label extraction - review,"L2C0005T | L, U, H, P | 19115765, 19115766"
CAD-1162,CAD,NBG009768T,"L, U, TH, RS, P",22865375; 13502537; 20984227; 22586930,,catalog label extraction - review,"NBG009768T | L, U, TH, RS, P | 22865375, 13502537, 20984227, | 22586930, Scan for More"
CAD-1163,CAD,M3N-65981403,"L, U, T, RS, P",15212382; 15212383,,catalog label extraction - review,"M3N-65981403 | L, U, T, RS, P | 15212382, 15212383"
CAD-1164,CAD,NBG009768T,"L, U, P",20984232; 22865378; STRATTEC: 5931852,,catalog label extraction - review,"NBG009768T | L, U, P | 20984232, 22865378, | STRATTEC: 5931852"
CAD-1165,CAD,OUC6000066; OUC6000223,"L, U, H, P",22889451; 22889452; 5923881,,catalog label extraction - review,"OUC6000066, OUC6000223 | L, U, H, P | 22889451, 22889452, 5923881"
CAD-1166,CAD,OUC6000066; OUC6000223,"L, U, H, G, P",25842678,,catalog label extraction - review,"OUC6000066, OUC6000223 | L, U, H, G, P | 25842678"
CAD-1167,CAD,M3N5WY7777A,"L, U, T, P",25946298; 25840554; 25854923; 25943691,,catalog label extraction - review,"M3N5WY7777A | L, U, T, P | 25946298, 25840554, 25854923, | 25943691"
CAD-1168,CAD,NBG009768T,"L, U, TH, P",22856929; STRATTEC: 5931855,,catalog label extraction - review,"NBG009768T | L, U, TH, P | 22856929, STRATTEC: 5931855"
CAD-1169,CAD,M3N5WY7777A,"L, U, T, P",25926473,,catalog label extraction - review,"M3N5WY7777A | L, U, T, P | 25926473"
CAD-1170,CAD,M3N5WY7777A,"L, U, T, P",25926474,,catalog label extraction - review,"M3N5WY7777A | L, U, T, P | 25926474"
CAD-1171,CAD,HYQ2AB,"L, U, H, G, RS, P",13510242; 13580812; 13594028; 1359581; 13598511,,catalog label extraction - review,"HYQ2AB | L, U, H, G, RS, P | 13510242, 13580812, 13594028, | 1359581, 13598511"
CAD-1172,CAD,HYQ2AB,"L, U, T, P",13510253; 13594023; 13598506; STRATTEC: 5942488,,catalog label extraction - review,"HYQ2AB | L, U, T, P | 13510253, 13594023, 13598506, | STRATTEC: 5942488"
CAD-1173,CAD,HYQ2AB,"L, U, T, RS, P",13598530; 13580811; 13594024; 13598507,,catalog label extraction - review,"HYQ2AB | L, U, T, RS, P | 13598530, 13580811, 13594024, | 13598507"
CAD-1174,CAD,HYQ2AB,"L, U, H, RS, P",13598528; 13580800,,catalog label extraction - review,"HYQ2AB | L, U, H, RS, P | 13598528, 13580800"
CAD-1175,CAD,HYQ2AB,"L, U, P",13580797; 13598525; STRATTEC: 5940798,,catalog label extraction - review,"HYQ2AB | L, U, P | 13580797, 13598525, | STRATTEC: 5940798"
CAD-1176,CAD,M3N5WY7777A,"L, U, H, RS, P",25843982,,catalog label extraction - review,"M3N5WY7777A | L, U, H, RS, P | 25843982"
CAD-1177,CAD,HYQ2EB,"L, U, H, RS, P",13510245; 13598516; STRATTEC: 5942489,,catalog label extraction - review,"HYQ2EB | L, U, H, RS, P | 13510245, 13598516, | STRATTEC: 5942489"
CAD-1178,CAD,HYQ2EB,"L, U, H, G, RS, P",13598512; 13580794; 13594029; 13595812,,catalog label extraction - review,"HYQ2EB | L, U, H, G, RS, P | 13598512, 13580794, 13594029, | 13595812"
CAD-1179,CAD,HYQ2EB,"L, U, T, RS, P",13598538; 13510255; 13598540,,catalog label extraction - review,"HYQ2EB | L, U, T, RS, P | 13598538, 13510255, 13598540"
CAD-1180,CAD,OUC6000066; OUC6000223,"L, U, T, P",22889449,,catalog label extraction - review,"OUC6000066, OUC6000223 | L, U, T, P | 22889449"
CAD-1181,CAD,NBGG093UCC,"L, U, TH, RS, P",23434879,,catalog label extraction - review,"NBGG093UCC | L, U, TH, RS, P | 23434879"
CAD-1182,CAD,HYQ2EB,"L, U, RS, P",13591382,,catalog label extraction - review,"HYQ2EB | L, U, RS, P | 13591382"
CAD-1183,CAD,YGOG20TB1,"L, U, T, RS, P",13536990,,catalog label extraction - review,"YGOG20TB1 | L, U, T, RS, P | 13536990"
CAD-1184,CAD,HYQ2ES,"L, U, RS, P",13522872; 13544051,,catalog label extraction - review,"HYQ2ES | L, U, RS, P | 13522872, 13544051"
CAD-1185,CAD,HYQ2ES,"L, U, H, RS, P",13522879,,catalog label extraction - review,"HYQ2ES | L, U, H, RS, P | 13522879, 13544052 | --- PAGE BREAK ---"
CAD-1186,CAD,YGOG20TB1,"L, U, H, G, RS, P",13541571; 13546300,,catalog label extraction - review,"YGOG20TB1 | L, U, H, G, RS, P | 13541571, 13546300"
CAD-1187,CAD,YGOG20TB1,"L, U, H, G, RS, P",,,catalog label extraction - review,"YGOG20TB1 | L, U, H, G, RS, P | 13538866 | CANADA-HYU-1248 | TQ8-RKE-3F04 | L, U, HH, P | 95430-4Z100 | CANADA-HYU-1258 | TQ8-RKE-4F16 | L, U, TH, P | 95430-C1010 | CANADA-HYU-1269 | TQ8-RKE-4F25 | L, U, HH, P | 95430-D3010 | CANADA-HYU-1286 | TQ8-RKE-4F31 | L, U, HH, P | 95430-2W010 | CANADA-KIA-1137 | TQ8HM-T034 | L, U, P | 95430-1W021 | CANADA-KIA-1138 | TQ8-RKE-3F05 | L, U, HH, P | 95430-1U500 | CANADA-KIA-1145 | OSLOKA-OKA870T | L, U, TH, P | 95430-A7400 | CANADA-KIA-1147 | NYODD4TX1306-TFL | L, U, TH, P | 95430-2T560 | CANADA-KIA-1149 | OSLOKA-875T | L, U, HH, P | 95430-B2100 | CANADA-KIA-1157 | NYODD4TX1306-TFL | L, U, HH, P | 95430-3W350 | CANADA-KIA-1158 | TQ8-RKE-4F19 | L, U, HH, P | 95430-A9100 | CANADA-KIA-1162 | OSLOKA-910T | L, U, HH, P | 95430-C5101 | CANADA-KIA-1164 | TQ8-RKE-4F27 (TP) | L, U, HH, P | 95430-D9000 | CHEVY116PT | 13523906"
CHRY-1212,CHRY,GQ43VT18T,"L, U, H, SD, SD, P",04686797AB; 04686797AA; 4686797AA,,catalog label extraction - review,"GQ43VT18T | L, U, H, SD, SD, P | 04686797AB, 04686797AA, | 4686797AA"
CHRY-1215,CHRY,GQ43VT9T,"L, U, P",56036860AE; 56036860AC; 56036860AD,,catalog label extraction - review,"GQ43VT9T | L, U, P | 56036860AE, 56036860AC, | 56036860AD"
CHRY-1216,CHRY,GQ43VT9T,"L, U, P",56036859AE; 56036859AC; 56036859AD,,catalog label extraction - review,"GQ43VT9T | L, U, P | 56036859AE, 56036859AC, | 56036859AD"
CHRY-1219,CHRY,GQ43VT9T,"L, U, P",56045497AC; 56045497AB,,catalog label extraction - review,"GQ43VT9T | L, U, P | 56045497AC, 56045497AB"
CHRY-1222,CHRY,GQ43VT17T,"L, U, P",04686481AF; 56049249AA; 04686481AA; 04686481AB,,catalog label extraction - review,"GQ43VT17T | L, U, P | 04686481AF, 56049249AA, | 04686481AA, 04686481AB, | Scan for More"
CHRY-1225,CHRY,GQ43VT13T,"L, U, P",04671641AE; 04671641AD; 04671641AB,,catalog label extraction - review,"GQ43VT13T | L, U, P | 04671641AE, 04671641AD, | 04671641AB"
CHRY-1228,CHRY,GQ43VT17T,"L, U, P",04686481AF; 56049249AA; 04686481AA; 04686481AB,,catalog label extraction - review,"GQ43VT17T | L, U, P | 04686481AF, 56049249AA, | 04686481AA, 04686481AB, | Scan for More"
CHRY-1231,CHRY,GQ43VT9T,"L, U, T, P",04602268AC; 04602268AA; 04602268AB; 05016716AA,,catalog label extraction - review,"GQ43VT9T | L, U, T, P | 04602268AC, 04602268AA, | 04602268AB, 05016716AA, | Scan for More"
CHRY-1234,CHRY,GQ43VT17T,"L, U, T, P",04602260AD; 04602260AA; 4602260AD,,catalog label extraction - review,"GQ43VT17T | L, U, T, P | 04602260AD, 04602260AA, | 4602260AD"
CHRY-1237,CHRY,GQ43VT9T,"L, U, T, P",04759008AF; 04759008AD; 05016721AA; 04759008AE,,catalog label extraction - review,"GQ43VT9T | L, U, T, P | 04759008AF, 04759008AD, | 05016721AA, 04759008AE, | Scan for More"
CHRY-1240,CHRY,KYPTX002,"L, U, T, P",04671226; 4671226,,catalog label extraction - review,"KYPTX002 | L, U, T, P | 04671226, 4671226"
CHRY-1243,CHRY,GQ43VT7T,"L, U, P",04686076; 56008762; 56021903AA; 56021903AB; 56008761,,catalog label extraction - review,"GQ43VT7T | L, U, P | 04686076, 56008762, | 56021903AA, 56021903AB, | 56008761, Scan for More"
CHRY-1246,CHRY,GQ43VT5T,"L, U, T",04469341; 4469341,,catalog label extraction - review,"GQ43VT5T | L, U, T | 04469341, 4469341"
CHRY-1249,CHRY,KYPT03C98JA,"L, U, P",4608229; 4608229AB,,catalog label extraction - review,"KYPT03C98JA | L, U, P | 4608229, 4608229AB"
CHRY-1255,CHRY,GQ43VT7T,"L, U",56007049; 05016722AA; 56045191AA; 56045191AB; 56045191AC,,catalog label extraction - review,"GQ43VT7T | L, U | 56007049, 05016722AA, | 56045191AA, 56045191AB, | 56045191AC"
CHRY-1258,CHRY,GQ43VT9T,"L, U",56045191AD; 56045191AC; 56045191AB,,catalog label extraction - review,"GQ43VT9T | L, U | 56045191AD, 56045191AC, | 56045191AB"
CHRY-1261,CHRY,GQ43VT9T,"L, U, P",04686366; 4686366,,catalog label extraction - review,"GQ43VT9T | L, U, P | 04686366, 4686366"
CHRY-1264,CHRY,GQ43VT10T,"L, U",56008968; 56008968AB,,catalog label extraction - review,"GQ43VT10T | L, U | 56008968, 56008968AB"
CHRY-1267,CHRY,,"L, U, P",68533818AA; 05099684AA; 05102771AA; 5099684AA,,catalog label extraction - review,"KR55 | L, U, P | 68533818AA, 05099684AA, | 05102771AA, 5099684AA"
CHRY-1270,CHRY,ABO1302T,"L, U",04865431AA,,catalog label extraction - review,"ABO1302T | L, U | 04865431AA"
CHRY-1276,CHRY,,"L, U",56009031; 56006909,,catalog label extraction - review,"56009031 | L, U | 56009031, 56006909"
CHRY-1279,CHRY,GQ43VT7T,"L, U, T",04759136; 04759136AB; 04688527; 4759136AB,,catalog label extraction - review,"GQ43VT7T | L, U, T | 04759136, 04759136AB, | 04688527, 4759136AB"
CHRY-1280,CHRY,GQ43VT7T,"L, U",56007049; 05016722AA; 56045191AA; 56045191AB; 56045191AC,,catalog label extraction - review,"GQ43VT7T | L, U | 56007049, 05016722AA, | 56045191AA, 56045191AB, | 56045191AC"
CHRY-1600,CHRY,M3N-40821302,"L, U, P",68066349AG; 68066349AA; 68066349AF; 68066349AB,,catalog label extraction - review,"M3N-40821302 | L, U, P | 68066349AG, 68066349AA, | 68066349AF, 68066349AB, | Scan for More"
CHRY-1601,CHRY,M3N-40821302,"L, U, T, P",68051387AH; 56046758AA; 56046758AF; 56046768AA,,catalog label extraction - review,"M3N-40821302 | L, U, T, P | 68051387AH, 56046758AA, | 56046758AF, 56046768AA, | Scan for More"
CHRY-1602,CHRY,M3N-40821302,"L, U, T, RS, P",68225803AB; 68225803AA; 56046777AC; 56046777AB,,catalog label extraction - review,"M3N-40821302 | L, U, T, RS, P | 68225803AB, 68225803AA, | 56046777AC, 56046777AB, | Scan for More"
CHRY-1603,CHRY,M3N-40821302,"L, U, T, P",56046758AF; 56046758AB; 56046758AC; 56046758AE,,catalog label extraction - review,"M3N-40821302 | L, U, T, P | 56046758AF, 56046758AB, | 56046758AC, 56046758AE, | Scan for More"
CHRY-1604,CHRY,M3N-40821302,"L, U, T, RS, P",56046759AF; 56046759AC; 56046759AA; 56046759AD,,catalog label extraction - review,"M3N-40821302 | L, U, T, RS, P | 56046759AF, 56046759AC, | 56046759AA, 56046759AD, | Scan for More"
CHRY-1605,CHRY,M3N-40821302,"L, U, RS, P",68066350AG; 68066350AA; 68066350AF; 68066350AD,,catalog label extraction - review,"M3N-40821302 | L, U, RS, P | 68066350AG, 68066350AA, | 68066350AF, 68066350AD, | Scan for More"
CHRY-1606,CHRY,GQ4-54T,"L, U, P",56046954AJ; 56046954AG; 56046954AF; 56046954AH,,catalog label extraction - review,"GQ4-54T | L, U, P | 56046954AJ, 56046954AG, | 56046954AF, 56046954AH"
CHRY-1607,CHRY,GQ4-54T,"L, U, RS, P",56046956AJ; 56046956AG; 56046956AF; 56046956AH,,catalog label extraction - review,"GQ4-54T | L, U, RS, P | 56046956AJ, 56046956AG, | 56046956AF, 56046956AH"
CHRY-1608,CHRY,M3N-40821302,"L, U, P",,,catalog label extraction - review,"M3N-40821302 | L, U, P"
CHRY-1609,CHRY,GQ4-54T L,,68159656AK; 68159656AF; 68159656AG; 68159656AH,,catalog label extraction - review,"GQ4-54T | L, U, AS, P | 68159656AK, 68159656AF, | 68159656AG, 68159656AH, | Scan for More"
CHRY-1610,CHRY,GQ4-54T L,,68159657AK; 68159657AG; 68159657AF; 68159657AH,,catalog label extraction - review,"GQ4-54T | L, U, AS, RS, P | 68159657AK, 68159657AG, | 68159657AF, 68159657AH"
CHRY-1611,CHRY,M3N-40821302,"L, U, P",68143502AC; 68143502AA; 68143502AB,,catalog label extraction - review,"M3N-40821302 | L, U, P | 68143502AC, 68143502AA, | 68143502AB"
CHRY-1612,CHRY,M3N-40821302,"L, U, H, RS, P",68143505AC; 68143505AB; 68143505AA,,catalog label extraction - review,"M3N-40821302 | L, U, H, RS, P | 68143505AC, 68143505AB, | 68143505AA"
CHRY-1613,CHRY,GQ4-54T,"L, U, P",68105087AJ; 68105087AD; 68105087AG; 68105087AB,,catalog label extraction - review,"GQ4-54T | L, U, P | 68105087AJ, 68105087AD, | 68105087AG, 68105087AB, | Scan for More"
CHRY-1614,CHRY,GQ4-54T,"L, U, RS, P",68105078AJ; 68105078AD; 68105078AG; 68105078AC,,catalog label extraction - review,"GQ4-54T | L, U, RS, P | 68105078AJ, 68105078AD, | 68105078AG, 68105078AC, | Scan for More"
CHRY-1615,CHRY,GQ4-54T,"L, U, H, RS, P",68141580AJ; 68141580AC; 68141580AF; 68141580AB,,catalog label extraction - review,"GQ4-54T | L, U, H, RS, P | 68141580AJ, 68141580AC, | 68141580AF, 68141580AB, | Scan for More"
CHRY-1616,CHRY,M3N-40821302,"L, U, H, RS, P",68143500AC; 68143500AB; 68143500AA,,catalog label extraction - review,"M3N-40821302 | L, U, H, RS, P | 68143500AC, 68143500AB, | 68143500AA"
CHRY-1617,CHRY,M3N-40821302,"L, U, H, RS, P",68150061AC; 68150061AB,,catalog label extraction - review,"M3N-40821302 | L, U, H, RS, P | 68150061AC, 68150061AB"
CHRY-1618,CHRY,M3N-40821302,"L, U, T, P",68155686AB; 68155686AA; 68394190AA,,catalog label extraction - review,"M3N-40821302 | L, U, T, P | 68155686AB, 68155686AA, | 68394190AA"
CHRY-1619,CHRY,M3N-40821302,"L, U, T, P",5035188AB; 05035188AB,,catalog label extraction - review,"M3N-40821302 | L, U, T, P | 5035188AB, 05035188AB"
CHRY-1620,CHRY,M3N-40821302,"L, U, H, P",68143504AC; 68143504AB,,catalog label extraction - review,"M3N-40821302 | L, U, H, P | 68143504AC, 68143504AB, | 68143504AA | --- PAGE BREAK ---"
CHRY-1621,CHRY,M3N-40821302,"L, U, H, RS, P",68240167AA,,catalog label extraction - review,"M3N-40821302 | L, U, H, RS, P | 68240167AA"
CHRY-1622,CHRY,M3M-40821302,"L, U, T, RS, P",68155687AB; 68155687AA; 68155687AC; 68394191AA,,catalog label extraction - review,"M3M-40821302 | L, U, T, RS, P | 68155687AB, 68155687AA, | 68155687AC, 68394191AA, | Scan for More"
CHRY-1623,CHRY,M3N-40821302,"L, U, RS, P",68417821AB; 68250337AB; 68417821AA,,catalog label extraction - review,"M3N-40821302 | L, U, RS, P | 68417821AB, 68250337AB, | 68417821AA"
CHRY-1624,CHRY,M3N-97395900,"L, U, P",68217827AC; 68217827AB,,catalog label extraction - review,"M3N-97395900 | L, U, P | 68217827AC, 68217827AB"
CHRY-1625,CHRY,M3N-97395900,"L, U, SD, SD, P",68241531AD; 68241531AC; 68241531AB,,catalog label extraction - review,"M3N-97395900 | L, U, SD, SD, P | 68241531AD, 68241531AC, | 68241531AB"
CHRY-1626,CHRY,M3N-97395900,"L, U, H, SD, SD, P",68241532AD; 68241532AC; 68241532AB,,catalog label extraction - review,"M3N-97395900 | L, U, H, SD, SD, P | 68241532AD, 68241532AC, | 68241532AB"
CHRY-1627,CHRY,M3N-97395900,"L, U, SD, SD, RS, P",68217829AD; 68217829AB; 68217829AC,,catalog label extraction - review,"M3N-97395900 | L, U, SD, SD, RS, P | 68217829AD, 68217829AB, | 68217829AC"
CHRY-1628,CHRY,M3N-97395900,"L, U, H, SD, SD, RS, P",68217832AD; 68217832AC; 68217832AB,,catalog label extraction - review,"M3N-97395900 | L, U, H, SD, SD, RS, P | 68217832AD, 68217832AC, | 68217832AB"
CHRY-1629,CHRY,M3N-97395900,"L, U, P",68238686AC; 68238686AB,,catalog label extraction - review,"M3N-97395900 | L, U, P | 68238686AC, 68238686AB"
CHRY-1630,CHRY,M3N-97395900,"L, U, SD, SD, P",68241533AD; 68241533AC; 68241533AB,,catalog label extraction - review,"M3N-97395900 | L, U, SD, SD, P | 68241533AD, 68241533AC, | 68241533AB"
CHRY-1631,CHRY,M3N-97395900,"L, U, H, SD, SD, P",68241534AD; 68241534AC; 68241534AB,,catalog label extraction - review,"M3N-97395900 | L, U, H, SD, SD, P | 68241534AD, 68241534AC, | 68241534AB"
CHRY-1632,CHRY,M3N-97395900,"L, U, SD, SD, RS, P",68238688AD; 68238688AC; 68238688AB,,catalog label extraction - review,"M3N-97395900 | L, U, SD, SD, RS, P | 68238688AD, 68238688AC, | 68238688AB"
CHRY-1633,CHRY,M3N-97395900,"L, U, H, SD, SD, RS, P",68238689AD; 68238689AC; 68238689AB,,catalog label extraction - review,"M3N-97395900 | L, U, H, SD, SD, RS, P | 68238689AD, 68238689AC, | 68238689AB"
CHRY-1634,CHRY,M3N-40821302,"L, U, T, P",68234960AB; 68234960AA,,catalog label extraction - review,"M3N-40821302 | L, U, T, P | 68234960AB, 68234960AA"
CHRY-1635,CHRY,M3N-40821302 68234960AB; 68234960AA,,,,catalog label extraction - review,"M3N-40821302 | 68234960AB, 68234960AA"
CHRY-1636,CHRY,M3N-40821302,"L, U, T, RS, P",68234959AB; 68234959AA,,catalog label extraction - review,"M3N-40821302 | L, U, T, RS, P | 68234959AB, 68234959AA"
CHRY-1637,CHRY,M3N-40821302,"L, U, P",68417820AB; 68417820AA; 68250335AB,,catalog label extraction - review,"M3N-40821302 | L, U, P | 68417820AB, 68417820AA, | 68250335AB"
CHRY-1638,CHRY,M3N-40821302,"L, U, T, P",68234958AA,,catalog label extraction - review,"M3N-40821302 | L, U, T, P | 68234958AA"
CHRY-1639,CHRY,M3N-40821302,"L, U, T, RS, P",68234957AA,,catalog label extraction - review,"M3N-40821302 | L, U, T, RS, P | 68234957AA"
CHRY-1640,CHRY,M3N-40821302,"L, U, T, P",05035395AB; 05035395AA; 5035395AA,,catalog label extraction - review,"M3N-40821302 | L, U, T, P | 05035395AB, 05035395AA, | 5035395AA"
CHRY-1642,CHRY,M3N-40821302,"L, U, H, RS, P",68417823AB; 68417823AA; 68250343AB,,catalog label extraction - review,"M3N-40821302 | L, U, H, RS, P | 68417823AB, 68417823AA, | 68250343AB"
CHRY-1643,CHRY,M3N-40821302,"L, U, RS, P",7QG14DX9AA; 68266733AA; 6FD98DX9AA; 6BY88DX9AA,,catalog label extraction - review,"M3N-40821302 | L, U, RS, P | 7QG14DX9AA, 68266733AA, | 6FD98DX9AA, 6BY88DX9AA, | Scan for More"
CHRY-1644,CHRY,OHT1130261,"L, U, RS, P",68416784AC; 68416784AA; 68416784AB,,catalog label extraction - review,"OHT1130261 | L, U, RS, P | 68416784AC, 68416784AA, | 68416784AB"
CHRY-1645,CHRY,M3N-40821302,"L, U, H, P",68375133AA,,catalog label extraction - review,"M3N-40821302 | L, U, H, P | 68375133AA"
CHRY-1646,CHRY,OHT1130261,"L, U, P",68416782AC; 68416782AA; 68416782AB; 68384452AC,,catalog label extraction - review,"OHT1130261 | L, U, P | 68416782AC, 68416782AA, | 68416782AB, 68384452AC, | Scan for More"
CHRY-1647,CHRY,M3N-40821302,"L, U, H, RS, P",68340304AA,,catalog label extraction - review,"M3N-40821302 | L, U, H, RS, P | 68340304AA"
CHRY-1648,CHRY,M3N-40821302,"L, U, P",7QG15DX9AA; 6MP33DX9AA,,catalog label extraction - review,"M3N-40821302 | L, U, P | 7QG15DX9AA, 6MP33DX9AA"
CHRY-1649,CHRY,OHT-4882056,"L, U, RS, P",68584153AA; 68291689AE; 68291689AB; 68442907AB,,catalog label extraction - review,"OHT-4882056 | L, U, RS, P | 68584153AA, 68291689AE, | 68291689AB, 68442907AB, | Scan for More"
CHRY-1650,CHRY,OHT-4882056 L,,68584154AA; 68575603AA; 68291690AB; 68291690AD,,catalog label extraction - review,"OHT-4882056 | L, U, AS, RS, P | 68584154AA, 68575603AA, | 68291690AB, 68291690AD, | Scan for More"
CHRY-1651,CHRY,OHT-4882056,"L, U, T, RS, P",68584155AA; 68291691AB; 68575604AA; 68442909AB,,catalog label extraction - review,"OHT-4882056 | L, U, T, RS, P | 68584155AA, 68291691AB, | 68575604AA, 68442909AB, | Scan for More"
CHRY-1652,CHRY,OHT-4882056 L,,68584156AA; 68291692AE; 68442910AB; 68575605AA,,catalog label extraction - review,"OHT-4882056 | L, U, AS, TG, RS, P | 68584156AA, 68291692AE, | 68442910AB, 68575605AA, | Scan for More"
CHRY-1653,CHRY,M3N-40821302,"L, U, T, RS, P",68234957AA,,catalog label extraction - review,"M3N-40821302 | L, U, T, RS, P | 68234957AA"
CHRY-1654,CHRY,M3N-40821302,"L, U, T, RS, P",68356529AA,,catalog label extraction - review,"M3N-40821302 | L, U, T, RS, P | 68356529AA"
CHRY-1655,CHRY,OHT-4882056,"L, U, T, RS, P",68584157AA; 68291693AE; 68575606AA; 68291693AB,,catalog label extraction - review,"OHT-4882056 | L, U, T, RS, P | 68584157AA, 68291693AE, | 68575606AA, 68291693AB, | Scan for More"
CHRY-1656,CHRY,M3M-40821302; M3N-40821302,"L, U, T, RS, P",68394198AA,,catalog label extraction - review,"M3M-40821302, M3N-40821302 | L, U, T, RS, P | 68394198AA"
CHRY-1657,CHRY,M3N-40821302,"L, U, T, RS, P",68394195AA,,catalog label extraction - review,"M3N-40821302 | L, U, T, RS, P | 68394195AA"
CHRY-1658,CHRY,M3M-40821302; M3N-40821302,"L, U, T, P",68394196AA,,catalog label extraction - review,"M3M-40821302, M3N-40821302 | L, U, T, P | 68394196AA"
CHRY-1659,CHRY,M3N-40821302,"L, U, T, RS, P",68394191AA,,catalog label extraction - review,"M3N-40821302 | L, U, T, RS, P | 68394191AA"
CHRY-1660,CHRY,M3N-40821302,"L, U, H, P",68417822AB; 68417822AA; 68250341AB,,catalog label extraction - review,"M3N-40821302 | L, U, H, P | 68417822AB, 68417822AA, | 68250341AB"
CHRY-1661,CHRY,OHT-4882056,"L, U, P",68584151AA; 68291687AB; 68291687AC; 68291687AD,,catalog label extraction - review,"OHT-4882056 | L, U, P | 68584151AA, 68291687AB, | 68291687AC, 68291687AD, | Scan for More"
CHRY-1662,CHRY,GQ4-76T,"L, U, T, RS, P",68575429AA; 68547363AA; 68374994AA; 68475385AA,,catalog label extraction - review,"GQ4-76T | L, U, T, RS, P | 68575429AA, 68547363AA, | 68374994AA, 68475385AA, | Scan for More"
CHRY-1663,CHRY,GQ4-76T,"L, U, T, RS, P",68575430AA; 68375456AA; 68475387AA; 68547364AB,,catalog label extraction - review,"GQ4-76T | L, U, T, RS, P | 68575430AA, 68375456AA, | 68475387AA, 68547364AB, | Scan for More"
CHRY-1664,CHRY,GQ4-76T TGL,,68381171AC; 68381171AA; 68381171AB,,catalog label extraction - review,"GQ4-76T | TGL, TGU, P | 68381171AC, 68381171AA, | 68381171AB"
CHRY-1665,CHRY,GQ4-76T,"L, U, T, RS, P",68375457AC; 68375457AA; 68375457AB,,catalog label extraction - review,"GQ4-76T | L, U, T, RS, P | 68375457AC, 68375457AA, | 68375457AB"
CHRY-1666,CHRY,GQ4-76T,"L, U, P",68547361AA; 68365299AC; 68538048AB; 68365299AA,,catalog label extraction - review,"GQ4-76T | L, U, P | 68547361AA, 68365299AC, | 68538048AB, 68365299AA, | Scan for More"
CHRY-1667,CHRY,GQ4-76T,"L, U, RS, P",68547362AB; 68547362AA; 68475383AA; 68365327AB,,catalog label extraction - review,"GQ4-76T | L, U, RS, P | 68547362AB, 68547362AA, | 68475383AA, 68365327AB, | Scan for More"
CHRY-1668,CHRY,GQ4-76T,"L, U, P",68575426AA; 68547360AB; 68375455AC; 68475386AA,,catalog label extraction - review,"GQ4-76T | L, U, P | 68575426AA, 68547360AB, | 68375455AC, 68475386AA, | Scan for More"
CHRY-1669,CHRY,GQ4-76T,"L, U, RS, P",68376346AC; 68376346AB; 68376346AA,,catalog label extraction - review,"GQ4-76T | L, U, RS, P | 68376346AC, 68376346AB, | 68376346AA"
CHRY-1670,CHRY,M3M-40824301,"L, U, T, RS, P",68394202AA,,catalog label extraction - review,"M3M-40824301 | L, U, T, RS, P | 68394202AA"
CHRY-1671,CHRY,OHT1130261 68416785AC; 68416785AA,,68416785AB,,catalog label extraction - review,"OHT1130261 | 68416785AC, 68416785AA, | 68416785AB"
CHRY-1672,CHRY,OHT-4882056 L,,68584161AA; 68312808AA; 68312808AC; 68312808AD,,catalog label extraction - review,"OHT-4882056 | L, U, AS, TG, RS, P | 68584161AA, 68312808AA, | 68312808AC, 68312808AD, | Scan for More"
CHRY-1673,CHRY,OHT-4882056 L,,68584152AA; 68291688AB; 68291688AC; 68291688AD,,catalog label extraction - review,"OHT-4882056 | L, U, AS, P | 68584152AA, 68291688AB, | 68291688AC, 68291688AD, | Scan for More"
CHRY-1674,CHRY,OHT-4882056 L,,68584158AA; 68291694AE; 68575607AA; 68291694AD,,catalog label extraction - review,"OHT-4882056 | L, U, AS, TG, RS, P | 68584158AA, 68291694AE, | 68575607AA, 68291694AD, | Scan for More"
CHRY-1675,CHRY,2ADFTFI5AM433TX,"L, U, P",7MD86LXHCP; 68296748CP; 68385479CP; 68385479AA,,catalog label extraction - review,"2ADFTFI5AM433TX | L, U, P | 7MD86LXHCP, 68296748CP, | 68385479CP, 68385479AA, | Scan for More"
CHRY-1676,CHRY,M3N-40821302,"L, U, T, RS, P",68394203AA,,catalog label extraction - review,"M3N-40821302 | L, U, T, RS, P | 68394203AA"
CHRY-1677,CHRY,M3N-40821302,"L, U, T, P",68394199AA,,catalog label extraction - review,"M3N-40821302 | L, U, T, P | 68394199AA"
CHRY-1678,CHRY,M3N-40821302,"L, U, T, RS, P",68394205AA,,catalog label extraction - review,"M3N-40821302 | L, U, T, RS, P | 68394205AA"
CHRY-1679,CHRY,GQ4-76T,P,68575425AA; 68374993AC; 68475384AA; 68547359AA,,catalog label extraction - review,"GQ4-76T | P | 68575425AA, 68374993AC, | 68475384AA, 68547359AA, | Scan for More"
CHRY-1680,CHRY,OHT-4882056,"L, U, RS, P",68575610AA; 68442915AB; 68312806AB; 68312806AC,,catalog label extraction - review,"OHT-4882056 | L, U, RS, P | 68575610AA, 68442915AB, | 68312806AB, 68312806AC, | Scan for More"
CHRY-1681,CHRY,OHT-4882056,"L, U, T, RS, P",68584164AA; 68575615AA,,catalog label extraction - review,"OHT-4882056 | L, U, T, RS, P | 68584164AA, 68575615AA, | 68462107AA | --- PAGE BREAK ---"
CHRY-1682,CHRY,OHT-4882056,"L, U, P",68575613AA; 68462103AA,,catalog label extraction - review,"OHT-4882056 | L, U, P | 68575613AA, 68462103AA"
CHRY-1683,CHRY,M3NWXFOB1,"L, U, H, RS, P",68582687AB; 68377534AB; 68377534AA; 68582687AA,,catalog label extraction - review,"M3NWXFOB1 | L, U, H, RS, P | 68582687AB, 68377534AB, | 68377534AA, 68582687AA"
CHRY-1684,CHRY,M3N-97395900,"L, U, RS, P",68419652AC; 68419652AB,,catalog label extraction - review,"M3N-97395900 | L, U, RS, P | 68419652AC, 68419652AB"
CHRY-1685,CHRY,M3NWXFOB1 L,,68582671AB; 68425092AA; 68582671AA,,catalog label extraction - review,"M3NWXFOB1 | L, U, H, AS, RS, P | 68582671AB, 68425092AA, | 68582671AA"
CHRY-1686,CHRY,M3NWXFOB1,"L, U, P",68582686AB; 68582686AA; 68377529AA; 68377529AB,,catalog label extraction - review,"M3NWXFOB1 | L, U, P | 68582686AB, 68582686AA, | 68377529AA, 68377529AB"
CHRY-1687,CHRY,M3NWXFOB1,"L, U, H, RS, P",68582672AB; 68582672AA; 68469565AA,,catalog label extraction - review,"M3NWXFOB1 | L, U, H, RS, P | 68582672AB, 68582672AA, | 68469565AA"
CHRY-1689,CHRY,OHT-4882056,"L, U, P",68584159AA; 68312804AB; 68312804AD; 68442913AB,,catalog label extraction - review,"OHT-4882056 | L, U, P | 68584159AA, 68312804AB, | 68312804AD, 68442913AB, | Scan for More"
CHRY-1690,CHRY,OHT-4882056 L,,68575611AA; 68312807AC; 68442916AB; 68312807AE,,catalog label extraction - review,"OHT-4882056 | L, U, AS, RS, P | 68575611AA, 68312807AC, | 68442916AB, 68312807AE, | Scan for More"
CHRY-1692,CHRY,KOBDT04A,"L, U, P",05179513AC; 05179513AB; 05179513AA; 05135670AA,,catalog label extraction - review,"KOBDT04A | L, U, P | 05179513AC, 05179513AB, | 05179513AA, 05135670AA, | Scan for More"
CHRY-1694,CHRY,M3N5WY72XX,"L, U, P",05134965AA; 05183683AB; 05183683AA; 68273339AC,,catalog label extraction - review,"M3N5WY72XX | L, U, P | 05134965AA, 05183683AB, | 05183683AA, 68273339AC, | Scan for More"
CHRY-1695,CHRY,LTQF12AM433TX; 2ADFTF12AM433TX,"L, U, T",68091228AD; 68091228AC; 68091228AB; 68091228AA,,catalog label extraction - review,"LTQF12AM433TX, | 2ADFTF12AM433TX | L, U, T | 68091228AD, 68091228AC, | 68091228AB, 68091228AA"
CHRY-1696,CHRY,LTQF12AM433TX,"L, U, T",,,catalog label extraction - review,"LTQF12AM433TX | L, U, T | 2ADPXTRF198"
CHRY-1697,CHRY,KOBDT04A,"L, U, P, T",05179512AA; 05179512AB; 05179514AA; 05183349AA,,catalog label extraction - review,"KOBDT04A | L, U, P, T | 05179512AA, 05179512AB, | 05179514AA, 05183349AA, | Scan for More"
CHRY-1698,CHRY,M3N5WY72XX; M3N65981772 L,,05139287AA; 05183919AA; 05183919AB; 05189230AA,,catalog label extraction - review,"M3N5WY72XX, M3N65981772 | L, U, LG, P | 05139287AA, 05183919AA, | 05183919AB, 05189230AA, | Scan for More"
CHRY-1699,CHRY,OHT692713AA,"L, U, RS, P",68039414AE; 68039414AA; 68039414AB; 68039414AC,,catalog label extraction - review,"OHT692713AA | L, U, RS, P | 68039414AE, 68039414AA, | 68039414AB, 68039414AC, | Scan for More"
CHRY-1700,CHRY,OHT692715AA,"L, U, P, H",68273329AB; 05179512AC; 05191964AB; 05179512AB,,catalog label extraction - review,"OHT692715AA | L, U, P, H | 68273329AB, 05179512AC, | 05191964AB, 05179512AB, | Scan for More"
CHRY-1703,CHRY,OHT692427AA L,,57010065AB; 57010065AA; 68029834AC; 68029834AB; 68029834AA,,catalog label extraction - review,"OHT692427AA | L, U, LG, RS, P | 57010065AB, 57010065AA, | 68029834AC, 68029834AB, | 68029834AA"
CHRY-1707,CHRY,M3N-40821302 L,,7FF23LXHAB,,catalog label extraction - review,"M3N-40821302 | L, U, P, | 7FF23LXHAB"
CHRY-1708,CHRY,M3N-40821302 L,,7FF24LXHAB,,catalog label extraction - review,"M3N-40821302 | L, U, RDU, P | 7FF24LXHAB"
CHRY-1709,CHRY,M3N-40821302,"L, U, P, RS",7FF22LXHAB,,catalog label extraction - review,"M3N-40821302 | L, U, P, RS | 7FF22LXHAB"
CHRY-1710,CHRY,OHT-4882056,"L, U, RS, P",68584163AA; 68575614AA; 68462106AA,,catalog label extraction - review,"OHT-4882056 | L, U, RS, P | 68584163AA, 68575614AA, | 68462106AA"
CHRY-1711,CHRY,M3N-40821302,"L, U, T, P",68060750AH; 68060750AC; 68060750AF; 68060750AG,,catalog label extraction - review,"M3N-40821302 | L, U, T, P | 68060750AH, 68060750AC, | 68060750AF, 68060750AG, | Scan for More"
CHRY-1712,CHRY,WAZSKE13D01,"L, U, TH, P",,,catalog label extraction - review,"WAZSKE13D01 | L, U, TH, P"
CHRY-1713,CHRY,M3N-40621302 L,,7FF24LXHAB; 60977653,,catalog label extraction - review,"M3N-40621302 | L, U, CD, P | 7FF24LXHAB, 60977653"
CHRY-1714,CHRY,OHT-4882056 L,,68312805AD; 68312805AB; 68312805AC,,catalog label extraction - review,"OHT-4882056 | L, U, AS, P | 68312805AD, 68312805AB, | 68312805AC"
CHRY-1715,CHRY,M3N-40621302 L,,60977651,,catalog label extraction - review,"M3N-40621302 | L, U, CD, RS, P | 60977651"
CHRY-1718,CHRY,GQ4-54T,"L, U, H, RS, P",68141580AJ; 68141580AC; 68141580AF; 68141580AB; 05179513AB; 05179513AA; 05135670AA; 05179512AB; 05179514AA; 05183349AA; G09C04EEC5C; 25926478; 57497SC010; DAT17T13,,catalog label extraction - review,"GQ4-54T | L, U, H, RS, P | 68141580AJ, 68141580AC, | 68141580AF, 68141580AB, | Scan for More | CHRY-KOB 3 | KOBDT04A | L, U, P | 05179513AC, 05179513AB, | 05179513AA, 05135670AA, | Scan for More | CHRY-KOB 4 | KOBDT04A | L, U, RS, P | 05179512AA, 05179512AB, | 05179514AA, 05183349AA, | Scan for More | CORVETTE-1 | ABO0202T | L, U | 88960924 | CORVETTE-10 | M3N-65981403 | L, U, CT, P | 10372541 | CORVETTE-11 | M3N-65981403 | L, U, CT, P | 10372542 | CORVETTE-12 | G09C04EEC4P, G09C04EEC5C, | G09C04EEC5T | L, U, TH, RS, P | 22779880 | CORVETTE-13 | G09C04EEC4P, G0C04EEC4P | L, U, TH, CT, RS, P | 22816266, 22816269 | CORVETTE-14 | G09C04EEC4P, G09C04EEC5C, | G09C04EEC5T | L, U, TH, CT, P | 22816265 | CORVETTE-15 | G09C04EEC4P | L, U, TH, P | 22779879 | CORVETTE-16 | ABO0216T | L, U, T, P | 19299230 | CORVETTE-17 | G09C03JAP4P | L, U, TH, P | 22779942 | CORVETTE-18 | NBGGD9C04 | L, U, TH, P | 23465950 | CORVETTE-19 | NBGGD9C04 | L, U, TH, CT, RS, P | 23465955 | CORVETTE-20 | NBGGD9C04 | L, U, TH, RS, P | 23465951 | CORVETTE-21 | NBGGD9C04 | L, U, TH, CT, P | 23465954 | CORVETTE-22 | YGOG20TB1 | L, U, T, H, RS, P | 13536982 | CORVETTE-23 | YGOG20TB1 | L, U, T, H, RS, P | 13538851 | CORVETTE-24 | YGOG20TB1 | L, U, T, H, CT, RS, P | 13538853 | CORVETTE-25 | 13538855 | CORVETTE-26 | 13538856 | CORVETTE-27 | YG0G20TB1 | L, U, P, H, T, C, RS | 13538852 13547762, 13554499 | CORVETTE-4 | ABO0216T | L, U, T, P | 10432147 | CORVETTE-5 | ABO0216T | L, U, T, P | 10253839 | CORVETTE-7 | M3N5WY7777A | L, U, T, P | 25926479, 25926478, 25926480 | CORVETTE-9 | M3N5WY7777A | L, U, T, P | 25926480, 25926478, 25926479 | DART-1 | M3N-32297100 | L, U, T, P | 56046771AA | DART-2 | M3N32297100(433) | L, U, RS, P | 56046773AA | DART-3 | M3N-32297100 | L, U, T, RS, P | 56046773AA, 56046773AB | DAT17T13 | 57497FG080, 57497SC010, | DAT17T13, SR9-PT"
FIAT-1,FIAT,RX2TRF198; 2ADPXTRF198,"L, U, T",68091228AD; 68091228AC; 68091228AB; 68091228AA,,catalog label extraction - review,"RX2TRF198, 2ADPXTRF198 | L, U, T | 68091228AD, 68091228AC, | 68091228AB, 68091228AA"
FIAT-3,FIAT,M3N-40821302,"L, U, RS, P",6DB91LXHCA; 6AP39LXHAA; 6DB91LXHAA,,catalog label extraction - review,"M3N-40821302 | L, U, RS, P | 6DB91LXHCA, 6AP39LXHAA, | 6DB91LXHAA, 6VM37DX9AA | --- PAGE BREAK ---"
FIAT-4,FIAT,WAZSKE13D01,"L, U, TH, P",68314449CA; 68314449AA,,catalog label extraction - review,"WAZSKE13D01 | L, U, TH, P | 68314449CA, 68314449AA"
FIAT-5,FIAT,WAZSKE13D02,"L, U, TH, P",68158121AA; 68158121AB; 68158121AC; 68043894AA; 68043894AB; 68043894AC; 56046736AA; 56046736AB; 56046736AC; 5026309AB; 5026309AC; 5026309AD; 5026346AB; 5026346AC; 5026346AD; 68051666AB; 68051666AC; 68051666AD; 56046735AA; 56046735AB; 56046735AC; 5026100AB; 5026100AC; 5026100AD; 68058346AC; 68058346AD; 05026323AF; 5026378AG; 5026378AH; 5026378AI; 5026334AC; 68044063AA; 68044063AB; 5026098AD; 56046704AA; 56046704AB; 5026197AB; 5026197AC; 5026197AD; 5026542AB; 5026542AC; 5026542AD; 5026315AC; 5026886AF; 5026886AG; 05026457AJ; 5026457AF; 5026457AG; 5026623AA; 56046713AA; 56046713AB; 05026099AF; 5026099AB; 5026099AC; 5026198AB; 5026198AC; 5026198AD; 5026537AB; 5026537AC; 5026537AD; 56046953AC; 56046953AD; 56046953AE; 56046955AC; 56046955AD; 56046955AE; 68159654AB; 68159654AC; 68159654AD; 68159655AB; 68159655AC; 68159655AD; 68105081AB; 68105081AC; 68105081AD; 68105083AB; 68105083AC; 68105083AD; 56046638AA; 56046638AB; 56046638AC; 56046639AA; 56046639AB; 56046639AC; 56046734AA; 56046734AB; 56046734AC; 7B0959754AE; 7B0959754AP; 7B0959754C; 7B0959754AH; 7B0959754AN; 7B0959754B; 7B0959754AD; 7B0959754AF; 7B0959754D,,catalog label extraction - review,"WAZSKE13D02 | L, U, TH, P | FOBIK-2050 | IYZ-C01C | L, U, P | 68158121AE, 68158121AA, | 68158121AB, 68158121AC, | 68158121AD | FOBIK-2051 | IYZ-C01C | L, U, G, P | 68066848AF, 68043894AA, | 68043894AB, 68043894AC, | Scan for More | FOBIK-2052 | IYZ-C01C | L, U, RS, P | 56046736AH, 56046736AA, | 56046736AB, 56046736AC, | Scan for More | FOBIK-2053 | IYZ-C01C | L, U, G, RS, P | 68066849AF, 5026309AB, | 5026309AC, 5026309AD, Scan | for More | FOBIK-2054 | IYZ-C01C | L, U, H, G, P | 68066841AF, 5026346AB, | 5026346AC, 5026346AD, Scan | for More | FOBIK-2055 | IYZ-C01C | L, U, H, G, RS, P | 68051666AI, 68051666AB, | 68051666AC, 68051666AD, | Scan for More | FOBIK-2056 | IYZ-C01C | L, U, H, RS, P | 56046735AH, 56046735AA, | 56046735AB, 56046735AC, | Scan for More | FOBIK-2100 | IYZ-C01C | L, U, P | 05026100AG,5026100AB, | 5026100AC, 5026100AD, Scan | for More | FOBIK-2101 | IYZ-C01C | L, U, T, P | 68058346AH, 68058346AC, | 68058346AD, 05026323AF, | Scan for More | FOBIK-2102 | IYZ-C01C | L, U, RS, P | 5026378AN, 5026378AG, | 5026378AH, 5026378AI, Scan | for More | FOBIK-2103 | IYZ-C01C | L, U, T, RS, P | 68058348AH, 5026334AC, | 68044063AA, 68044063AB, | Scan for More | FOBIK-2104 | IYZ-C01C | L, U, SD, SD, P | FOBIK-2105 | IYZ-C01C | L, U, G, SD, SD, P | 56046704AG, 5026098AD, | 56046704AA, 56046704AB, | Scan for More | FOBIK-2106 | IYZ-C01C | L, U, G, SD, SD, RS, P | 56046708AG, 5026197AB, | 5026197AC, 5026197AD, Scan | for More | FOBIK-2150 | IYZ-C01C | L, U, P | 05026542AI, 5026542AB, | 5026542AC, 5026542AD, Scan | for More | FOBIK-2151 | IYZ-C01C | L, U, T, P | 5026886AK, 5026315AC, | 5026886AF, 5026886AG, Scan | for More | FOBIK-2152 | IYZ-C01C | L, U, RS, P | 05026378AN,5026378AG, | 5026378AH, 5026378AI, Scan | for More | FOBIK-2153 | IYZ-C01C | L, U, T, RS, P | 05026457AL, 05026457AJ, | 5026457AF, 5026457AG, Scan | for More | FOBIK-2154 | IYZ-C01C | L, U, SD, SD, P | 56046713AG, 5026623AA, | 56046713AA, 56046713AB, | Scan for More | FOBIK-2155 | IYZ-C01C | L, U, G, SD, SD, P | 56046705AG, 05026099AF, | 5026099AB, 5026099AC, Scan | for More | FOBIK-2156 | IYZ-C01C | L, U, G, SD, SD, RS, P | 56046709AG, 5026198AB, | 5026198AC, 5026198AD, Scan | for More | FOBIK-2157 | IYZ-C01C | L, U, H, RS, P | 5026537AI, 5026537AB, | 5026537AC, 5026537AD, Scan | for More | FOBIK-2200 | GQ4-53T | L, U, P | 68508720AA,56046953AC, | 56046953AD, 56046953AE, | Scan for More | FOBIK-2201 | GQ4-53T | L, U, RS, P | 68508721AA, 56046955AC, | 56046955AD, 56046955AE, | Scan for More | FOBIK-2202 | GQ4-53T | L, U, AS, P | 68521302AA, 68159654AB, | 68159654AC, 68159654AD, | Scan for More | FOBIK-2203 | GQ4-53T | L, U, AS, RS, P | 68521303AA, 68159655AB, | 68159655AC, 68159655AD, | Scan for More | FOBIK-2204 | GQ4-53T | L, U, P | 68508731AA, 68105081AB, | 68105081AC, 68105081AD, | Scan for More | FOBIK-2205 | GQ4-53T | L, U, RS, P | 68508732AA, 68105083AB, | 68105083AC, 68105083AD, | Scan for More | FOBIK-2250 | IYZ-C01C | L, U, P | 56046638AG, 56046638AA, | 56046638AB, 56046638AC, | Scan for More | FOBIK-2251 | IYZ-C01C | L, U, RS, P | 56046639AG, 56046639AA, | 56046639AB, 56046639AC, | Scan for More | FOBIK-2252 | IYZ-C01C | L, U, G, P | 56046734AH,56046734AA, | 56046734AB, 56046734AC, | Scan for More | FOBIK-2300 | IYZ-C01C | L, U, P | 7B0959754BA, 7B0959754AE, | 7B0959754AP, 7B0959754C, | Scan for More | FOBIK-2301 | IYZ-C01C | L, U, G, SD, SD, RS, P | 7B0959754AR, 7B0959754AL | FOBIK-2302 | IYZ-C01C | L, U, SD, SD, P | 7B0959754AT, 7B0959754AH, | 7B0959754AN, 7B0959754B, | Scan for More | FOBIK-2304 | IYZ-C01C | L, U, G, SD, SD, P | 7B0959754AG, 7B0959754AD, | 7B0959754AF, 7B0959754D"
FORD-743,FORD,CWTWB1U311; CWTWB1U313; CWTWB1U345,"L, U, T, P",3W7Z-15K601-AA,,catalog label extraction - review,"CWTWB1U311, CWTWB1U313, | CWTWB1U345 | L, U, T, P | 3W7Z-15K601-AA"
FORD-746,FORD,CWTWB1U311; CWTWB1U313; CWTWB1U345,"L, U, T, P",3W7Z-15K601-AA,,catalog label extraction - review,"CWTWB1U311, CWTWB1U313, | CWTWB1U345 | L, U, T, P | 3W7Z-15K601-AA"
FORD-748,FORD,CWTWB1U313; CWTWB1U343,"L, U, T, P",3W73-15K601-AA; 3W7Z-15K601-AA; F8AB-15K601-AA,,catalog label extraction - review,"CWTWB1U313, CWTWB1U343 | L, U, T, P | 3W73-15K601-AA, | 3W7Z-15K601-AA, | F8AB-15K601-AA"
FORD-752,FORD,GQ43VT4T,"L, U, P",F6UZ-15K601-AB; F6UZ-15K601-CA,,catalog label extraction - review,"GQ43VT4T | L, U, P | F6UZ-15K601-AB, | F6UZ-15K601-CA"
FORD-756,FORD,GQ43VT4T,"L, U, T, P",F5DZ-15K601-B,,catalog label extraction - review,"GQ43VT4T | L, U, T, P | F5DZ-15K601-B"
FORD-759,FORD,CWTWB1U511; CWTWB1U551,"L, U, SD, SD, P",3F2T-15K601-AA; 3F2T-15K601-AB; 3F2Z-15K601-AA; XF2T-15K601-AA,,catalog label extraction - review,"CWTWB1U511, CWTWB1U551 | L, U, SD, SD, P | 3F2T-15K601-AA, | 3F2T-15K601-AB, | 3F2Z-15K601-AA, | XF2T-15K601-AA"
FORD-760,FORD,CWTWB1U331; CWTWB1U322; CWTWB1U345; OUCD6000022,"L, U, P",8L3Z-15K601-B; 2L3Z-15K601-AB,,catalog label extraction - review,"CWTWB1U331, CWTWB1U322, | CWTWB1U345, OUCD6000022 | L, U, P | 8L3Z-15K601-B, | 2L3Z-15K601-AB, Scan for More"
FORD-761,FORD,CWTWB1U331; CWTWB1U322; CWTWB1U345; OUCD6000022,"L, U, T, P",8S4Z-15K601-A; F8DB-15K601-BA,,catalog label extraction - review,"CWTWB1U331, CWTWB1U322, | CWTWB1U345, OUCD6000022 | L, U, T, P | 8S4Z-15K601-A, | F8DB-15K601-BA, Scan for | More"
FORD-765,FORD,CWTWB1U511; CWTWB1U551,"L, U, H, G, P",7L1Z-15K601-AA; 2L7T-15K601-CB; 3L7T-15K601-AA; 3L7T-15K601-AB,,catalog label extraction - review,"CWTWB1U511, CWTWB1U551 | L, U, H, G, P | 7L1Z-15K601-AA, | 2L7T-15K601-CB, | 3L7T-15K601-AA, | 3L7T-15K601-AB"
FORD-766,FORD,GQ43VT4T,"L, U, T, P",F5DZ-15K601-B,,catalog label extraction - review,"GQ43VT4T | L, U, T, P | F5DZ-15K601-B"
FORD-771,FORD,KOBUTA3T,"L, U, P",1F5Z-15K601-AA,,catalog label extraction - review,"KOBUTA3T | L, U, P | 1F5Z-15K601-AA"
FORD-774,FORD,GQ43VT8T,"L, U, P",F6XZ-15K601-AC; 28268-1B010,,catalog label extraction - review,"GQ43VT8T | L, U, P | F6XZ-15K601-AC, 28268-1B010"
FORD-782,FORD,CWTWB1U511; CWTWB1U551,"L, U, H, G, P",7L1Z-15K601-AA; 2L7T-15K601-CB; 3L7T-15K601-AA; 3L7T-15K601-AB,,catalog label extraction - review,"CWTWB1U511, CWTWB1U551 | L, U, H, G, P | 7L1Z-15K601-AA, | 2L7T-15K601-CB, | 3L7T-15K601-AA, | 3L7T-15K601-AB"
FORD-791,FORD,GQ43VT4T,"L, U, P",,,catalog label extraction - review,"GQ43VT4T | L, U, P"
FORD-804,FORD,,"L, U",7L5Z-19G364-AA; BE8Z-19G364-A,,catalog label extraction - review,"GOH-PCMINI | L, U | 7L5Z-19G364-AA, | BE8Z-19G364-A"
FORD-807,FORD,M3N-A2C931426,"L, U, H, RS, P",164-R8322; 5943671,,catalog label extraction - review,"M3N-A2C931426 | L, U, H, RS, P | 164-R8322, 5943671"
FORD-808,FORD,CWTWB1U0009,"L, U, T",GB5Z-15K601-C; GB5T-15K601-FA,,catalog label extraction - review,"CWTWB1U0009 | L, U, T | GB5Z-15K601-C, | GB5T-15K601-FA"
FORD-809,FORD,M3N-A2C931423,"L, U, H, P",164-R8287; 5940277,,catalog label extraction - review,"M3N-A2C931423 | L, U, H, P | 164-R8287, 5940277"
FORD-810,FORD,M3N-A2C931426,"L, U, H, RS, P",164-R8288; 5940278,,catalog label extraction - review,"M3N-A2C931426 | L, U, H, RS, P | 164-R8288, 5940278"
FORD-812,FORD,M3N-A2C931423,"L, U, T, P",164-R8246; 5938443,,catalog label extraction - review,"M3N-A2C931423 | L, U, T, P | 164-R8246, 5938443"
FORD-814,FORD,OUCD6000022,"L, U, T, P",,,catalog label extraction - review,"OUCD6000022 | L, U, T, P"
FORD-818,FORD,M3N-A2C931426,"L, U, T, RS, P",,,catalog label extraction - review,"M3N-A2C931426 | L, U, T, RS, P"
FORD-820,FORD,CWTWB1U331; CWTWB1U322; CWTWB1U345; OUCD6000022,"L, U, T, P",8S4Z-15K601-A; F8DB-15K601-BA; F87B-15K601-BA,,catalog label extraction - review,"CWTWB1U331, CWTWB1U322, | CWTWB1U345, OUCD6000022 | L, U, T, P | 8S4Z-15K601-A, | F8DB-15K601-BA, | F87B-15K601-BA, Scan for More | --- PAGE BREAK ---"
FORD-822,FORD,M3N-A3C108397,"L, U, RS, TG, P",164-R8330; 5944048,,catalog label extraction - review,"M3N-A3C108397 | L, U, RS, TG, P | 164-R8330, 5944048"
FORD-823,FORD,M3N-A2C13601900,"L, U, T, RS, P",164-R8315; 5943025,,catalog label extraction - review,"M3N-A2C13601900 | L, U, T, RS, P | 164-R8315, 5943025"
FORD-825,FORD,M3N-A3C108397 164-R8346,,,,catalog label extraction - review,M3N-A3C108397 | 164-R8346
FORD-826,FORD,CWTWB1U331; CWTWBIU331; CWTWB1U322,"L, U, T, P",5912512; 164-R8073; 5913441; 5925871,,catalog label extraction - review,"CWTWB1U331, CWTWBIU331, | CWTWB1U322, Scan for More | L, U, T, P | 5912512, 164-R8073, 5913441, | 5925871"
FORD-827,FORD,CWTWB1U0009,"L, U, P",GB5Z-15K601-A; GB5Z15K601A,,catalog label extraction - review,"CWTWB1U0009 | L, U, P | GB5Z-15K601-A, GB5Z15K601A"
FORD-829,FORD,M3N-A3C108397,"L, U, RS, T, P",164-R8347; 5945957,,catalog label extraction - review,"M3N-A3C108397 | L, U, RS, T, P | 164-R8347, 5945957"
FORD-R7013,FORD,OUC6000022,"L, U, T, P",164-R7013; 164-R7023; 164-R7003; 692813,,catalog label extraction - review,"OUC6000022 | L, U, T, P | 164-R7013, 164-R7023, | 164-R7003, 692813"
FORD-R7014,FORD,CWTWB1U722,"L, U, T, P",164-R7014; 164-R7024; 164-R7004; 692811,,catalog label extraction - review,"CWTWB1U722 | L, U, T, P | 164-R7014, 164-R7024, | 164-R7004, 692811"
FORD-R7015,FORD,CWTWB1U722,"L, U, T, P",164-R7015; 164-R7025; 164-R7005; 693356,,catalog label extraction - review,"CWTWB1U722 | L, U, T, P | 164-R7015, 164-R7025, | 164-R7005, 693356"
FORD-R7016,FORD,OUC6000022,"L, U, P",164-R7016; 164-R7026; 164-R7006; 692813,,catalog label extraction - review,"OUC6000022 | L, U, P | 164-R7016, 164-R7026, | 164-R7006, 692813"
FORD-R7017,FORD,CWTWB1U722,"L, U, P",164-R7017; 164-R7027; 164-R7007; 5904306,,catalog label extraction - review,"CWTWB1U722 | L, U, P | 164-R7017, 164-R7027, | 164-R7007, 5904306"
FORD-R7032,FORD,M3N5WY8406,"L, U, T, P",164-R7032; 5912477,,catalog label extraction - review,"M3N5WY8406 | L, U, T, P | 164-R7032, 5912477"
FORD-R7034,FORD,M3N5WY8406,"L, U, T, P",164-R7034; 5914119,,catalog label extraction - review,"M3N5WY8406 | L, U, T, P | 164-R7034, 5914119"
FORD-R7040,FORD,OUC6000022,"L, U, T, P",164-R7040; 164-R7050; 164-R7060; 5914457,,catalog label extraction - review,"OUC6000022 | L, U, T, P | 164-R7040, 164-R7050, | 164-R7060, 5914457"
FORD-R7041,FORD,OUC6000022,"L, U, T, P",164-R7041; 164-R7051; 164-R7061; 5914460,,catalog label extraction - review,"OUC6000022 | L, U, T, P | 164-R7041, 164-R7051, | 164-R7061, 5914460"
FORD-R7042,FORD,OUC6000022,"L, U, T, P",164-R7042; 164-R7052; 164-R7062; 5914459,,catalog label extraction - review,"OUC6000022 | L, U, T, P | 164-R7042, 164-R7052, | 164-R7062, 5914459"
FORD-R7043,FORD,OUC6000022,"L, U, P",164-R7043; 164-R7053; 164-R7063; 5904306,,catalog label extraction - review,"OUC6000022 | L, U, P | 164-R7043, 164-R7053, | 164-R7063, 5904306"
FORD-R7044,FORD,OUCD6000022,"L, U, P",164-R7044; 164-R7054; 164-R7064,,catalog label extraction - review,"OUCD6000022 | L, U, P | 164-R7044, 164-R7054, | 164-R7064"
FORD-R7976,FORD,CWTWB1U793,"L, U, T, P",164-R7976; 5922964,,catalog label extraction - review,"CWTWB1U793 | L, U, T, P | 164-R7976, 5922964"
FORD-R7986,FORD,N5F-A08TAA,"L, U, T, P",164-R7986; 5924003,,catalog label extraction - review,"N5F-A08TAA | L, U, T, P | 164-R7986, 5924003"
FORD-R7988,FORD,M3N-A2C31227300,"L, U, T, RS",164-R7988; 5923895,,catalog label extraction - review,"M3N-A2C31227300 | L, U, T, RS | 164-R7988, 5923895"
FORD-R7989,FORD,M3N-A2C31243300,"L, U, T, RS, P",164-R7989; 5923896,,catalog label extraction - review,"M3N-A2C31243300 | L, U, T, RS, P | 164-R7989, 5923896"
FORD-R7991,FORD,M3N-A2C31243300,"L, U, T, RS, P",164-R7991; 5923898,,catalog label extraction - review,"M3N-A2C31243300 | L, U, T, RS, P | 164-R7991, 5923898"
FORD-R7995,FORD,M3N5WY8609; M3N5WY8610,"L, U, T, RS, P",164-R7995; 5923790,,catalog label extraction - review,"M3N5WY8609, M3N5WY8610 | L, U, T, RS, P | 164-R7995, 5923790"
FORD-R7996,FORD,CWTWB1U793,"L, U, T, P",164-R7996; 5922051,,catalog label extraction - review,"CWTWB1U793 | L, U, T, P | 164-R7996, 5922051"
FORD-R8000,FORD,CWTWB1U793,"L, U, T, RS, P",164-R8001; 164-R8002; 5921467,,catalog label extraction - review,"CWTWB1U793 | L, U, T, RS, P | 80 BIT VERSION: 164-R8000, | 164-R8001, 164-R8002, | 5921467"
FORD-R8007,FORD,OUC6000022,"L, U, P",164-R8007; 164-R8008; 164-R8009; 5921707; CJ5Z-15K601-B,,catalog label extraction - review,"OUC6000022 | L, U, P | 164-R8007, 164-R8008, | 164-R8009, 5921707, | CJ5Z-15K601-B"
FORD-R8020,FORD,CWTWB1U793,"L, U, T, P",164-R8020; 5921294,,catalog label extraction - review,"CWTWB1U793 | L, U, T, P | 164-R8020, 5921294"
FORD-R8021,FORD,CWTWB1U793,"L, U, T, P",164-R8021; 5921293,,catalog label extraction - review,"CWTWB1U793 | L, U, T, P | 164-R8021, 5921293"
FORD-R8042,FORD,KR55WK47899,"L, U, T",5913139; 5912976,"Blade: 164-R8043, 5912976",catalog label extraction - review,"KR55WK47899 | L, U, T | Fob: 164-R8042, 5913139, | Blade: 164-R8043, 5912976"
FORD-R8046,FORD,OUCD6000022,"L, U, T, P",164-R8046; 164-R8049; 164-R8050 5921709,,catalog label extraction - review,"OUCD6000022 | L, U, T, P | 164-R8046, 164-R8049, | 164-R8050 5921709"
FORD-R8048,FORD,KR55WK48801; KR5876268,"L, U, T",164-R8048; 5919918,,catalog label extraction - review,"KR55WK48801, KR5876268 | L, U, T | 164-R8048, 5919918"
FORD-R8056,FORD,CWTWB1U793,"L, U, T, RS, P",164-R8056; 164-R8057; 164-R8058; 5912496,,catalog label extraction - review,"CWTWB1U793 | L, U, T, RS, P | 164-R8056, 164-R8057, | 164-R8058, 5912496"
FORD-R8064,FORD,CWTWB1U793,"L, U, RS, P",164-R8064; 164-R8065; 164-R8066; 5915218,,catalog label extraction - review,"CWTWB1U793 | L, U, RS, P | 164-R8064, 164-R8065, | 164-R8066, 5915218"
FORD-R8067,FORD,CWTWB1U793,"L, U, P, RS",164-R8064; 5915218,,catalog label extraction - review,"CWTWB1U793 | L, U, P, RS | 164-R8064, 5915218"
FORD-R8070,FORD,CWTWB1U793,"L, U, P",164-R8070; 164-R8071; 164-R8072; 5912560,,catalog label extraction - review,"CWTWB1U793 | L, U, P | 164-R8070, 164-R8071, | 164-R8072, 5912560"
FORD-R8073,FORD,CWTWB1U793; OUC6000022,"L, U, T, P",164-R8073; 164R8073; R8073; 5912512,,catalog label extraction - review,"CWTWB1U793 / OUC6000022 | L, U, T, P | 164-R8073, 164R8073, R8073, | 5912512"
FORD-R8076,FORD,CWTWB1U793,"L, U, P",164-R8076; 164-R8077; 164-R8078; 5915217,,catalog label extraction - review,"CWTWB1U793 | L, U, P | 164-R8076, 164-R8077, | 164-R8078, 5915217"
FORD-R8087,FORD,CWTWB1U793,"L, U, T, P",164-R8087; 5921186,,catalog label extraction - review,"CWTWB1U793 | L, U, T, P | 164-R8087, 5921186"
FORD-R8091,FORD,M3N5WY8609; M3N5WY8610,"L, U, RS, P",164-R8091; 5921285,,catalog label extraction - review,"M3N5WY8609, M3N5WY8610 | L, U, RS, P | 164-R8091, 5921285"
FORD-R8092,FORD,M3N5WY8609; M3N5WY8610,"L, U, T, RS, P",164-R8092; 164-R8094; 164-R8103; 5921286,,catalog label extraction - review,"M3N5WY8609, M3N5WY8610 | L, U, T, RS, P | 164-R8092, 164-R8094, | 164-R8103, 5921286, Scan for | More"
FORD-R8094,FORD,M3N5WY8609; M3N5WY8610,"L, U, T, RS, P",164-R8094; 5921288,,catalog label extraction - review,"M3N5WY8609, M3N5WY8610 | L, U, T, RS, P | 164-R8094, 5921288"
FORD-R8096,FORD,CWTWB1U793,"L, U, T, P",164-R8096; 164-R8097; 164-R8098; 5921295,,catalog label extraction - review,"CWTWB1U793 | L, U, T, P | 164-R8096, 164-R8097, | 164-R8098, 5921295"
FORD-R8100,FORD,KR5876268,"L, U, T",164-R8100; 5931704,,catalog label extraction - review,"KR5876268 | L, U, T | 164-R8100, 5931704"
FORD-R8105,FORD,,"L, U, T, RS",164-R8105; 5925312,,catalog label extraction - review,"L, U, T, RS | 164-R8105, 5925312"
FORD-R8106,FORD,M3N-A2C31243300,"L, U, T, RS, P",164-R8106; 5925313,,catalog label extraction - review,"M3N-A2C31243300 | L, U, T, RS, P | 164-R8106, 5925313"
FORD-R8107,FORD,M3N-A2C31243300,"L, U, T, RS",164-R8107; 5925314,,catalog label extraction - review,"M3N-A2C31243300 | L, U, T, RS | 164-R8107, 5925314"
FORD-R8108,FORD,M3N-A2C31243300,"L, U, RS, P",164-R8108; 5925315,,catalog label extraction - review,"M3N-A2C31243300 | L, U, RS, P | 164-R8108, 5925315"
FORD-R8109,FORD,M3N-A2C31243800; M3N-A2C31243801,"L, U, T, P",164-R8109; 164-R8120; 164-R8139; 164-R8143,,catalog label extraction - review,"M3N-A2C31243800, | M3N-A2C31243801 | L, U, T, P | 164-R8109, 164-R8120, | 164-R8139, 164-R8143, Scan for | More"
FORD-R8110,FORD,,"L, U, T",164-R8110; 5926059,,catalog label extraction - review,"164-R8110 | L, U, T | 164-R8110, 5926059"
FORD-R8111,FORD,M3N-A2C31243800,"L, U, P",164-R8111; 5926057,,catalog label extraction - review,"M3N-A2C31243800 | L, U, P | 164-R8111, 5926057"
FORD-R8115,FORD,M3N-A2C85589900,"L, U, T, RS",164-R8115; 5926052,,catalog label extraction - review,"M3N-A2C85589900 | L, U, T, RS | 164-R8115, 5926052"
FORD-R8116,FORD,M3N-A2C312433; M3N-A2C31243300,"L, U, T, RS, P",164-R8116; 5926053,,catalog label extraction - review,"M3N-A2C312433, | M3N-A2C31243300 | L, U, T, RS, P | 164-R8116, 5926053"
FORD-R8117,FORD,M3N-A2C31243300,"L, U, T, RS, P",164-R8117; 5926054,,catalog label extraction - review,"M3N-A2C31243300 | L, U, T, RS, P | 164-R8117, 5926054"
FORD-R8118,FORD,A2C31244700,"L, U, T, RS",164-R7990; 5923897,,catalog label extraction - review,"A2C31244700 | L, U, T, RS | 164-R7990, 5923897"
FORD-R8119,FORD,M3N-A2C31243300,"L, U, T, RS, P",164-R8119; 5926056,,catalog label extraction - review,"M3N-A2C31243300 | L, U, T, RS, P | 164-R8119, 5926056"
FORD-R8120,FORD,M3N-A2C31243800; M3N-A2C31243801,"L, U, T, P",164-R8120; 5926063,,catalog label extraction - review,"M3N-A2C31243800, | M3N-A2C31243801 | L, U, T, P | 164-R8120, 5926063"
FORD-R8121,FORD,M3N-A2C37754601,"L, U, T",164-R8121; 5926062,,catalog label extraction - review,"M3N-A2C37754601 | L, U, T | 164-R8121, 5926062"
FORD-R8126,FORD,OUCD6000022,"L, U, SD, P",164-R8126; 5925981,,catalog label extraction - review,"OUCD6000022 | L, U, SD, P | 164-R8126, 5925981"
FORD-R8130,FORD,N5F-A08TAA,"L, U, P",164-R8130; 5923667,,catalog label extraction - review,"N5F-A08TAA | L, U, P | 164-R8130, 5923667, | FL3T-15K601-AB | --- PAGE BREAK ---"
FORD-R8134,FORD,N5F-A08TDA,"L, U, RS, P",164-R8134; 5923694; FL3T-15K601-CH,,catalog label extraction - review,"N5F-A08TDA | L, U, RS, P | 164-R8134, 5923694, | FL3T-15K601-CH"
FORD-R8140,FORD,M3N-A2C31243300,"L, U, RS, P",164-R8140; 5928963,,catalog label extraction - review,"M3N-A2C31243300 | L, U, RS, P | 164-R8140, 5928963"
FORD-R8147,FORD,KR5876268,"L, U, T",164-R8147; 5929029,,catalog label extraction - review,"KR5876268 | L, U, T | 164-R8147, 5929029"
FORD-R8149,FORD,M3N-A2C93142600,"L, U, T, RS, P",164-R8149; 5929500,,catalog label extraction - review,"M3N-A2C93142600 | L, U, T, RS, P | 164-R8149, 5929500"
FORD-R8150,FORD,M3N-A2C93142300,"L, U, T, P",164-R8150; 5929506,,catalog label extraction - review,"M3N-A2C93142300 | L, U, T, P | 164-R8150, 5929506"
FORD-R8154,FORD,M3N-A2C94078000,"L, U, T, RS, P",164-R8154; 5929515,,catalog label extraction - review,"M3N-A2C94078000 | L, U, T, RS, P | 164-R8154, 5929515"
FORD-R8155,FORD,M3N-A2C94078000,"L, U, RS, P",164-R8155; 5929516,,catalog label extraction - review,"M3N-A2C94078000 | L, U, RS, P | 164-R8155, 5929516"
FORD-R8156,FORD,M3N-A2C94078000,"L, U, T, RS, P",164-R8156; 5929517,,catalog label extraction - review,"M3N-A2C94078000 | L, U, T, RS, P | 164-R8156, 5929517"
FORD-R8159,FORD,M3N-A2C931423,"L, U, T, P",164-R8159; 5929510,,catalog label extraction - review,"M3N-A2C931423 | L, U, T, P | 164-R8159, 5929510"
FORD-R8162,FORD,M3N-A2C931426,"L, U, T, RS, P",164-R8162; 5929505,,catalog label extraction - review,"M3N-A2C931426 | L, U, T, RS, P | 164-R8162, 5929505"
FORD-R8163,FORD,M3N-A2C93142300,"L, U, P",164-R8163; 5929508,,catalog label extraction - review,"M3N-A2C93142300 | L, U, P | 164-R8163, 5929508"
FORD-R8166,FORD,M3N-A2C93142600,"L, U, T, RS, P",164-R8166; 5929503,,catalog label extraction - review,"M3N-A2C93142600 | L, U, T, RS, P | 164-R8166, 5929503"
FORD-R8182,FORD,M3N-A2C931426; M3N-A2C93142600,"L, U, RS, P",164-R8182; 5933004,,catalog label extraction - review,"M3N-A2C931426, | M3N-A2C93142600 | L, U, RS, P | 164-R8182, 5933004"
FORD-R8185,FORD,M3N-A2C931426; M3N-A2C93142600,"L, U, T, RS, P",164-R8185; 5933019,,catalog label extraction - review,"M3N-A2C931426, | M3N-A2C93142600 | L, U, T, RS, P | 164-R8185, 5933019"
FORD-R8186,FORD,M3N-A2C931426,"L, U, RS, P",164-R8186,,catalog label extraction - review,"M3N-A2C931426 | L, U, RS, P | 164-R8186"
FORD-R8187,FORD,M3N-A2C931423,"L, U, T, P",164-R8187; 5933021,,catalog label extraction - review,"M3N-A2C931423 | L, U, T, P | 164-R8187, 5933021"
FORD-R8189,FORD,N5F-A08TDA,"L, U, RS, P",164-R8189; 5933454,,catalog label extraction - review,"N5F-A08TDA | L, U, RS, P | 164-R8189, 5933454"
FORD-R8197,FORD,M3N-A2C931423,"L, U, H, P",164-R8197; 5933984,,catalog label extraction - review,"M3N-A2C931423 | L, U, H, P | 164-R8197, 5933984"
FORD-R8198,FORD,M3N-A2C931426,"L, U, H, RS, P",164-R8198; 5933985,,catalog label extraction - review,"M3N-A2C931426 | L, U, H, RS, P | 164-R8198, 5933985"
FORD-R8226,FORD,M3N-A2C940780,"L, U, H, RS, P",164-R8226; 5933990,,catalog label extraction - review,"M3N-A2C940780 | L, U, H, RS, P | 164-R8226, 5933990"
FORD-R8233,FORD,M3N-A2C931426,"L, U, T, RS, P",164-R8233; 5938043,,catalog label extraction - review,"M3N-A2C931426 | L, U, T, RS, P | 164-R8233, 5938043"
FORD-R8234,FORD,M3N-A2C931423,"L, U, SD, P",164-R8234; 5938045,,catalog label extraction - review,"M3N-A2C931423 | L, U, SD, P | 164-R8234, 5938045"
FORD-R8236,FORD,N5F-A08TAA,"L, U, SD, P",164-R8236; 164-R8281; 5938098; 5939856,,catalog label extraction - review,"N5F-A08TAA | L, U, SD, P | 164-R8236, 164-R8281, | 5938098, 5939856"
FORD-R8244,FORD,M3N-A2C931426,"L, U, T, RS, P",164-R8244; 5938441,,catalog label extraction - review,"M3N-A2C931426 | L, U, T, RS, P | 164-R8244, 5938441"
FORD-R8246,FORD,M3N-A2C931423,"L, U, T, P",164-R8246; 5938443,,catalog label extraction - review,"M3N-A2C931423 | L, U, T, P | 164-R8246, 5938443"
FORD-R8255,FORD,N5F-A08TAA L,,164-R8255; 5938562,,catalog label extraction - review,"N5F-A08TAA | L, U, SDL, SDU, P | 164-R8255, 5938562"
FORD-R8263,FORD,N5F-A08TDA,"L, U, RS, P",164-R8263; 5942038,,catalog label extraction - review,"N5F-A08TDA | L, U, RS, P | 164-R8263, 5942038"
FORD-R8269,FORD,N5F-A08TAA,"L, U, P",164-R8269; 5939651; JL3V-15K601-FA,,catalog label extraction - review,"N5F-A08TAA | L, U, P | 164-R8269, 5939651, | JL3V-15K601-FA"
FORD-R8275,FORD,M3N-A2C931426,"L, U, T, RS, P",164-R8275; 5938566,,catalog label extraction - review,"M3N-A2C931426 | L, U, T, RS, P | 164-R8275, 5938566"
FORD-R8278,FORD,M3N-A2C931426,"L, U, H, RS, P",164-R8278; 5938568,,catalog label extraction - review,"M3N-A2C931426 | L, U, H, RS, P | 164-R8278, 5938568"
FORD-R8283,FORD,N5F-A08TAA,"L, U, P",164-R8283; 5939702; PT-15K601-FA,,catalog label extraction - review,"N5F-A08TAA | L, U, P | 164-R8283, | 5939702,PT-15K601-FA"
FORD-R8295,FORD,M3N-A2C931423,"L, U, P",164-R8295; 5940319,,catalog label extraction - review,"M3N-A2C931423 | L, U, P | 164-R8295, 5940319"
FORD-R8297,FORD,M3N-A2C931426,"L, U, RS, P",164-R8297; 5940321,,catalog label extraction - review,"M3N-A2C931426 | L, U, RS, P | 164-R8297, 5940321"
FORD-R8303,FORD,M3N-A3C054338,"L, U, H, P",164-R8303; 5943999,,catalog label extraction - review,"M3N-A3C054338 | L, U, H, P | 164-R8303, 5943999"
FORD-R8304,FORD,M3N-A3C054338,"L, U, TG, H, P",164-R8304; 5944000,,catalog label extraction - review,"M3N-A3C054338 | L, U, TG, H, P | 164-R8304, 5944000"
FORD-R8310,FORD,M3N-A2C931423,"L, U, H, P",164-R8310; 5942083,,catalog label extraction - review,"M3N-A2C931423 | L, U, H, P | 164-R8310, 5942083"
FORD-R8319,FORD,M3N-A2C931423,"L, U, T, P",164-R8319; 5942314,,catalog label extraction - review,"M3N-A2C931423 | L, U, T, P | 164-R8319, 5942314"
FORD-R8320,FORD,M3N-A3C054339,"L, U, H, RS, P",164-R8320; 5943669,,catalog label extraction - review,"M3N-A3C054339 | L, U, H, RS, P | 164-R8320, 5943669"
FORD-R8322,FORD,M3N-A3C054339 L,,164-R8322; 5943671,,catalog label extraction - review,"M3N-A3C054339 | L, U, LG, RS, P | 164-R8322, 5943671"
FORD-R8324,FORD,M3N-A3C054339,"L, U, T, RS, P",164-R8324; 5943674,,catalog label extraction - review,"M3N-A3C054339 | L, U, T, RS, P | 164-R8324, 5943674"
FORD-R8326,FORD,M3N-A3C054338 164-R8326,,,,catalog label extraction - review,"M3N-A3C054338 | 164-R8326, 5943673"
FORD-R8330,FORD,M3N-A3C108397,"L, U, RS, TG, P",164-R8330; 5944048,,catalog label extraction - review,"M3N-A3C108397 | L, U, RS, TG, P | 164-R8330, 5944048"
FORD-R8334,FORD,N5F-A08TBLP,"L, U, P",164-R8334; 5945864,,catalog label extraction - review,"N5F-A08TBLP | L, U, P | 164-R8334, 5945864"
FORD-R8337,FORD,N5F-A08TBLP,"L, U, RS, P",164-R8337; 5945868,,catalog label extraction - review,"N5F-A08TBLP | L, U, RS, P | 164-R8337, 5945868"
FORD-R8340,FORD,M3N-A2C931426,"L, U, RS, P",164-R8340,,catalog label extraction - review,"M3N-A2C931426 | L, U, RS, P | 164-R8340"
FORD-R8351,FORD,M3N-A3C108397,"L, U, RS, H, P",164-R8351; 5945995,,catalog label extraction - review,"M3N-A3C108397 | L, U, RS, H, P | 164-R8351, 5945995"
FORD-R8354,FORD,M3N-A3C108397,"L, U, H, P",164-R8354; 5946045,,catalog label extraction - review,"M3N-A3C108397 | L, U, H, P | 164-R8354, 5946045"
FORD-R8355,FORD,M3N-A3C108397 164-R8355,,,,catalog label extraction - review,"M3N-A3C108397 | 164-R8355, 5946046"
FORD-R8359,FORD,N5F-A08TBLP,"L, U, P",164-R8359; 5946077,,catalog label extraction - review,"N5F-A08TBLP | L, U, P | 164-R8359, 5946077"
GM-1002,GM,YG0G21TB2,"L, U, P",13537966,,catalog label extraction - review,"YG0G21TB2 | L, U, P | 13537966"
GM-1004,GM,HYQ4AA L,,13532747,,catalog label extraction - review,"HYQ4AA | L, U, RH, RS, P | 13532747"
GM-1005,GM,YG0G21TB2,"L, U, TG, P",13548439,,catalog label extraction - review,"YG0G21TB2 | L, U, TG, P | 13548439"
GM-562,GM,ABO0204T,"L, U",10245950,,catalog label extraction - review,"ABO0204T | L, U | 10245950"
GM-565,GM,ABO1502T,"L, U",16245100-29; 16245102,,catalog label extraction - review,"ABO1502T | L, U | 16245100-29, 16245102"
GM-568,GM,ABO1502T L; R2X (T,,16245100-29; 16245103; 16245105,,catalog label extraction - review,"ABO1502T | L, U, R2X (T/H) | 16245100-29, 16245103, | 16245105"
GM-572,GM,KOBUT1BT,"L, U, P",15732803; 15732805,,catalog label extraction - review,"KOBUT1BT | L, U, P | 15732803, 15732805"
GM-575,GM,LHJ011,"L, U, P",10377295; 15132197; 15132198; 15186200,,catalog label extraction - review,"LHJ011 | L, U, P | 10377295, 15132197, 15132198, | 15186200, Scan for More"
GM-578,GM,MYT3X6898B,"L, U, P",15008008; 15008009; 15051014; 15051015,,catalog label extraction - review,"MYT3X6898B | L, U, P | 15008008, 15008009, 15051014, | 15051015, 81505 10140"
GM-581,GM,KOBLEAR1XT,"L, U, P",15042968,,catalog label extraction - review,"KOBLEAR1XT | L, U, P | 15042968, 15184353 | --- PAGE BREAK ---"
GM-585,GM,KOBUT1BT,"L, U, T, P",15732805; 25628814; 25656444; 25656445,,catalog label extraction - review,"KOBUT1BT | L, U, T, P | 15732805, 25628814, 25656444, | 25656445, Scan for More"
GM-588,GM,KOBLEAR1XT,"L, U, T, P",10443537; 15043458; 15184352; 15184353; 15752330,,catalog label extraction - review,"KOBLEAR1XT | L, U, T, P | 10443537, 15043458, 15184352, | 15184353, 15752330, Scan for | More"
GM-592,GM,ABO0204T,"L, U, T, P",10246215,,catalog label extraction - review,"ABO0204T | L, U, T, P | 10246215"
GM-595,GM,ABO1502T,"L, U, T, P",16207901-5; 16245100; 16245100-29,,catalog label extraction - review,"ABO1502T | L, U, T, P | 16207901-5, 16245100, | 16245100-29"
GM-600,GM,LHJ009,"L, U, T, P",22692190; 24401698,,catalog label extraction - review,"LHJ009 | L, U, T, P | 22692190, 24401698"
GM-603,GM,N5F-736566-A,"L, U, T, P",22675165,,catalog label extraction - review,"N5F-736566-A | L, U, T, P | 22675165"
GM-605,GM,LHJ009,"L, U, P",22693421,,catalog label extraction - review,"LHJ009 | L, U, P | 22693421"
GM-608,GM,KOBLEAR1XT,"L, U, T, P",10443537; 15043458; 15184352; 15184353; 15752330,,catalog label extraction - review,"KOBLEAR1XT | L, U, T, P | 10443537, 15043458, 15184352, | 15184353, 15752330, Scan for | More"
GM-611,GM,ABO0204T,"L, U, T",10246216,,catalog label extraction - review,"ABO0204T | L, U, T | 10246216"
GM-614,GM,ABO0204T,"L, U, SD, P",10245953,,catalog label extraction - review,"ABO0204T | L, U, SD, P | 10245953"
GM-617,GM,ABO0204T,"L, U, P",10245952,,catalog label extraction - review,"ABO0204T | L, U, P | 10245952"
GM-620,GM,ABO0204T,"L, U, SD",10245951,,catalog label extraction - review,"ABO0204T | L, U, SD | 10245951"
GM-623,GM,L2C0007T,"L, U",10335585,,catalog label extraction - review,"L2C0007T | L, U | 10335585"
GM-626,GM,L2C0007T,"L, U, P",10335583,,catalog label extraction - review,"L2C0007T | L, U, P | 10335583"
GM-629,GM,L2C0007T,"L, U, T, P",10335582; 10335588,,catalog label extraction - review,"L2C0007T | L, U, T, P | 10335582, 10335588"
GM-635,GM,OUC60221; OUC60270,"L, U, H, P",15857835; 15913416; 15916015; 20869054,,catalog label extraction - review,"OUC60221, OUC60270 | L, U, H, P | 15857835, 15913416, 15916015, | 20869054, Scan for More"
GM-655,GM,OUC60221; OUC60270,"L, U, H, RS, P",15857839; 15913415; 15916016; 20869053,,catalog label extraction - review,"OUC60221, OUC60270 | L, U, H, RS, P | 15857839, 15913415, 15916016, | 20869053, Scan for More"
GM-658,GM,OUC60221; OUC60270,"L, U, H, G, P",15913418,,catalog label extraction - review,"OUC60221, OUC60270 | L, U, H, G, P | 15913418"
GM-661,GM,OUC60221; OUC60270,"L, U, H, G, RS, P",15857836; 15913418; 15913427; 22756462; 22951510,,catalog label extraction - review,"OUC60221, OUC60270 | L, U, H, G, RS, P | 15857836, 15913418, 15913427, | 22756462, 22951510"
GM-664,GM,KOBGT04A,"L, U, RS, P",15114374; 5927410,,catalog label extraction - review,"KOBGT04A | L, U, RS, P | 15114374, 5927410"
GM-667,GM,L2C0007T,"L, U, SD",10335584,,catalog label extraction - review,"L2C0007T | L, U, SD | 10335584"
GM-670,GM,L2C0007T,"L, U, SD, P",10335586,,catalog label extraction - review,"L2C0007T | L, U, SD, P | 10335586"
GM-673,GM,L2C0007T,"L, U, SD, SD, P",10335587,,catalog label extraction - review,"L2C0007T | L, U, SD, SD, P | 10335587"
GM-676,GM,KOBGT04A,"L, U, SD, P",15100812,,catalog label extraction - review,"KOBGT04A | L, U, SD, P | 15100812"
GM-679,GM,KOBGT04A,"L, U, SD, P",15788021,,catalog label extraction - review,"KOBGT04A | L, U, SD, P | 15788021"
GM-682,GM,KOBGT04A,"L, U, SD, RS, P",15114375,,catalog label extraction - review,"KOBGT04A | L, U, SD, RS, P | 15114375"
GM-685,GM,KOBGT04A,"L, U, SD, SD, P",15788020,,catalog label extraction - review,"KOBGT04A | L, U, SD, SD, P | 15788020"
GM-688,GM,KOBGT04A,"L, U, SD, SD, RS, P",15114376,,catalog label extraction - review,"KOBGT04A | L, U, SD, SD, RS, P | 15114376"
GM-691,GM,OUC60221; OUC60270,"L, U, P",15913420; 20669056; 20868852; 20869056,,catalog label extraction - review,"OUC60221, OUC60270 | L, U, P | 15913420, 20669056, 20868852, | 20869056, Scan for More"
GM-694,GM,KOBGT04A,"L, U, T, P",15252034; 5927408,,catalog label extraction - review,"KOBGT04A | L, U, T, P | 15252034, 5927408"
GM-697,GM,OUC60221; OUC60270,"L, U, RS, P",15913421; 20868672; 20952474; 22759546,,catalog label extraction - review,"OUC60221, OUC60270 | L, U, RS, P | 15913421, 20868672, 20952474, | 22759546, Scan for More"
GM-700,GM,KOBGT04A,"L, U, T, P",22733523; 5931853,,catalog label extraction - review,"KOBGT04A | L, U, T, P | 22733523, 5931853"
GM-703,GM,KOBGT04A,"L, U, P",15100811,,catalog label extraction - review,"KOBGT04A | L, U, P | 15100811"
GM-706,GM,OUC60221; OUC60270,"L, U, T, P",10337866; 15859329; 15912859; 20833561; 20935330; 22952177; 5913427; 5922032,,catalog label extraction - review,"OUC60221, OUC60270 | L, U, T, P | 10337866, 15859329, 15912859, | 20833561, 20935330, 22952177, | 5913427, 5922032"
GM-709,GM,KOBGT04A,"L, U, P",15777636; 5927411,,catalog label extraction - review,"KOBGT04A | L, U, P | 15777636, 5927411"
GM-712,GM,OUC60221; OUC60270,"L, U, T, RS, P",10337867; 15859331; 15912860; 20833562,,catalog label extraction - review,"OUC60221, OUC60270 | L, U, T, RS, P | 10337867, 15859331, 15912860, | 20833562, Scan for More"
GM-715,GM,KOBGT04A,"L, U, T, RS, P",22733524; 5927407,,catalog label extraction - review,"KOBGT04A | L, U, T, RS, P | 22733524, 5927407"
GM-721,GM,N5F-250738,"L, U, T, P",10357131,,catalog label extraction - review,"N5F-250738 | L, U, T, P | 10357131"
GM-723,GM,KOBLEAR1XT,"L, U, T, P",10443537; 15043458; 15184352; 15184353,,catalog label extraction - review,"KOBLEAR1XT | L, U, T, P | 10443537, 15043458, 15184352, | 15184353, Scan for More"
GM-727,GM,KOBGT04A,"L, U, SD, SD, P",15100813,,catalog label extraction - review,"KOBGT04A | L, U, SD, SD, P | 15100813"
GM-736,GM,MYT3X6898B,"L, U, G, P",15772899; 15772900,,catalog label extraction - review,"MYT3X6898B | L, U, G, P | 15772899, 15772900"
GM-739,GM,LHJ011,"L, U, T, P",22707268,,catalog label extraction - review,"LHJ011 | L, U, T, P | 22707268"
GM-742,GM,OUC60221; OUC60270 L,,15883405; 20877108,,catalog label extraction - review,"OUC60221, OUC60270 | L, U, CD, P | 15883405, 20877108"
GM-748,GM,,"L, U, T, P",12495653,,catalog label extraction - review,"EZSOEMTX | L, U, T, P | 12495653"
GM-751,GM,KOBLEAR1XT L,,15752330,,catalog label extraction - review,"KOBLEAR1XT | L, U, CD, P | 15752330"
GM-772,GM,OHT-01060512; V2T-01060512,"L, U, P",20835406; 20873621; 20873627; 20934736,,catalog label extraction - review,"OHT-01060512, V2T-01060512 | L, U, P | 20835406, 20873621, 20873627, | 20934736, Scan for More"
GM-775,GM,OHT01060512; V2T01060512; V2T01060514; AVL-B01T1AC; AVL-B01T2AC,"L, U, T, P",13500227; 13504200; 13501913; 13500222,,catalog label extraction - review,"OHT01060512, V2T01060512, | V2T01060514, AVL-B01T1AC, | AVL-B01T2AC | L, U, T, P | 13500227, 13504200, 13501913, | 13500222, Scan for More"
GM-778,GM,OHT05918179; P4O9MK74946931,"L, U, T, P",13500318; STRATTEC: 5921872,,catalog label extraction - review,"OHT05918179, | P4O9MK74946931 | L, U, T, P | 13500318, STRATTEC: 5921872"
GM-781,GM,OHT01060512,"L, U, T, RS, P",13504199; 23335584; 13579228; 23465184,,catalog label extraction - review,"OHT01060512 | L, U, T, RS, P | 13504199, 23335584, 13579228, | 23465184, Scan for More"
GM-784,GM,OHT01060512; OHT05918179; P4O9MK74946931,"L, U, T, RS, P",13500319; 13500224; 13504202; 13584829,,catalog label extraction - review,"OHT01060512, OHT05918179, | P4O9MK74946931 | L, U, T, RS, P | 13500319, 13500224, 13504202, | 13584829, Scan for More"
GM-788,GM,P4O9MK74946931,"L, U, RS, P",,,catalog label extraction - review,"P4O9MK74946931 | L, U, RS, P | Chevy"
GM-789,GM,OHT01060512,"L, U, RS, P",20873620; 20835404; 20873622,,catalog label extraction - review,"OHT01060512 | L, U, RS, P | 20873620, 20835404, 20873622"
GM-790,GM,OHT01060512; V2T01060512; V2T01060514; AVL-B01T1AC; AVL-B01T2AC,"L, U, T, P",13500227; 13504205; 5912555,,catalog label extraction - review,"OHT01060512, V2T01060512, | V2T01060514, AVL-B01T1AC, | AVL-B01T2AC | L, U, T, P | 13500227, 13504205, 5912555"
GM-791,GM,OHT05918179; P4O9MK74946931,"L, U, T, P",13504283; 13500318; 13586120,,catalog label extraction - review,"OHT05918179, | P4O9MK74946931 | L, U, T, P | 13504283, 13500318, 13586120, | Scan for More"
GM-792,GM,OHT01060512; V2T01060512 (Non-Prox),"L, U, RS, P",,(Non-Prox),catalog label extraction - review,"OHT01060512 / V2T01060512 | (Non-Prox) | L, U, RS, P"
GM-796,GM,OHT01060512; OHT05918179; P4O9MK74946931,"L, U, T, RS, P",13504202; 13500224; 13500319,,catalog label extraction - review,"OHT01060512, OHT05918179, | P4O9MK74946931 | L, U, T, RS, P | 13504202, 13500224, 13500319, | Scan for More"
GM-799,GM,OHT-01060512; V2T-01060512,"L, U, P",20835402; 20873623; 20934738; 5913596,,catalog label extraction - review,"OHT-01060512, V2T-01060512 | L, U, P | 20835402, 20873623, 20934738, | 5913596"
GM-800,GM,OHT01060512; V2T01060512; V2T01060514; AVL-B01T1AC; AVL-B01T2AC,"L, U, T, P",5912543; 13500227; 13504200,,catalog label extraction - review,"OHT01060512, V2T01060512, | V2T01060514, AVL-B01T1AC, | AVL-B01T2AC | L, U, T, P | 5912543, 13500227, 13504200"
GM-802,GM,OHT-01060512; V2T-01060512,"L, U, RS, P",20835400,,catalog label extraction - review,"OHT-01060512, V2T-01060512 | L, U, RS, P | 20835400, 20873622 | --- PAGE BREAK ---"
GM-805,GM,OHT01060512; V2T01060512; V2T01060514; AVL-B01T1AC; AVL-B01T2AC,"L, U, T, RS, P",13504199; 5912545; 13500221; 23335584,,catalog label extraction - review,"OHT01060512, V2T01060512, | V2T01060514, AVL-B01T1AC, | AVL-B01T2AC | L, U, T, RS, P | 13504199, 5912545, 13500221, | 23335584"
GM-806,GM,OHT05918179; P4O9MK74946931,"L, U, ECC, RS, P",22923862; 22755321; 22755323; 22755325,,catalog label extraction - review,"OHT05918179, | P4O9MK74946931 | L, U, ECC, RS, P | 22923862, 22755321, 22755323, | 22755325"
GM-807,GM,KR55WK50073,"L, U, P",13579221,,catalog label extraction - review,"KR55WK50073 | L, U, P | 13579221"
GM-808,GM,KR55WK50073,"L, U, T, P",13586120; 13586489,,catalog label extraction - review,"KR55WK50073 | L, U, T, P | 13586120, 13586489"
GM-809,GM,KR55WK50073,"L, U, RS, P",13575177,,catalog label extraction - review,"KR55WK50073 | L, U, RS, P | 13575177"
GM-810,GM,KR55WK50073,"L, U, T, RS, P",13575178; 13585386; 13585688; 13586121,,catalog label extraction - review,"KR55WK50073 | L, U, T, RS, P | 13575178, 13585386, 13585688, | 13586121, Scan for More"
GM-812,GM,IT7RK950NAT,"L, U",,,catalog label extraction - review,"IT7RK950NAT | L, U"
GM-814,GM,VQQRK960NAT,"L, U, P",95960310,,catalog label extraction - review,"VQQRK960NAT | L, U, P | 95960310"
GM-815,GM,VQQRK960NAT With Chip,"L, U, P",95960293,VQQRK960NAT With Chip,catalog label extraction - review,"VQQRK960NAT With Chip | L, U, P | 95960293"
GM-816,GM,VQQRK960NAT,"L, U, T",95960309,,catalog label extraction - review,"VQQRK960NAT | L, U, T | 95960309"
GM-817,GM,VQQRK960NAT WITH CHIP,"L, U, T",95960310,VQQRK960NAT WITH CHIP,catalog label extraction - review,"VQQRK960NAT WITH CHIP | L, U, T | 95960310"
GM-818,GM,IT7RK700NR,"L, U",96405731,,catalog label extraction - review,"IT7RK700NR | L, U | 96405731"
GM-819,GM,IT7RK700NR,"L, U",96650603,,catalog label extraction - review,"IT7RK700NR | L, U | 96650603"
GM-821,GM,N5F736744-A,"L, U",3248A-73674A; 94-701-419,,catalog label extraction - review,"N5F736744-A | L, U | 3248A-73674A, 94-701-419"
GM-822,GM,OUC6000083,"L, U, T, RS, P",,,catalog label extraction - review,"OUC6000083 | L, U, T, RS, P | 9223-7316 9220-4549"
GM-823,GM,QQY8V00GH40001,"L, U, T",92123129,,catalog label extraction - review,"QQY8V00GH40001 | L, U, T | 92123129"
GM-828,GM,M3N-32337100,"L, U, P",13577771,,catalog label extraction - review,"M3N-32337100 | L, U, P | 13577771"
GM-829,GM,M3N-32337100,"L, U, H, P",13577769; 22859397,,catalog label extraction - review,"M3N-32337100 | L, U, H, P | 13577769, 22859397"
GM-830,GM,M3N-32337100,"L, U, H, RS, P",13577768; 22859396; 22859400,,catalog label extraction - review,"M3N-32337100 | L, U, H, RS, P | 13577768, 22859396, 22859400"
GM-833,GM,M3N-32337100,"L, U, RS, P",13577770; 13580082; 22859392; 22859409; 84540865,,catalog label extraction - review,"M3N-32337100 | L, U, RS, P | 13577770, 13580082, 22859392, | 22859409, 84540865"
GM-834,GM,M3N-32337100,"L, U, RS, P",13577770; 22859392; 22859409; 84540865,,catalog label extraction - review,"M3N-32337100 | L, U, RS, P | 13577770, 22859392, 22859409, | 84540865"
GM-835,GM,M3N-32337100,"L, U, H, G, RS, P",13577767,,catalog label extraction - review,"M3N-32337100 | L, U, H, G, RS, P | 13577767"
GM-836,GM,M3N-32337100,"L, U, H, G, RS, P",13577766; 13577767; 84540864,,catalog label extraction - review,"M3N-32337100 | L, U, H, G, RS, P | 13577766, 13577767, 84540864"
GM-837,GM,M3N-32337100,"L, U, H, RS, P",13580081; 22859390; 22859402,,catalog label extraction - review,"M3N-32337100 | L, U, H, RS, P | 13580081, 22859390, 22859402"
GM-838,GM,M3N-32337100,"L, U, H, G, RS, P",13577766; 13577767; 84540864,,catalog label extraction - review,"M3N-32337100 | L, U, H, G, RS, P | 13577766, 13577767, 84540864"
GM-839,GM,A2GM3AFUS03,"L, U, P",95233524; 95989830; 42695007,,catalog label extraction - review,"A2GM3AFUS03 | L, U, P | 95233524, 95989830, 42695007"
GM-840,GM,HYQ1AA,"L, U, H, G, RS, P",13508280; 13508278; 13529634; 13580802,,catalog label extraction - review,"HYQ1AA | L, U, H, G, RS, P | 13508280, 13508278, 13529634, | 13580802, Scan for More"
GM-841,GM,HYQ1AA,"L, U, H, G, RS, P",13508280; 13580804,,catalog label extraction - review,"HYQ1AA | L, U, H, G, RS, P | 13508280, 13580804"
GM-842,GM,M3N-32337100,"L, U, RS, P",22881480,,catalog label extraction - review,"M3N-32337100 | L, U, RS, P | 22881480"
GM-843,GM,OHT01060512,"L, U, T, P",13501513; 13504258; 20873623,,catalog label extraction - review,"OHT01060512 | L, U, T, P | 13501513, 13504258, 20873623"
GM-844,GM,OHT01060512,"L, U, T, RS, P",13504259; 13501514; 5912548,,catalog label extraction - review,"OHT01060512 | L, U, T, RS, P | 13504259, 13501514, 5912548"
GM-846,GM,AVL-B01T1AC,"L, U, P",13585812; 13585815,,catalog label extraction - review,"AVL-B01T1AC | L, U, P | 13585812, 13585815"
GM-847,GM,HYQ4EA,"L, U, T, P",13529660; 13508769; 13508771; 13508871,,catalog label extraction - review,"HYQ4EA | L, U, T, P | 13529660, 13508769, 13508771, | 13508871, Scan for More"
GM-848,GM,OHT05918179; P4O9MK74946931,"L, U, ECC, RS, P",22755321; 22755323; 22755325; 22923862; STRATTEC: 5920157,,catalog label extraction - review,"OHT05918179, | P4O9MK74946931 | L, U, ECC, RS, P | 22755321, 22755323, 22755325, | 22923862, STRATTEC: 5920157"
GM-849,GM,HYQ4EA,"L, U, T, RS, P",13529662; 13508769; 13508780; 13584497,,catalog label extraction - review,"HYQ4EA | L, U, T, RS, P | 13529662, 13508769, 13508780, | 13584497, Scan for More"
GM-850,GM,HYQ4AA,"L, U, RS, P",13529664; 13508767; 13585722; STRATTEC: 5942491,,catalog label extraction - review,"HYQ4AA | L, U, RS, P | 13529664, 13508767, 13585722, | STRATTEC: 5942491"
GM-851,GM,OUC60221; OUC60270 L,,20970808; 5922375,,catalog label extraction - review,"OUC60221, OUC60270 | L, U, CD, RS, P | 20970808, 5922375"
GM-852,GM,M3N-32337100,"L, U, RS, P",13577770; 13580082; 22859392; 22859409; 84540865,,catalog label extraction - review,"M3N-32337100 | L, U, RS, P | 13577770, 13580082, 22859392, | 22859409, 84540865"
GM-853,GM,M3N-32337100,"L, U, H, RS, P",,,catalog label extraction - review,"M3N-32337100 | L, U, H, RS, P | -"
GM-854,GM,HYQ4AA,"L, U, H, RS, P",13584500; 13508406,,catalog label extraction - review,"HYQ4AA | L, U, H, RS, P | 13584500, 13508406"
GM-855,GM,433 MHz,"L, U, T, RS, P",13587072; 13506408,Prox / 433 MHz,catalog label extraction - review,"Prox / 433 MHz | L, U, T, RS, P | 13587072 / 13506408"
GM-856,GM,HYQ4AA,"L, U, T, RS, P",13508768,,catalog label extraction - review,"HYQ4AA | L, U, T, RS, P | 13508768"
GM-857,GM,HYQ4EA,"L, U, T, RS, P",13508414,,catalog label extraction - review,"HYQ4EA | L, U, T, RS, P | 13508414"
GM-858,GM,HYQ1EA,"L, U, H, G, RS, P",13529633; 13508282; 13580806; STRATTEC: 5944133,,catalog label extraction - review,"HYQ1EA | L, U, H, G, RS, P | 13529633, 13508282, 13580806, | STRATTEC: 5944133"
GM-859,GM,HYQ4EA L,,13508780,,catalog label extraction - review,"HYQ4EA | L, U, T, CT, RS, P | 13508780"
GM-860,GM,HYQ1EA,"L, U, RS, P",13584513,,catalog label extraction - review,"HYQ1EA | L, U, RS, P | 13584513"
GM-861,GM,HYQ1EA,"L, U, H, RS, P",13508275; 13522895; 13523305; STRATTEC: 5944135,,catalog label extraction - review,"HYQ1EA | L, U, H, RS, P | 13508275, 13522895, 13523305, | STRATTEC: 5944135"
GM-862,GM,LXP-T004,"L, U, T, P",13513842; 13514135; 5933402,,catalog label extraction - review,"LXP-T004 | L, U, T, P | 13513842, 13514135, 5933402"
GM-863,GM,HYQ4EA,"L, U, RS, P",13529638; 13585728; 13598815; STRATTEC: 5942494,,catalog label extraction - review,"HYQ4EA | L, U, RS, P | 13529638, 13585728, 13598815, | STRATTEC: 5942494"
GM-864,GM,HYQ4AA,"L, U, P",13529665; 13508766; 13585723; 13589145,,catalog label extraction - review,"HYQ4AA | L, U, P | 13529665, 13508766, 13585723, | 13589145, Scan for More"
GM-865,GM,HYQ1EA,"L, U, P",13508276; STRATTEC: 5944136,,catalog label extraction - review,"HYQ1EA | L, U, P | 13508276, STRATTEC: 5944136"
GM-866,GM,HYQ4AA,"L, U, P",13508417; 13532390,,catalog label extraction - review,"HYQ4AA | L, U, P | 13508417, 13532390"
GM-867,GM,HYQ4AA,"L, U, RS, P",13506665; 13532383; STRATTEC: 5944125,,catalog label extraction - review,"HYQ4AA | L, U, RS, P | 13506665, 13532383, | STRATTEC: 5944125"
GM-868,GM,M3N-32337200,"L, U, RS, P",13577763,,catalog label extraction - review,"M3N-32337200 | L, U, RS, P | 13577763"
GM-870,GM,M3N-32337200,"L, U, H, RS, P",13580079,,catalog label extraction - review,"M3N-32337200 | L, U, H, RS, P | 13580079"
GM-871,GM,M3N-32337200,"L, U, H, G, RS, P",13577760,,catalog label extraction - review,"M3N-32337200 | L, U, H, G, RS, P | 13577760"
GM-872,GM,M3N-32337200,"L, U, H, G, RS, P",13577760,,catalog label extraction - review,"M3N-32337200 | L, U, H, G, RS, P | 13577760"
GM-873,GM,M3N-32337200,"L, U, H, G, RS, P",13577761,,catalog label extraction - review,"M3N-32337200 | L, U, H, G, RS, P | 13577761"
GM-874,GM,LXP-T003,"L, U, T, P",13588756; 5933405,,catalog label extraction - review,"LXP-T003 | L, U, T, P | 13588756, 5933405"
GM-875,GM,AVL-B01T1AC,"L, U, RS, P",1351916,,catalog label extraction - review,"AVL-B01T1AC | L, U, RS, P | 1351916, 13504198 | --- PAGE BREAK ---"
GM-876,GM,AVL-B01T1AC,"L, U, RS, P",13585811; 13585814,,catalog label extraction - review,"AVL-B01T1AC | L, U, RS, P | 13585811, 13585814"
GM-877,GM,OUC6000083,"L, U, T, P",92237318,,catalog label extraction - review,"OUC6000083 | L, U, T, P | 92237318"
GM-878,GM,M3N-32337200,"L, U, H, RS, P",13580079,,catalog label extraction - review,"M3N-32337200 | L, U, H, RS, P | 13580079"
GM-879,GM,M3N-32337200,"L, U, H, RS, P",13577762,,catalog label extraction - review,"M3N-32337200 | L, U, H, RS, P | 13577762"
GM-880,GM,HYQ4AA,"L, U, H, RS, P",13584498; 13529650; STRATTEC: 5944129,,catalog label extraction - review,"HYQ4AA | L, U, H, RS, P | 13584498, 13529650, | STRATTEC: 5944129"
GM-881,GM,AVL-B01T2AC,"L, U, P",13501917; 13504266,,catalog label extraction - review,"AVL-B01T2AC | L, U, P | 13501917, 13504266"
GM-882,GM,HYQ1EA,"L, U, H, G, RS, P",13508283,,catalog label extraction - review,"HYQ1EA | L, U, H, G, RS, P | 13508283"
GM-883,GM,HYQ4EA L,,13529654; 13508779,,catalog label extraction - review,"HYQ4EA | L, U, T, CT, P | 13529654, 13508779"
GM-885,GM,AVL-B01T1AC,"L, U, T, P",,,catalog label extraction - review,"AVL-B01T1AC | L, U, T, P"
GM-886,GM,AVL-B01T2AC,"L, U, T, RS, P",13574863,,catalog label extraction - review,"AVL-B01T2AC | L, U, T, RS, P | 13574863 / 315MHz"
GM-887,GM,CWTWB1U751,"L, U, P",19316465,,catalog label extraction - review,"CWTWB1U751 | L, U, P | 19316465"
GM-889,GM,HYQ1AA,"L, U, H, RS, P",13584502; STRATTEC: 5944139,,catalog label extraction - review,"HYQ1AA | L, U, H, RS, P | 13584502, STRATTEC: 5944139"
GM-890,GM,HYQ1AA,"L, U, RS, P",13584512; STRATTEC: 5944138,,catalog label extraction - review,"HYQ1AA | L, U, RS, P | 13584512, STRATTEC: 5944138"
GM-891,GM,LXP-T004,"L, U, P",13514112; 13514134; 5933401,,catalog label extraction - review,"LXP-T004 | L, U, P | 13514112, 13514134, 5933401"
GM-892,GM,HYQ4EA,"L, U, P",13519177; 13529639; 13591384,,catalog label extraction - review,"HYQ4EA | L, U, P | 13519177, 13529639, 13591384, | Scan for More"
GM-893,GM,HYQ4EA,"L, U, H, RS, P",13529636; 13506669; 13519188; STRATTEC: 5944130,,catalog label extraction - review,"HYQ4EA | L, U, H, RS, P | 13529636, 13506669, 13519188, | STRATTEC: 5944130"
GM-894,GM,A2GM3BFUS04,"L, U, P, RS",94543198,,catalog label extraction - review,"A2GM3BFUS04 | L, U, P, RS | 94543198"
GM-895,GM,HYQ4EA,"L, U, H, RS, P",13521090; 13506668; 13532751; STRATTEC: 5944126,,catalog label extraction - review,"HYQ4EA | L, U, H, RS, P | 13521090, 13506668, 13532751, | STRATTEC: 5944126"
GM-896,GM,HYQ4EA,"L, U, P",13506667,,catalog label extraction - review,"HYQ4EA | L, U, P | 13506667"
GM-897,GM,HYQ4EA,"L, U, RS, P",13511629; 13532391; STRATTEC: 5944128,,catalog label extraction - review,"HYQ4EA | L, U, RS, P | 13511629, 13532391, | STRATTEC: 5944128"
GM-898,GM,HYQ4EA,"L, U, H, RS, P",13506668,,catalog label extraction - review,"HYQ4EA | L, U, H, RS, P | 13506668"
GM-899,GM,KR55WK50073,"L, U, T, RS, P",13586490; 13599912,,catalog label extraction - review,"KR55WK50073 | L, U, T, RS, P | 13586490, 13599912"
GM-900,GM,M3N-32337200,"L, U, RS, P",22881479,,catalog label extraction - review,"M3N-32337200 | L, U, RS, P | 22881479"
GM-901,GM,HYQ1AA,"L, U, P",13591388; STRATTEC: 5944137,,catalog label extraction - review,"HYQ1AA | L, U, P | 13591388, STRATTEC: 5944137"
GM-902,GM,HYQ4AA,"L, U, T, P",13508770,,catalog label extraction - review,"HYQ4AA | L, U, T, P | 13508770"
GM-903,GM,A2GM3AFUS04 L,,94543206,,catalog label extraction - review,"A2GM3AFUS04 | L, U, PI, AC, P | 94543206"
GM-904,GM,A2GM3BFUS04,"L, U, P, RS",94543198,,catalog label extraction - review,"A2GM3BFUS04 | L, U, P, RS | 94543198"
GM-905,GM,HYQ1EA; HYQ1ES,"L, U, T, RS, P",13508398; 13529632,,catalog label extraction - review,"HYQ1EA, HYQ1ES | L, U, T, RS, P | 13508398, 13529632"
GM-906,GM,M3N-32337200,"L, U, P",13577765,,catalog label extraction - review,"M3N-32337200 | L, U, P | 13577765"
GM-907,GM,HYQ1EA,"L, U, T, RS, P",13591396; STRATTEC: 5944140,,catalog label extraction - review,"HYQ1EA, | L, U, T, RS, P | 13591396, STRATTEC: 5944140"
GM-908,GM,LXP-T003,"L, U",13522799,,catalog label extraction - review,"LXP-T003 | L, U | 13522799"
GM-909,GM,LXP-T003,"L, U, P",13522783; 13529062,,catalog label extraction - review,"LXP-T003 | L, U, P | 13522783, 13529062"
GM-910,GM,LXP-T004,"L, U, RS, P",13522770; 13522792,,catalog label extraction - review,"LXP-T004 | L, U, RS, P | 13522770, 13522792"
GM-913,GM,M3N-32337200,"L, U, TG, P",84209237,,catalog label extraction - review,"M3N-32337200 | L, U, TG, P | 84209237"
GM-914,GM,HYQ4EA,"L, U, H, P",13585720; 13529648,,catalog label extraction - review,"HYQ4EA | L, U, H, P | 13585720, 13529648"
GM-915,GM,OHT01060512; OHT05918179; P4O9MK74946931,"L, U, T, RS, P",13504202; 13500224; 13500319; 13574863; 13584829,,catalog label extraction - review,"OHT01060512, OHT05918179, | P4O9MK74946931 | L, U, T, RS, P | 13504202, 13500224, 13500319, | 13574863, 13584829, Scan for | More"
GM-916,GM,OUC60221,"L, U, SD, SD, RS, P",22950621; 20970807; 5922374,,catalog label extraction - review,"OUC60221 | L, U, SD, SD, RS, P | 22950621, 20970807, 5922374"
GM-917,GM,M3N-32337200,"L, U, T, RS, P",84209236,,catalog label extraction - review,"M3N-32337200 | L, U, T, RS, P | 84209236"
GM-918,GM,LXP-T003,"L, U, RS, P",13522767; 13530752,,catalog label extraction - review,"LXP-T003 | L, U, RS, P | 13522767, 13530752"
GM-919,GM,HYQ4EA,"L, U, H, RS, P",13532751,,catalog label extraction - review,"HYQ4EA | L, U, H, RS, P | 13532751"
GM-920,GM,A2GM3BFUS05 L,,95193950; 94543205,,catalog label extraction - review,"A2GM3BFUS05 | L, U, P, RS, EC | 95193950, 94543205"
GM-921,GM,HYQ4ES,"L, U, H, RS, P",13530713,,catalog label extraction - review,"HYQ4ES | L, U, H, RS, P | 13530713"
GM-922,GM,HYQ4ES,"L, U, P",13530711,,catalog label extraction - review,"HYQ4ES | L, U, P | 13530711"
GM-923,GM,HYQ4ES L,,13522886,,catalog label extraction - review,"HYQ4ES | L, U, T, CT, RS, P | 13522886"
GM-924,GM,HYQ4AS,"L, U, P",13522889,,catalog label extraction - review,"HYQ4AS | L, U, P | 13522889"
GM-925,GM,YGOG21TB2,"L, U, H, G, RS, P",13537962; 13541565; 13548431,,catalog label extraction - review,"YGOG21TB2 | L, U, H, G, RS, P | 13537962, 13541565, 13548431"
GM-926,GM,YGOG21TB2,"L, U, H, P",13537961; 13537960; 13545334; 13548432,,catalog label extraction - review,"YGOG21TB2 | L, U, H, P | 13537961, 13537960, 13545334, | 13548432"
GM-927,GM,HUFGM2718,"L, U, H, RS, P",13537956,,catalog label extraction - review,"HUFGM2718 | L, U, H, RS, P | 13537956"
GM-928,GM,YGOG21TB2,"L, U, H, G, RS, P",13537964; 13541567; 13545336; 13548434,,catalog label extraction - review,"YGOG21TB2 | L, U, H, G, RS, P | 13537964, 13541567, 13545336, | 13548434"
GM-929,GM,HYQ4ES,"L, U, T, P",13522890,,catalog label extraction - review,"HYQ4ES | L, U, T, P | 13522890"
GM-931,GM,HYQ4ES,"L, U, T, RS, P",13522891,,catalog label extraction - review,"HYQ4ES | L, U, T, RS, P | 13522891"
GM-932,GM,HUFGM2718; YGOG21TB2,"L, U, H, RS, P",13545335; 13541559; 13536127; 13537958; 13548433,,catalog label extraction - review,"HUFGM2718, YGOG21TB2 | L, U, H, RS, P | 13545335, 13541559, 13536127, | 13537958, 13548433"
GM-933,GM,YGOG20TB1; YGOG21TB2,"L, U, H, RS, P",13537970,,catalog label extraction - review,"YGOG20TB1, YGOG21TB2 | L, U, H, RS, P | 13537970"
GM-934,GM,HYQ4ES,"L, U, H, RS, P",13530511,,catalog label extraction - review,"HYQ4ES | L, U, H, RS, P | 13530511"
GM-936,GM,HYQ4ES,"L, U, RS, P",13530513,,catalog label extraction - review,"HYQ4ES | L, U, RS, P | 13530513"
GM-937,GM,YGOG21TB2,"L, U, T, RS, P",13548437; 13514331,,catalog label extraction - review,"YGOG21TB2 | L, U, T, RS, P | 13548437, 13514331"
GM-938,GM,HYQ1AS,"L, U, H, RS, P",13522899,,catalog label extraction - review,"HYQ1AS | L, U, H, RS, P | 13522899"
GM-939,GM,YGOG21TB2,"L, U, T, RS, P",13548440,,catalog label extraction - review,"YGOG21TB2 | L, U, T, RS, P | 13548440"
GM-951,GM,AVL-B01T1AC; AVL-B01T2AC; OHT01060512; V2T01060512; V2T01060514,"L, U, P",13500319; 13500224; 13504202,,catalog label extraction - review,"AVL-B01T1AC, AVL-B01T2AC, | OHT01060512, V2T01060512, | V2T01060514 | L, U, P | 13500319, 13500224, 13504202, | 13585206 | --- PAGE BREAK ---"
GM-952,GM,HYQ4AS,"L, U, P",13534466,,catalog label extraction - review,"HYQ4AS | L, U, P | 13534466"
GM-953,GM,HYQ1ES,"L, U, P",13522902,,catalog label extraction - review,"HYQ1ES | L, U, P | 13522902"
GM-954,GM,HYQ4AS,"L, U, RS, P",13522874,,catalog label extraction - review,"HYQ4AS | L, U, RS, P | 13522874"
GM-955,GM,HYQ4ES,"L, U, RS, P",13530712,,catalog label extraction - review,"HYQ4ES | L, U, RS, P | 13530712"
GM-956,GM,HYQ4ES,"L, U, RS, P",13535665,,catalog label extraction - review,"HYQ4ES | L, U, RS, P | 13535665"
GM-957,GM,HYQ4EA,"L, U, RS, P",13532753,,catalog label extraction - review,"HYQ4EA | L, U, RS, P | 13532753"
GM-958,GM,HYQ4AA,"L, U, H, P",13590472,,catalog label extraction - review,"HYQ4AA | L, U, H, P | 13590472"
GM-959,GM,G09C03JAP4P,"L, U, T, P",23465953,,catalog label extraction - review,"G09C03JAP4P | L, U, T, P | 23465953"
GM-960,GM,HYQ1ES,"L, U, T, RS, P",13522854,,catalog label extraction - review,"HYQ1ES | L, U, T, RS, P | 13522854"
GM-961,GM,HYQ1ES,"L, U, T, RS, P",13522904,,catalog label extraction - review,"HYQ1ES | L, U, T, RS, P | 13522904"
GM-962,GM,HUFGM2699,"L, U, T, RS, P",13538860,,catalog label extraction - review,"HUFGM2699 | L, U, T, RS, P | 13538860"
GM-963,GM,,"L, U, T, H, RS, P",13538854,,catalog label extraction - review,"L, U, T, H, RS, P | 13538854"
GM-964,GM,,"L, U, T, P",15732810,,catalog label extraction - review,"- | L, U, T, P | 15732810"
GM-965,GM,,,12490829,,catalog label extraction - review,"EZSOEMTX | L, U, O, P | 12490829"
GM-966,GM,,"L, U, T, P",12490830,,catalog label extraction - review,"EZSOEMTX | L, U, T, P | 12490830"
GM-967,GM,OUC60221; OUC60270,"L, U, RS, P",15913421; 20868672; 20952474; 22759546; 22936098; 5922035,,catalog label extraction - review,"OUC60221, OUC60270 | L, U, RS, P | 15913421, 20868672, 20952474, | 22759546, 22936098, 5922035"
GM-968,GM,OUC60270; OUC60221; KOBGT04A,,,,catalog label extraction - review,"OUC60270, OUC60221, | KOBGT04A | L, U, O1, O2, O3, O4, P"
GM-981,GM,P4O9MK74946931 13504203,,,,catalog label extraction - review,"P4O9MK74946931 | 13504203, 13585205"
GM-982,GM,LXP-T003 13530751,,,,catalog label extraction - review,LXP-T003 | 13530751
GM-983,GM,HYQ1AS,"L, U, P",13522897,,catalog label extraction - review,"HYQ1AS | L, U, P | 13522897"
GM-984,GM,YG0G21TB2; YGOG21TB2,"L, U, P",13548436,,catalog label extraction - review,"YG0G21TB2, YGOG21TB2 | L, U, P | 13548436"
GM-985,GM,HYQ4EA 13532752,,,,catalog label extraction - review,HYQ4EA | 13532752
GM-986,GM,HYQ4ES 13530515,,,,catalog label extraction - review,HYQ4ES | 13530515
GM-987,GM,HYQ4EA,"L, U, RS, P",13532753,,catalog label extraction - review,"HYQ4EA | L, U, RS, P | 13532753"
GM-988,GM,YG0G21TB2,"L, U, H, P",13537968,,catalog label extraction - review,"YG0G21TB2 | L, U, H, P | 13537968"
GM-989,GM,YGOG21TB2,"L, U, P, TG",13548441,,catalog label extraction - review,"YGOG21TB2 | L, U, P, TG | 13548441"
GM-990,GM,HYQ4AS,"L, U, P, RS",13534465,,catalog label extraction - review,"HYQ4AS | L, U, P, RS | 13534465"
GM-991,GM,M3N5WY7777A 20940387,,,,catalog label extraction - review,M3N5WY7777A | 20940387
GM-993,GM,HYQ4AS,"L, U, T, RS, P",13522875,,catalog label extraction - review,"HYQ4AS | L, U, T, RS, P | 13522875"
GM-995,GM,HYQ4ES 13522885,,,,catalog label extraction - review,HYQ4ES | 13522885
GM-996,GM,YG0G20TB1,"L, U, RS, P",84591064,,catalog label extraction - review,"YG0G20TB1 | L, U, RS, P | 84591064"
GM-997,GM,YGOG21TB2,"L, U, RS, T, P",13547571,,catalog label extraction - review,"YGOG21TB2 | L, U, RS, T, P | 13547571"
GM-998,GM,yg0g20tB1 L,,84570459,,catalog label extraction - review,"yg0g20tB1 | L, U, LG, H, RS, P | 84570459"
GM-999,GM,HYQ4AS 13522843 GM-FLIP 1 OHT-01060512; V2T-01060512,"L, U, P",20835402; 20835406; 20873621; 20873623; 13585386; 13585688; 13586121; 13585812; 1351916; 13585811; 13500227; 13501913; 13504205; 20835404; 20873620; OHT01060512; V2T01060512; OHT05918179; 13500224; 13500319; 13574863; 13504204; 5912556,Non-Prox (Big +),catalog label extraction - review,"HYQ4AS | 13522843 | GM-FLIP 1 | OHT-01060512, V2T-01060512 | L, U, P | 20835402, 20835406, 20873621, | 20873623, Scan for More | GM-FLIP 10 | KR55WK50073 | L, U, T, P | 13586120, 13586489 | GM-FLIP 11 | KR55WK50073 | L, U, RS, P | Non-Prox (Big +) | GM-FLIP 12 | KR55WK50073 | L, U, T, RS, P | 13575178, 13585386, 13585688, | 13586121, Scan for More | GM-FLIP 13 | AVL-B01T1AC | L, U, P | 13501917, 13585812, 13585815 | GM-FLIP 14 | AVL-B01T1AC | L, U, T, P | Non-Prox | GM-FLIP 15 | AVL-B01T1AC | L, U, T, RS, P | Non-Prox | GM-FLIP 16 | AVL-B01T1AC | L, U, RS, P | 13504198, 1351916, 13585811, | 13585814 | GM-FLIP 2 | OHT-01060512, V2T-01060512 | L, U, T, P | 1304200, 13500227, 13501913, | 13504205, Scan for More | GM-FLIP 3 | OHT-01060512, V2T-01060512 | L, U, RS, P | 20835400, 20835404, 20873620, | 5913597 | GM-FLIP 4 | OHT01060512 / V2T01060512 | L, U, RS, P | Non-Prox | GM-FLIP 5 | OHT01060512, OHT01060512, | V2T01060512, V2T01060514 | L, U, T, RS, P | No Logo - NOT PEPS | GM-FLIP 6 | P409MK74946931 | L, U, T, P | Prox | GM-FLIP 8 | OHT01060512, OHT05918179, | P4O9MK74946931 | L, U, T, RS, P | 13504202, 13500224, 13500319, | 13574863, Scan for More | GM-FLIP 9 | KR55WK50073 | L, U, P | 13579221 | GM-GMAGIC 5 | V2T01080512 / OHT01060512 | L, U, T, P, RS | 13500226, 13504204, 5912556, | 13576143 | GM119PT | OEM Key W/Chevy Logo | 13523912 | GMC112PT | 13520355 | GMK-SPARK | 95233522"
HON-422,HON,CWT72147KA3,"L, U",72147-S30-A01,,catalog label extraction - review,"CWT72147KA3 | L, U | 72147-S30-A01"
HON-428,HON,NHVWB1U521; NHVWB1U523,"L, U, P",08E61-S5D-1M001; 72147-S5A-A01,,catalog label extraction - review,"NHVWB1U521, NHVWB1U523 | L, U, P | 08E61-S5D-1M001, | 72147-S5A-A01"
HON-431,HON,OUCG8D-344H-A,"L, U, P",72147-S5T-A01,,catalog label extraction - review,"OUCG8D-344H-A | L, U, P | 72147-S5T-A01"
HON-434,HON,E4EG8DJ,"L, U, P",72147-S3Y-A01,,catalog label extraction - review,"E4EG8DJ | L, U, P | 72147-S3Y-A01"
HON-437,HON,A269ZUA106,"L, U, P",72147-S04-A01,,catalog label extraction - review,"A269ZUA106 | L, U, P | 72147-S04-A01, 72147-S04-A02 | --- PAGE BREAK ---"
HON-441,HON,KOBUTAH2T,"L, U, T, P",72147-S84-A03,,catalog label extraction - review,"KOBUTAH2T | L, U, T, P | 72147-S84-A03"
HON-445,HON,KOBUTAH2T.5,"L, U, T, P",72147-S0K-A02; 72147-S84-A03,,catalog label extraction - review,"KOBUTAH2T.5 | L, U, T, P | 72147-S0K-A02, 72147-S84-A03"
HON-448,HON,E4EG8DJ,"L, U, T, P",72147-S10-A52; 72147-S2A-A01; 72147-S3Y-A01,,catalog label extraction - review,"E4EG8DJ | L, U, T, P | 72147-S10-A52, 72147-S2A-A01, | 72147-S3Y-A01"
HON-451,HON,OUCG8D-344H-A,"L, U, T, P",72147-S9A-A01,,catalog label extraction - review,"OUCG8D-344H-A | L, U, T, P | 72147-S9A-A01"
HON-454,HON,A269ZUA101 L,,08E61-S01-100; 39950-S01-A01,,catalog label extraction - review,"A269ZUA101 | L, U, O, P | 08E61-S01-100, 39950-S01-A01"
HON-461,HON,E4EG8DN,"L, U, SD, SD, P",72147-S0X-A01,,catalog label extraction - review,"E4EG8DN | L, U, SD, SD, P | 72147-S0X-A01"
HON-465,HON,OUCG8D-440H-A,"L, U, SD, SD, P",72147-S0X-A02,,catalog label extraction - review,"OUCG8D-440H-A | L, U, SD, SD, P | 72147-S0X-A02"
HON-468,HON,OUCG8D-399H-A,"L, U, SD, SD, P",72147-SHJ-A21,,catalog label extraction - review,"OUCG8D-399H-A | L, U, SD, SD, P | 72147-SHJ-A21"
HON-471,HON,OUCG8D-399H-A,"L, U, H, SD, SD, P",72147-SHJ-A61; 72147-SHJ-A71,,catalog label extraction - review,"OUCG8D-399H-A | L, U, H, SD, SD, P | 72147-SHJ-A61, 72147-SHJ-A71"
HON-474,HON,HYQ1512R,"L, U, P",,,catalog label extraction - review,"HYQ1512R | L, U, P | 8-97149-392-0, 8-97309-760-0"
HON-476,HON,OUCG8D-380H-A,"L, U, P",35111-SHJ-305,,catalog label extraction - review,"OUCG8D-380H-A | L, U, P | 35111-SHJ-305"
HON-478,HON,CWTWB1U545,"L, U, P",35111-S9V-325,,catalog label extraction - review,"CWTWB1U545 | L, U, P | 35111-S9V-325"
HON-480,HON,N5F-S0084A,"L, U, P",35111-SVA-305,,catalog label extraction - review,"N5F-S0084A | L, U, P | 35111-SVA-305"
HON-482,HON,OUCG8D-380H-A,"L, U, T, P",35118-SDA-A11,,catalog label extraction - review,"OUCG8D-380H-A | L, U, T, P | 35118-SDA-A11"
HON-484,HON,N5F-S0084A,"L, U, T, P",35111-SVA-306,,catalog label extraction - review,"N5F-S0084A | L, U, T, P | 35111-SVA-306"
HON-486,HON,MLBHLIK-1T (MLBHL1K-1T; MLBHL1K-IT),"L, U, P",35111-SWA-306,,catalog label extraction - review,"MLBHLIK-1T (MLBHL1K-1T, | MLBHLIK-IT, MLBHL1K-IT) | L, U, P | 35111-SWA-306"
HON-488,HON,KR55WK49308,"L, U, T, P",35118-TA0-A04; 35118TA0A04; 35118-TA0-A00,,catalog label extraction - review,"KR55WK49308 | L, U, T, P | 35118-TA0-A04, 35118TA0A04, | 35118-TA0-A00, Scan for More"
HON-490,HON,KR55WK49308,"L, U, G, P",35118-SZA-A00; 35118-SZA-A01; 35118-SZA-A02; 35118-SZA-A03,,catalog label extraction - review,"KR55WK49308 | L, U, G, P | 35118-SZA-A00, 35118-SZA-A01, | 35118-SZA-A02, 35118-SZA-A03"
HON-491,HON,KR55WK49308 L,,35118-SZA-A12,,catalog label extraction - review,"KR55WK49308 | L, U, HH, P | 35118-SZA-A12"
HON-495,HON,N5F-A04TAA,"L, U, SD, SD, P",35118-TK8-A10,,catalog label extraction - review,"N5F-A04TAA | L, U, SD, SD, P | 35118-TK8-A10"
HON-496,HON,N5F-A04TAA L,,35118-TK8-A20; 35118-TK8-A30; 35118-TK8-A40,,catalog label extraction - review,"N5F-A04TAA | L, U, H, LSD, RSD, P | 35118-TK8-A20, 35118-TK8-A30, | 35118-TK8-A40"
HON-497,HON,MLBHLIK-1T,"L, U, T, P",35118-TE0-A10,,catalog label extraction - review,"MLBHLIK-1T | L, U, T, P | 35118-TE0-A10"
HON-498,HON,N5F-A05TAA,"L, U, T, P",35118-TR0-A00,,catalog label extraction - review,"N5F-A05TAA | L, U, T, P | 35118-TR0-A00"
HON-499,HON,MLBHLIK6-1T,"L, U, T, P",35118-T2A-A20,,catalog label extraction - review,"MLBHLIK6-1T | L, U, T, P | 35118-T2A-A20"
HON-500,HON,ACJ932HK1210A,"L, U, T, P",72147-T2A-A01; 72147-T2A-A02,,catalog label extraction - review,"ACJ932HK1210A | L, U, T, P | 72147-T2A-A01, 72147-T2A-A02"
HON-501,HON,KR5V1X,"L, U, H, SD, SD, P",72147-TK8-A51,,catalog label extraction - review,"KR5V1X | L, U, H, SD, SD, P | 72147-TK8-A51"
HON-502,HON,MLBHLIK6-1T,"L, U, P",35118-TY4-A00; 35118-TY4-A10; 35118-TY4-A20,,catalog label extraction - review,"MLBHLIK6-1T | L, U, P | 35118-TY4-A00, 35118-TY4-A10, | 35118-TY4-A20"
HON-503,HON,KR5V1X,"L, U, P",72147-T5A-A01,,catalog label extraction - review,"KR5V1X | L, U, P | 72147-T5A-A01"
HON-504,HON,KR5V1X,"L, U, SD, SD, P",72147-TK8-A81,,catalog label extraction - review,"KR5V1X | L, U, SD, SD, P | 72147-TK8-A81"
HON-505,HON,KOBUTA1T,"L, U, P",72147-SV5-A02,,catalog label extraction - review,"KOBUTA1T | L, U, P | 72147-SV5-A02"
HON-506,HON,MLBHLIK-1T,"L, U, P",35111-SWA-306; 35118-SZT-A00; 35118-T0A-A00; 35118-TA0-A00,,catalog label extraction - review,"MLBHLIK-1T | L, U, P | 35111-SWA-306, 35118-SZT-A00, | 35118-T0A-A00, 35118-TA0-A00, | Scan for More"
HON-507,HON,ACJ932HK1210A,"L, U, P",72147-TP6-A51,,catalog label extraction - review,"ACJ932HK1210A | L, U, P | 72147-TP6-A51"
HON-508,HON,ACJ932HK1210A L,,72147-T0A-A11,,catalog label extraction - review,"ACJ932HK1210A | L, U, HH, P | 72147-T0A-A11"
HON-509,HON,KR55WK49308,"L, U, H, P",35118-SZA-A00; 35118-SZA-A01; 35118-SZA-A02; 35118-SZA-A50; 35118-SZA-A51,,catalog label extraction - review,"KR55WK49308 | L, U, H, P | 35118-SZA-A00, 35118-SZA-A01, | 35118-SZA-A02, | 35118-SZA-A50, 35118-SZA-A51"
HON-510,HON,ACJ932HK1210A,"L, U, H, ECC, P",72147-T3V-A31,,catalog label extraction - review,"ACJ932HK1210A | L, U, H, ECC, P | 72147-T3V-A31"
HON-511,HON,ACJ932HK1310A,"L, U, T, RSH, P",72147-T2G-A31,,catalog label extraction - review,"ACJ932HK1310A | L, U, T, RSH, P | 72147-T2G-A31"
HON-512,HON,KR5V2X,"L, U, T, P",72147-TBA-A01; 72147-TBA-A02,,catalog label extraction - review,"KR5V2X | L, U, T, P | 72147-TBA-A01, 72147-TBA-A02"
HON-513,HON,KR5V1X,"L, U, H, P",72147-T7S-A01,,catalog label extraction - review,"KR5V1X | L, U, H, P | 72147-T7S-A01"
HON-514,HON,KR5V2X V44,"L, U, H, RSH, P",72147-TG7-A11; 72147-TG7-A12; 72147-TGG-A21,,catalog label extraction - review,"KR5V2X V44 | L, U, H, RSH, P | 72147-TG7-A11, | 72147-TG7-A12, | 72147-TGG-A21, Scan for More"
HON-515,HON,MLBHLIK6-1T,"L, U, H, P",35118-T0A-A30; 35118-T7S-A00,,catalog label extraction - review,"MLBHLIK6-1T | L, U, H, P | 35118-T0A-A30, 35118-T7S-A00"
HON-516,HON,ACJ932HK1310A,"L, U, T, P",72147-T2G-A61,,catalog label extraction - review,"ACJ932HK1310A | L, U, T, P | 72147-T2G-A61"
HON-517,HON,KR5V2X,"L, U, T, RSH, P",72147-TBA-A11; 72147-TBA-A12; 72147-TBA-A121-M1,,catalog label extraction - review,"KR5V2X | L, U, T, RSH, P | 72147-TBA-A11, | 72147-TBA-A12, | 72147-TBA-A121-M1"
HON-518,HON,KR5V2X V41,"L, U, H, P",72147-TG7-A01; 72147-TGG-A11; 72147-THR-A01,,catalog label extraction - review,"KR5V2X V41 | L, U, H, P | 72147-TG7-A01, | 72147-TGG-A11, | 72147-THR-A01"
HON-519,HON,ACJ932HK1210A,"L, U, T, P",72147-T3W-A01,,catalog label extraction - review,"ACJ932HK1210A | L, U, T, P | 72147-T3W-A01"
HON-520,HON,MLBHLIK6-1TA,"L, U, T, P",35118-T2A-A60,,catalog label extraction - review,"MLBHLIK6-1TA | L, U, T, P | 35118-T2A-A60"
HON-521,HON,MLBHLIK6-1TA,"L, U, H, P",35118-TGG-A00; 35118-TLA-A00,,catalog label extraction - review,"MLBHLIK6-1TA | L, U, H, P | 35118-TGG-A00, 35118-TLA-A00"
HON-522,HON,ACJ932HK1310A,"L, U, H, P",72147-SZT-A01,,catalog label extraction - review,"ACJ932HK1310A | L, U, H, P | 72147-SZT-A01"
HON-523,HON,A2C97488300,"L, U, P",72147-T6Z-A01,,catalog label extraction - review,"A2C97488300 | L, U, P | 72147-T6Z-A01"
HON-524,HON,A2C97488400; A2C97488700; KR5V2X; KR5V2X V41,"L, U, RSH, P",72147-T6Z-A11,,catalog label extraction - review,"A2C97488400, A2C97488700, | KR5V2X, KR5V2X V41 | L, U, RSH, P | 72147-T6Z-A11"
HON-525,HON,KR5V2X V41,"L, U, H, P",72147-THR-A01,,catalog label extraction - review,"KR5V2X V41 | L, U, H, P | 72147-THR-A01"
HON-526,HON,KR5V2X V41 L,,72147-THR-A11,,catalog label extraction - review,"KR5V2X V41 | L, U, HH, SD, SD, RS, P | 72147-THR-A11"
HON-527,HON,KR5V2X V41 L,,72147-THR-A21,,catalog label extraction - review,"KR5V2X V41 | L, U, HH, SD, SD, RS, P | 72147-THR-A21"
HON-528,HON,KR5V2X V41 L,,72147-THR-A31,,catalog label extraction - review,"KR5V2X V41 | L, U, HH, SD, SD, RS, P | 72147-THR-A31"
HON-529,HON,CWTWB1G0090,"L, U, TH, P",72147-TVA-A11; 72147-TXM-A01,,catalog label extraction - review,"CWTWB1G0090 | L, U, TH, P | 72147-TVA-A11, 72147-TXM-A01"
HON-530,HON,CWTWB1G0090,"L, U, T, RSH, P",72147-TVA-A01,,catalog label extraction - review,"CWTWB1G0090 | L, U, T, RSH, P | 72147-TVA-A01"
HON-531,HON,CWTWB1G0090,"L, U, T, RSH, P",72147-TWA-A11,,catalog label extraction - review,"CWTWB1G0090 | L, U, T, RSH, P | 72147-TWA-A11"
HON-532,HON,KR5T41; KR5V41,"L, U, H, P",72147-TG7-A51; 72147-TG7-A52,,catalog label extraction - review,"KR5T41, KR5V41 | L, U, H, P | 72147-TG7-A51, 72147-TG7-A52"
HON-533,HON,KR5 V44,"L, U, H, RSH, P",72147-TG7-A61,,catalog label extraction - review,"KR5 V44 | L, U, H, RSH, P | 72147-TG7-A61"
HON-534,HON,KR5T44; KR5V44,"L, U, H, RSH, P",72147-TG7-A81,,catalog label extraction - review,"KR5T44, KR5V44 | L, U, H, RSH, P | 72147-TG7-A81"
HON-535,HON,CWTWB1G0090,"L, U, TH, P",,,catalog label extraction - review,"CWTWB1G0090 | L, U, TH, P | 72147-TXM-A01 | --- PAGE BREAK ---"
HON-536,HON,KR5V2X L,,72147-TRW-A01; 72147-TRW-A02,,catalog label extraction - review,"KR5V2X | L, U, TH, F, ECC, P | 72147-TRW-A01, | 72147-TRW-A02"
HON-537,HON,KR5V2X L,,72147-TRT-A01,,catalog label extraction - review,"KR5V2X | L, U, TH, F, P | 72147-TRT-A01"
HON-538,HON,KR5T44,"L, U, H, RSH, P",72147-TG7-AA1,,catalog label extraction - review,"KR5T44 | L, U, H, RSH, P | 72147-TG7-AA1"
HON-539,HON,KR5T4X L,,72147-THR-A51,,catalog label extraction - review,"KR5T4X | L, U, HH, SD, SD, RS, P | 72147-THR-A51"
HON-540,HON,KR5T4X,"L, U, H, P",72147-THR-A41,,catalog label extraction - review,"KR5T4X | L, U, H, P | 72147-THR-A41"
HON-541,HON,KR5TP-4,"L, U, T, RS, P",72147-T20-A11,,catalog label extraction - review,"KR5TP-4 | L, U, T, RS, P | 72147-T20-A11"
HON-542,HON,KR5V2X V44,"L, U, H, RSH, P",72147-TG7-A31; 72147-TG7-A41,,catalog label extraction - review,"KR5V2X V44 | L, U, H, RSH, P | 72147-TG7-A31, 72147-TG7-A41"
HON-543,HON,KR5TP-4,"L, U, H, P",72147-T43-A01,,catalog label extraction - review,"KR5TP-4 | L, U, H, P | 72147-T43-A01"
HON-544,HON,KR5T41,"L, U, RSH, P",72147-T6Z-A51,,catalog label extraction - review,"KR5T41 | L, U, RSH, P | 72147-T6Z-A51"
HON-547,HON,KR5V2X V41,"L, U, H, RSH, P",72147-TGG-A01; 72147-TGG-A02,,catalog label extraction - review,"KR5V2X V41 | L, U, H, RSH, P | 72147-TGG-A01, | 72147-TGG-A02"
HON-548,HON,MLBHLIK6-1T,"L, U, P",35118-T5A-A20,,catalog label extraction - review,"MLBHLIK6-1T | L, U, P | 35118-T5A-A20"
HON-549,HON,OUCG8D-380H-A,"L, U, T, P",35111-SLN-305,,catalog label extraction - review,"OUCG8D-380H-A | L, U, T, P | 35111-SLN-305"
HON-550,HON,OUCG8D-380H-A,"L, U, T, P",35111-S9A-305,,catalog label extraction - review,"OUCG8D-380H-A | L, U, T, P | 35111-S9A-305"
HON-553,HON,KR5V2X,"L, U, T, P",72147-TX6-A32,,catalog label extraction - review,"KR5V2X | L, U, T, P | 72147-TX6-A32"
HON-554,HON,2500C-RS06AC,"L, U, RS, P",08E91-E22-3M0-01,,catalog label extraction - review,"2500C-RS06AC | L, U, RS, P | 08E91-E22-3M0-01"
HON-555,HON,KR5TP-4,"L, U, TH, P",72147-T20-A01,,catalog label extraction - review,"KR5TP-4 | L, U, TH, P | 72147-T20-A01"
HON-556,HON,KR5V2X V44,"L, U, H, P",72147-TLA-X02,,catalog label extraction - review,"KR5V2X V44 | L, U, H, P | 72147-TLA-X02"
HON-557,HON,KR5V1X,"L, U, T, P",72147-TZ3-A11,,catalog label extraction - review,"KR5V1X | L, U, T, P | 72147-TZ3-A11"
HON-558,HON,KR5V1X,"L, U, T, P",72147-TX6-A22,,catalog label extraction - review,"KR5V1X | L, U, T, P | 72147-TX6-A22"
HON-560,HON,KR5V2X V44,"L, U, H, RSH, P",72147-TLA-A02,,catalog label extraction - review,"KR5V2X V44 | L, U, H, RSH, P | 72147-TLA-A02"
HON-562,HON,KR5V2X,"L, U, H, RSH, P",72147-TLA-A81,,catalog label extraction - review,"KR5V2X | L, U, H, RSH, P | 72147-TLA-A81"
HON-563,HON,KR5BTP L,,72147-TYA-C01,,catalog label extraction - review,"KR5BTP | L, U, HH, P | 72147-TYA-C01"
HON-564,HON,KR5V2X (V44) L,,72147-TG7-A41; 72147-TLA-A21,,catalog label extraction - review,"KR5V2X (V44) | L, U, HH, RS, P | 72147-TG7-A41,72147-TLA-A21"
HON-565,HON,KR5V2X (V44),"L, U, RS, H, P",72147-TG7-A11; 72147-TLA-A01; 72147-TGG-A21,,catalog label extraction - review,"KR5V2X (V44) | L, U, RS, H, P | 72147-TG7-A11, 72147-TLA-A01, | 72147-TGG-A21"
HON-566,HON,KR5V1X L,,72147-TK8-A71,,catalog label extraction - review,"KR5V1X | L, U, H, LSD, RSD, P | 72147-TK8-A71"
HON-567,HON,KR5V1X L,,72147-TK8-A51,,catalog label extraction - review,"KR5V1X | L, U, LSD, RSD, PDR, P | 72147-TK8-A51"
HON-568,HON,KR5V2X L,,72147-THR-A21,,catalog label extraction - review,"KR5V2X | L, U, LSD, RSD, RS, H, P | 72147-THR-A21"
HON-569,HON,A269ZUA108 L,,08E51-ST7-2M2G1,,catalog label extraction - review,"A269ZUA108 | L, U, O, P | 08E51-ST7-2M2G1"
HON-570,HON,CWT72147KA,"L, U, T, P",72147-SZ3-A02,,catalog label extraction - review,"CWT72147KA | L, U, T, P | 72147-SZ3-A02"
HON-571,HON,KR5TP-4,"L, U, T, RS, P",72147-T43-A11,,catalog label extraction - review,"KR5TP-4 | L, U, T, RS, P | 72147-T43-A11"
HON-572,HON,KR5TP-4,"L, U, T, RS, P",72147-3A0-A01,,catalog label extraction - review,"KR5TP-4 | L, U, T, RS, P | 72147-3A0-A01"
HON-573,HON,,"L, U, T, P",72147-T90-A21,,catalog label extraction - review,"L, U, T, P | 72147-T90-A21"
HON-HO05PT,HON,"HO05PT; ""G"" 35118-T2A-A10",,,,catalog label extraction - review,"HO05PT / ""G"" | 35118-T2A-A10"
HONDA-2,HONDA,KOBATA12A,"L, U, RS, P",08E91-E54-1M0-01,,catalog label extraction - review,"KOBATA12A | L, U, RS, P | 08E91-E54-1M0-01"
HONDA-3,HONDA,TIC-RS06AC SRT,,38010-S5A-A,,catalog label extraction - review,"TIC-RS06AC | SRT, STP | 38010-S5A-A"
HONDA-6,HONDA,TIC-RS07AC1 SRT,,08E91-E22-1M0-01,,catalog label extraction - review,"TIC-RS07AC1 | SRT, STP | 08E91-E22-1M0-01"
HYU-1152,HYU,OSLOKA-510T,"L, U",95411-2D100; 95411-2D101; 95411-3A200,,catalog label extraction - review,"OSLOKA-510T | L, U | 95411-2D100, 95411-2D101, | 95411-3A200"
HYU-1155,HYU,OSLOKA-221T,"L, U, P",95411-26200,,catalog label extraction - review,"OSLOKA-221T | L, U, P | 95411-26200"
HYU-1158,HYU,OSLOKA-221T,"L, U, P",95411-26201,,catalog label extraction - review,"OSLOKA-221T | L, U, P | 95411-26201"
HYU-1161,HYU,OSLOKA-230T,"L, U, P",95411-26202,,catalog label extraction - review,"OSLOKA-230T | L, U, P | 95411-26202"
HYU-1164,HYU,PLNHM-T002,"L, U, P",95430-1E000; 95430-0E012; 95430-1E011; 95430-1E012,,catalog label extraction - review,"PLNHM-T002 | L, U, P | 95430-1E000, 95430-0E012, | 95430-1E011, 95430-1E012"
HYU-1167,HYU,OSLOKA-230T,"L, U, T",95430-39080; 95430-39081,,catalog label extraction - review,"OSLOKA-230T | L, U, T | 95430-39080, 95430-39081"
HYU-1170,HYU,PINHA-COEF311T,"L, U, T",95430-3D201,,catalog label extraction - review,"PINHA-COEF311T | L, U, T | 95430-3D201"
HYU-1176,HYU,LXP-RKE225,"L, U",95440-2C000,,catalog label extraction - review,"LXP-RKE225 | L, U | 95440-2C000"
HYU-1179,HYU,LXP-RK225,"L, U, P",95440-2C410,,catalog label extraction - review,"LXP-RK225 | L, U, P | 95440-2C410"
HYU-1182,HYU,OSLOKA-110T; OSLOKA-320T,"L, U, P",95430-2E200,,catalog label extraction - review,"OSLOKA-110T, OSLOKA-320T | L, U, P | 95430-2E200"
HYU-1185,HYU,SY55WY8212,"L, U, H, P",95430-3L022,,catalog label extraction - review,"SY55WY8212 | L, U, H, P | 95430-3L022"
HYU-1188,HYU,OSLOKA-240T,"L, U, P",95411-26203,,catalog label extraction - review,"OSLOKA-240T | L, U, P | 95411-26203"
HYU-1191,HYU,OSLOKA-220T,"L, U, T",95430-39040,,catalog label extraction - review,"OSLOKA-220T | L, U, T | 95430-39040"
HYU-1194,HYU,SV3-100060233,"L, U, P",95430-4J000; 95430-4J001,,catalog label extraction - review,"SV3-100060233 | L, U, P | 95430-4J000, 95430-4J001"
HYU-1197,HYU,SV3-100060234,"L, U, SD, SD, P",95430-4J011,,catalog label extraction - review,"SV3-100060234 | L, U, SD, SD, P | 95430-4J011"
HYU-1200,HYU,OSLOKA-310T,"L, U, TH, P",95430-3K200; 95430-3K201; 95430-3K202; 95430-2H200,,catalog label extraction - review,"OSLOKA-310T | L, U, TH, P | 95430-3K200, 95430-3K201, | 95430-3K202, 95430-2H200"
HYU-1206,HYU,SY55WY8212,"L, U, T, P",95430-3L022,,catalog label extraction - review,"SY55WY8212 | L, U, T, P | 95430-3L022"
HYU-1212,HYU,SV3-100060235,"L, U, H, SD, SD, P",95430-4J021,,catalog label extraction - review,"SV3-100060235 | L, U, H, SD, SD, P | 95430-4J021"
HYU-1218,HYU,OSLOKA-221T,"L, U, T",95430-39080,,catalog label extraction - review,"OSLOKA-221T | L, U, T | 95430-39080"
HYU-1221,HYU,OSLOKA-221T,"L, U, P",95411-26200; 95411-26201; 95411-26203; 95411-2D200,,catalog label extraction - review,"OSLOKA-221T | L, U, P | 95411-26200, 95411-26201, | 95411-26203, 95411-2D200"
HYU-1224,HYU,SY5VISMKFNA04,"L, U, H, P",95440-3J600,,catalog label extraction - review,"SY5VISMKFNA04 | L, U, H, P | 95440-3J600"
HYU-1230,HYU,PINHA-T008,"L, U, H, P",95430-2L300; 95430-2L350,,catalog label extraction - review,"PINHA-T008 | L, U, H, P | 95430-2L300, 95430-2L350"
HYU-1233,HYU,PINHA-T038,"L, U, P",95411-0W100; 95411-0W120,,catalog label extraction - review,"PINHA-T038 | L, U, P | 95411-0W100, 95411-0W120"
HYU-1236,HYU,OSLOKA-950T,"L, U, TH, P",95430-3Q000,,catalog label extraction - review,"OSLOKA-950T | L, U, TH, P | 95430-3Q000, 95430-3Q001 | --- PAGE BREAK ---"
HYU-1239,HYU,OSLOKA-360T,"L, U, TH, P",95430-3X500; 95430-3X501,,catalog label extraction - review,"OSLOKA-360T | L, U, TH, P | 95430-3X500, 95430-3X501"
HYU-1242,HYU,OSLOKA-850T,"L, U, P",95430-2S200; 95430-2S201,,catalog label extraction - review,"OSLOKA-850T | L, U, P | 95430-2S200, 95430-2S201"
HYU-1245,HYU,NYOSEKS-TF10ATX,"L, U, H, P",95430-2V100,,catalog label extraction - review,"NYOSEKS-TF10ATX | L, U, H, P | 95430-2V100"
HYU-1246,HYU,TQ8-RKE-3F01,"L, U, P",95430-1R200,,catalog label extraction - review,"TQ8-RKE-3F01 | L, U, P | 95430-1R200"
HYU-1247,HYU,OSLOKA-310T,"L, U, TH, P",95430-3K200; 95430-3K201; 95430-3K202; 95430-2H200,,catalog label extraction - review,"OSLOKA-310T | L, U, TH, P | 95430-3K200, 95430-3K201, | 95430-3K202, 95430-2H200"
HYU-1248,HYU,TQ8-RKE-3F04 L,,95430-4Z101,,catalog label extraction - review,"TQ8-RKE-3F04 | L, U, HH, P | 95430-4Z101"
HYU-1249,HYU,SY5HMFNA04,"L, U, TH, P",95440-2M300; 95440-2M350,,catalog label extraction - review,"SY5HMFNA04 | L, U, TH, P | 95440-2M300, 95440-2M350, | 95440-2M351 (Discontinued), | Scan for More"
HYU-1250,HYU,SY5HMFNA04,"L, U, TH, P",95440-3Q000; 95440-3M100; 95440-3M220,,catalog label extraction - review,"SY5HMFNA04 | L, U, TH, P | 95440-3Q000, 95440-3M100, | 95440-3M220, Scan for More"
HYU-1251,HYU,SY5HMFNA04 L,,95440-2S300,,catalog label extraction - review,"SY5HMFNA04 | L, U, HH, P | 95440-2S300"
HYU-1252,HYU,SY5DMFNA04 L,,95440-4Z200,,catalog label extraction - review,"SY5DMFNA04 | L, U, HH, P | 95440-4Z200"
HYU-1253,HYU,SY5HMFNA04 L,,95440-A53004X; 95440-2V100,,catalog label extraction - review,"SY5HMFNA04 | L, U, HH, P | 95440-A53004X, 95440-2V100"
HYU-1254,HYU,SY5HMFNA04 L,,95440-2V100; 95440-A53004X,,catalog label extraction - review,"SY5HMFNA04 | L, U, HH, P | 95440-2V100, 95440-A53004X"
HYU-1255,HYU,TQ8-RKE-3F03,"L, U, H, P",95430-A5200,,catalog label extraction - review,"TQ8-RKE-3F03 | L, U, H, P | 95430-A5200"
HYU-1256,HYU,TQ8-RKE-4F14,"L, U, P",95430-1R300,,catalog label extraction - review,"TQ8-RKE-4F14 | L, U, P | 95430-1R300"
HYU-1257,HYU,SY52NDFNA04,"L, U, H, P",95430-3J500,,catalog label extraction - review,"SY52NDFNA04 | L, U, H, P | 95430-3J500"
HYU-1258,HYU,TQ8-RKE-4F16,"L, U, TH, P",95430-C1010,,catalog label extraction - review,"TQ8-RKE-4F16 | L, U, TH, P | 95430-C1010"
HYU-1259,HYU,GOH-PCGEN2,"L, U, RS, P",7L3J-15K601-44,,catalog label extraction - review,"GOH-PCGEN2 | L, U, RS, P | 7L3J-15K601-44"
HYU-1260,HYU,GOH-PCGEN2 L,,00056-ADU10,,catalog label extraction - review,"GOH-PCGEN2 | L, U, T, S, RS, P | 00056-ADU10"
HYU-1261,HYU,SY5DMFNA433,"L, U, TH, P",95440-3V022,,catalog label extraction - review,"SY5DMFNA433 | L, U, TH, P | 95440-3V022"
HYU-1262,HYU,TQ8HM-T032,"L, U, P",5074A-HMT032,,catalog label extraction - review,"TQ8HM-T032 | L, U, P | 5074A-HMT032"
HYU-1263,HYU,PINHA-T008,"L, U, TH, P",95430-2L350; 95430-2L300,,catalog label extraction - review,"PINHA-T008 | L, U, TH, P | 95430-2L350, 95430-2L300"
HYU-1264,HYU,SY5MDFNA433,"L, U, TH, P",95440-3X520; 95440-3X500,,catalog label extraction - review,"SY5MDFNA433 | L, U, TH, P | 95440-3X520, 95440-3X500"
HYU-1265,HYU,TQ8-FOB-4F03 L,,95440-2S600,,catalog label extraction - review,"TQ8-FOB-4F03 | L, U, HH, P | 95440-2S600"
HYU-1266,HYU,SY5DMFNA04,"L, U, TH, P",95440-3N470,,catalog label extraction - review,"SY5DMFNA04 | L, U, TH, P | 95440-3N470"
HYU-1267,HYU,SY5DMFNA433 L,,95440-B8100,,catalog label extraction - review,"SY5DMFNA433 | L, U, HH, P | 95440-B8100"
HYU-1268,HYU,SY5HMFNA04,"L, U, TH, P",95440-3N250; 95440-3M220; 95440-3M230; 95440-3Q000; 95440-3V021,,catalog label extraction - review,"SY5HMFNA04 | L, U, TH, P | 95440-3N250, 95440-3M220, | 95440-3M230, 95440-3Q000, | 95440-3V021"
HYU-1269,HYU,TQ8-RKE-4F25 L,,95430-D3010,,catalog label extraction - review,"TQ8-RKE-4F25 | L, U, HH, P | 95430-D3010"
HYU-1270,HYU,SY5DHFNA433,"L, U, TH, P",95440-B1200BLH; 95440-B1200; 95440-B1210,,catalog label extraction - review,"SY5DHFNA433 | L, U, TH, P | 95440-B1200BLH, 95440-B1200, | 95440-B1210"
HYU-1271,HYU,SY5DMFNA433,"L, U, TH, P",95440-3N470,,catalog label extraction - review,"SY5DMFNA433 | L, U, TH, P | 95440-3N470"
HYU-1272,HYU,SY5DMFNA04 L,,95440-3N470,,catalog label extraction - review,"SY5DMFNA04 | L, U, HH, P | 95440-3N470"
HYU-1273,HYU,SY5MDFNA433 L,,95440-A5310; 95440-A5010,,catalog label extraction - review,"SY5MDFNA433 | L, U, HH, P | 95440-A5310, 95440-A5010"
HYU-1274,HYU,OSLOKA-423T,"L, U, TH, P",95430-F2300; 95430-F2300RDC,,catalog label extraction - review,"OSLOKA-423T | L, U, TH, P | 95430-F2300, 95430-F2300RDC"
HYU-1275,HYU,TQ8-FOB-4F07 L,,95440-D3100NNA; 95440-D3100,,catalog label extraction - review,"TQ8-FOB-4F07 | L, U, HH, P | 95440-D3100NNA, 95440-D3100"
HYU-1276,HYU,CQOFD00120,"L, U, TH, P",95440-C1000NNA; 95440-C1000; 95440-C1001,,catalog label extraction - review,"CQOFD00120 | L, U, TH, P | 95440-C1000NNA, | 95440-C1000, 95440-C1001"
HYU-1277,HYU,SY5RBFNA433,"L, U, TH, P",95440-2M420,,catalog label extraction - review,"SY5RBFNA433 | L, U, TH, P | 95440-2M420"
HYU-1278,HYU,CQOFD00120,"L, U, TH, P",95440-F2000; 95440-F3000,,catalog label extraction - review,"CQOFD00120 | L, U, TH, P | 95440-F2000, 95440-F3000"
HYU-1281,HYU,TQ8-RKE-3F03,"L, U, H, P",95430-A5200,,catalog label extraction - review,"TQ8-RKE-3F03 | L, U, H, P | 95430-A5200"
HYU-1284,HYU,SY5DMFNA04,"L, U, TH, P",95440-3N470,,catalog label extraction - review,"SY5DMFNA04 | L, U, TH, P | 95440-3N470"
HYU-1285,HYU,SY5DMFNA04,"L, U, TH, P",95440-D2000BLH,,catalog label extraction - review,"SY5DMFNA04 | L, U, TH, P | 95440-D2000BLH"
HYU-1286,HYU,TQ8-RKE-4F31,"L, U, H, P",95430-2W110,,catalog label extraction - review,"TQ8-RKE-4F31 | L, U, H, P | 95430-2W110"
HYU-1287,HYU,OKA-NO38,"L, U, TH, P",95430-F2001,,catalog label extraction - review,"OKA-NO38 | L, U, TH, P | 95430-F2001"
HYU-1288,HYU,TQ8-FOB-4F11 L,,95440-G2000,,catalog label extraction - review,"TQ8-FOB-4F11 | L, U, HH, P | 95440-G2000"
HYU-1289,HYU,CQOFD00120,"L, U, TH, P",95440-C1500NNA; 95440-C1500; 95440-C2500,,catalog label extraction - review,"CQOFD00120 | L, U, TH, P | 95440-C1500NNA, | 95440-C1500, 95440-C2500"
HYU-1290,HYU,TQ8-RKE-4F25,"L, U, TH, P",95430-C1210; 95430-C2210,,catalog label extraction - review,"TQ8-RKE-4F25 | L, U, TH, P | 95430-C1210,95430-C2210"
HYU-1291,HYU,NYOSYEC4FOB1608 L,,95440-G3000,,catalog label extraction - review,"NYOSYEC4FOB1608 | L, U, HH, P | 95440-G3000"
HYU-1293,HYU,TQ8-FOB-4F18 L,,95440-J9000; 95440-J9010,,catalog label extraction - review,"TQ8-FOB-4F18 | L, U, HH, P | 95440-J9000, 95440-J9010"
HYU-1294,HYU,OSLOKA-450T,"L, U, H, P",95430-G3100,,catalog label extraction - review,"OSLOKA-450T | L, U, H, P | 95430-G3100"
HYU-1295,HYU,TQ8-FOB-4F19 L,,95440-S1000,,catalog label extraction - review,"TQ8-FOB-4F19 | L, U, HH, P | 95440-S1000"
HYU-1296,HYU,OSLOKA-450T (OS) L,,95430-J9500,,catalog label extraction - review,"OSLOKA-450T (OS) | L, U, HH, P | 95430-J9500"
HYU-1297,HYU,NYOSYEC4TX1707 (HC-4BT),"L, U, TH, P",95430-J0700,,catalog label extraction - review,"NYOSYEC4TX1707 (HC-4BT) | L, U, TH, P | 95430-J0700"
HYU-1298,HYU,SY5HIFGE04,"L, U, TH, P",95440-D2000NNB,,catalog label extraction - review,"SY5HIFGE04 | L, U, TH, P | 95440-D2000NNB"
HYU-1299,HYU,SY5IGRGE04 L,,95430-J3010,,catalog label extraction - review,"SY5IGRGE04 | L, U, HH, P | 95430-J3010"
HYU-1300,HYU,TQ8-RKE-4F39,"L, U, H, P",95430-S2100,,catalog label extraction - review,"TQ8-RKE-4F39 | L, U, H, P | 95430-S2100"
HYU-1301,HYU,TQ8-FOB-4F19 L,,95440-S2000,,catalog label extraction - review,"TQ8-FOB-4F19 | L, U, HH, P | 95440-S2000"
HYU-1302,HYU,SY5IGFGE04 L,,95440-K9000,,catalog label extraction - review,"SY5IGFGE04 | L, U, HH, P | 95440-K9000"
HYU-1303,HYU,TQ8-FOB-4F11 L,,95440-D3110,,catalog label extraction - review,"TQ8-FOB-4F11 | L, U, HH, P | 95440-D3110"
HYU-1304,HYU,CQOFD00120,"L, U, TH, P",95440-F2002,,catalog label extraction - review,"CQOFD00120 | L, U, TH, P | 95440-F2002"
HYU-1305,HYU,TQ8-FOB-4F11 L,,95440-D3510,,catalog label extraction - review,"TQ8-FOB-4F11 | L, U, HH, P | 95440-D3510"
HYU-1306,HYU,TQ8-FOB-4F20,"L, U, TH, PAI, PAO, RSH, P",95440-M5000,,catalog label extraction - review,"TQ8-FOB-4F20 | L, U, TH, PAI, PAO, RSH, P | 95440-M5000"
HYU-1307,HYU,TQ8-RKE-4F39,"L, U, H, P",,,catalog label extraction - review,"TQ8-RKE-4F39 | L, U, H, P | 95430-S1000 | --- PAGE BREAK ---"
HYU-1308,HYU,SY5IGFGE04 L,,95440-J3000,,catalog label extraction - review,"SY5IGFGE04 | L, U, HH, P | 95440-J3000"
HYU-1309,HYU,TQ8FOB4F16,"L, U, TH, P",95440-G9000,,catalog label extraction - review,"TQ8FOB4F16 | L, U, TH, P | 95440-G9000"
HYU-1310,HYU,TQ8-FOB-4F29 L,,95440-S8010,,catalog label extraction - review,"TQ8-FOB-4F29 | L, U, HH, RSH, P | 95440-S8010"
HYU-1311,HYU,TQ8-FOB-4F19,"L, U, RSH, P",95440-S8310,,catalog label extraction - review,"TQ8-FOB-4F19 | L, U, RSH, P | 95440-S8310"
HYU-1312,HYU,NYOSYEC4FOB1608,"L, U, TH, P",95440-J0100,,catalog label extraction - review,"NYOSYEC4FOB1608 | L, U, TH, P | 95440-J0100"
HYU-1313,HYU,SY51GRGE03,"L, U, P",95430-K2400,,catalog label extraction - review,"SY51GRGE03 | L, U, P | 95430-K2400"
HYU-1314,HYU,SY5FD1GRGE03,"L, U, P",95430-K2500,,catalog label extraction - review,"SY5FD1GRGE03 | L, U, P | 95430-K2500"
HYU-1315,HYU,SY5IGFGE04,"L, U, RSH, P",95440-K2400,,catalog label extraction - review,"SY5IGFGE04 | L, U, RSH, P | 95440-K2400"
HYU-1316,HYU,TQ8-FOB-4F28,"L, U, TH, PAI, PAO, RSH, P",95440-L1500,,catalog label extraction - review,"TQ8-FOB-4F28 | L, U, TH, PAI, PAO, RSH, P | 95440-L1500"
HYU-1317,HYU,TQ8-FOB-4F27 L,,95440-L1010,,catalog label extraction - review,"TQ8-FOB-4F27 | L, U, HH, RSH, P | 95440-L1010"
HYU-1318,HYU,TQ8-RKE-4F41,"L, U, P",95430-S2300,,catalog label extraction - review,"TQ8-RKE-4F41 | L, U, P | 95430-S2300"
HYU-1319,HYU,TQ8-FOB-4F27 L,,95440-L1060,,catalog label extraction - review,"TQ8-FOB-4F27 | L, U, HH, RSH, P | 95440-L1060"
HYU-1320,HYU,TQ8-RKE-4F40,"L, U, TH, P",95430-L1000,,catalog label extraction - review,"TQ8-RKE-4F40 | L, U, TH, P | 95430-L1000"
HYU-1321,HYU,SY5QXFGE03,"L, U, P",95440-K2200,,catalog label extraction - review,"SY5QXFGE03 | L, U, P | 95440-K2200"
HYU-1322,HYU,TQ8-FOB-4F20 L,,95440-M5300,,catalog label extraction - review,"TQ8-FOB-4F20 | L, U, HH, P | 95440-M5300"
HYU-1323,HYU,TQ8-FOB-4F11 L,,95440-G2500,,catalog label extraction - review,"TQ8-FOB-4F11 | L, U, HH, P | 95440-G2500"
HYU-1324,HYU,TQ8-FOB-4F30,"L, U, P",95440-S2200,,catalog label extraction - review,"TQ8-FOB-4F30 | L, U, P | 95440-S2200"
HYU-1325,HYU,TQ8-FOB-4F19 L,,95440-J9001,,catalog label extraction - review,"TQ8-FOB-4F19 | L, U, HH, P | 95440-J9001"
HYU-1326,HYU,TQ8-FOB-4F11 L,,95440-G2010,,catalog label extraction - review,"TQ8-FOB-4F11 | L, U, HH, P | 95440-G2010"
HYU-1327,HYU,CQOFD00120,"L, U, TH, P",95440-F3002,,catalog label extraction - review,"CQOFD00120 | L, U, TH, P | 95440-F3002"
HYU-1328,HYU,TQ8-FOB-4F36,"L, U, TH, HL, RSH, P",95440-T1000,,catalog label extraction - review,"TQ8-FOB-4F36 | L, U, TH, HL, RSH, P | 95440-T1000"
HYU-1329,HYU,TQ8-FOB-4F35,"L, U, TH, PAI, PAO, HL, RSH, P",95440-T1200,,catalog label extraction - review,"TQ8-FOB-4F35 | L, U, TH, PAI, PAO, HL, RSH, P | 95440-T1200"
HYU-1330,HYU,NYOMBEC4TX2004,"L, U, TH, P",95430-AA000,,catalog label extraction - review,"NYOMBEC4TX2004 | L, U, TH, P | 95430-AA000"
HYU-1331,HYU,Smart Key Card L0H81-AK000,,,Smart Key Card,catalog label extraction - review,Smart Key Card | L0H81-AK000
HYU-1332,HYU,TQ8-RKE-4F41,"L, U, P",95430-S8500,,catalog label extraction - review,"TQ8-RKE-4F41 | L, U, P | 95430-S8500"
HYU-1333,HYU,NYOMBEC5FOB2004,"L, U, TH, RSH, P",95440-AA000,,catalog label extraction - review,"NYOMBEC5FOB2004 | L, U, TH, RSH, P | 95440-AA000"
HYU-1334,HYU,TQ8-FOB-4F27 L,,95440-S1570,,catalog label extraction - review,"TQ8-FOB-4F27 | L, U, HH, RSH, P | 95440-S1570"
HYU-1335,HYU,TQ8-FOB-4F36,"L, U, TH, HL, RSH, P",95440-T6100,,catalog label extraction - review,"TQ8-FOB-4F36 | L, U, TH, HL, RSH, P | 95440-T6100"
HYU-1336,HYU,TQ8-FOB-4F35 L,,95440-T6011,,catalog label extraction - review,"TQ8-FOB-4F35 | L, U, HH, PAI, PAO, HL, RSH, P | 95440-T6011"
HYU-1337,HYU,TQ8-FOB-4F28 L,,95440-N9080,,catalog label extraction - review,"TQ8-FOB-4F28 | L, U, HH, PAI, PAO, RSH, P | 95440-N9080"
HYU-1338,HYU,TQ8-FOB-4F28 L,,95440-S1560,,catalog label extraction - review,"TQ8-FOB-4F28 | L, U, HH, PAI, PAO, RSH, P | 95440-S1560"
HYU-1339,HYU,TQ8-FOB-4F27 L,,95440-N9070,,catalog label extraction - review,"TQ8-FOB-4F27 | L, U, HH, RSH, P | 95440-N9070"
HYU-1340,HYU,NYOMBEC5FOB2004,"L, U, TH, P",95440-AA100,,catalog label extraction - review,"NYOMBEC5FOB2004 | L, U, TH, P | 95440-AA100"
HYU-1341,HYU,TQ8-FOB-4F26,"L, U, RS, P",95440-S2500,,catalog label extraction - review,"TQ8-FOB-4F26 | L, U, RS, P | 95440-S2500"
HYU-1342,HYU,TQ8-RKE-4F40,"L, U, H, P",95430-N9010,,catalog label extraction - review,"TQ8-RKE-4F40 | L, U, H, P | 95430-N9010"
HYU-1343,HYU,TQ8-FOB-4F26,"L, U, RS, P",95440-N9050,,catalog label extraction - review,"TQ8-FOB-4F26 | L, U, RS, P | 95440-N9050"
HYU-1344,HYU,TQ8-FOB-4F43,"L, U, RSH, P",95440-J9450,,catalog label extraction - review,"TQ8-FOB-4F43 | L, U, RSH, P | 95440-J9450"
HYU-1345,HYU,TQ8-FOB-4F18 L,,95440-J9010,,catalog label extraction - review,"TQ8-FOB-4F18 | L, U, HH, P | 95440-J9010"
HYU-1346,HYU,TQ8-FOB-4F27 L,,95440-S1530,,catalog label extraction - review,"TQ8-FOB-4F27 | L, U, HH, RSH, P | 95440-S1530"
HYU-1347,HYU,TQ8-FOB-4F43,"L, U, RS, P",95440-J9400,,catalog label extraction - review,"TQ8-FOB-4F43 | L, U, RS, P | 95440-J9400"
HYU-1348,HYU,TQ8-FOB-4F35 L,,95440-T6014,,catalog label extraction - review,"TQ8-FOB-4F35 | L, U, HH, PAI, PAO, HL, RSH, P | 95440-T6014"
HYU-1349,HYU,TQ8-FOB-4F32,"L, U, RSH, P",95440-S8310,,catalog label extraction - review,"TQ8-FOB-4F32 | L, U, RSH, P | 95440-S8310"
HYU-1350,HYU,CQOFD01470 L,,95440-GI020,,catalog label extraction - review,"CQOFD01470 | L, U, RS, H, P, Plug In | 95440-GI020"
HYU-1351,HYU,CQOFD01480 L,P,95440-GI050,,catalog label extraction - review,"CQOFD01480 | L, U, HH, ECC, PAI, PAO, RSH, | P | 95440-GI050"
HYU-1352,HYU,TQ8-FOB-4F28 L,,95440-N9010,,catalog label extraction - review,"TQ8-FOB-4F28 | L, U, HH, PAI, PAO, RSH, P | 95440-N9010"
HYU-1353,HYU,TQ8-FOB-4F27 L,,95440-N9072,,catalog label extraction - review,"TQ8-FOB-4F27 | L, U, HH, RSH, P | 95440-N9072"
HYU-1354,HYU,TQ8-FOB-4F28 L,,95440-N9082,,catalog label extraction - review,"TQ8-FOB-4F28 | L, U, HH, PAI, PAO, RSH, P | 95440-N9082"
HYU-1355,HYU,SY5SKRGE03,"L, U, P",95430-R0000,,catalog label extraction - review,"SY5SKRGE03 | L, U, P | 95430-R0000"
HYU-1356,HYU,NY0SYEC4TX1907,"L, U, P",95430-Q5510,,catalog label extraction - review,"NY0SYEC4TX1907 | L, U, P | 95430-Q5510"
HYU-1357,HYU,TQ8-RKE-4F41,"L, U, P",95430-S2200,,catalog label extraction - review,"TQ8-RKE-4F41 | L, U, P | 95430-S2200"
HYU-1358,HYU,NYOSYEC4TX1707 L,,95430-J0800,,catalog label extraction - review,"NYOSYEC4TX1707 | L, U, HH, P | 95430-J0800"
HYU-1359,HYU,NYOSYEC4TX1611,"L, U, TH, P",95430-H9800,,catalog label extraction - review,"NYOSYEC4TX1611 | L, U, TH, P | 95430-H9800"
HYU-1360,HYU,OSLOKA-875T,"L, U, TH, P",,,catalog label extraction - review,"OSLOKA-875T | L, U, TH, P"
HYU-1361,HYU,OSLOKA-450T,"L, U, T, P",95430-J9700,,catalog label extraction - review,"OSLOKA-450T | L, U, T, P | 95430-J9700"
HYU-1362,HYU,NY0MBEC4TX2004,"L, U, T, P",95430-AA100,,catalog label extraction - review,"NY0MBEC4TX2004 | L, U, T, P | 95430-AA100"
HYU-1363,HYU,NYOSYEC4TX1611,"L, U, T, P",95430-H9850,,catalog label extraction - review,"NYOSYEC4TX1611 | L, U, T, P | 95430-H9850"
HYU-1364,HYU,2AV76-NMOK-451T,"L, U, P",95430-J9400,,catalog label extraction - review,"2AV76-NMOK-451T | L, U, P | 95430-J9400"
HYU-1367,HYU,TQ8-FOB-4F31,"L, U, P",95440-S2200,,catalog label extraction - review,"TQ8-FOB-4F31 | L, U, P | 95440-S2200"
HYU-1368,HYU,TQ8-FOB-4F19,"L, U, RSH, P",95440-S8310,,catalog label extraction - review,"TQ8-FOB-4F19 | L, U, RSH, P | 95440-S8310"
HYU-1369,HYU,TQ8-FOB-4F32 L,,,,catalog label extraction - review,"TQ8-FOB-4F32 | L, U, HH, P | 95440-S2000 | --- PAGE BREAK ---"
HYU-1370,HYU,SY5MQ4AFGE04,"L, U, RSH, P",95440-P1400,,catalog label extraction - review,"SY5MQ4AFGE04 | L, U, RSH, P | 95440-P1400"
HYU-1371,HYU,TQ8-FOB-4F46,"L, U, RSH, P",95440-J5551,,catalog label extraction - review,"TQ8-FOB-4F46 | L, U, RSH, P | 95440-J5551"
HYU-1374,HYU,CQOFD00430,"L, U, T, P",95440-M6500; 95440-M6501,,catalog label extraction - review,"CQOFD00430 | L, U, T, P | 95440-M6500, 95440-M6501"
HYU-1375,HYU,TQ8-FOB-4F43,"L, U, P, RS",95440-I3450,,catalog label extraction - review,"TQ8-FOB-4F43 | L, U, P, RS | 95440-I3450"
HYU-1376,HYU,TQ8-FOB-4F21,"L, U, P, H",95440-M5310,,catalog label extraction - review,"TQ8-FOB-4F21 | L, U, P, H | 95440-M5310"
HYU-1377,HYU,CQOFN01050 95440-AT110,,,,catalog label extraction - review,CQOFN01050 | 95440-AT110
HYU-1378,HYU,TQ8-FOB-4F26,"L, U, RS, P",95440-S2600,,catalog label extraction - review,"TQ8-FOB-4F26 | L, U, RS, P | 95440-S2600"
HYU-1379,HYU,CQOFD00790 L,,42705-00301,,catalog label extraction - review,"CQOFD00790 | L, U, TH, RSH, BL | 42705-00301"
HYU-1380,HYU,TQ8-FOB-4F34 L,,95440-G5020,,catalog label extraction - review,"TQ8-FOB-4F34 | L, U, HH, RSH, P | 95440-G5020"
HYU-1381,HYU,CQOFD00790,"L, U, TH, RSH, P",95440-M7200,,catalog label extraction - review,"CQOFD00790 | L, U, TH, RSH, P | 95440-M7200"
HYU-1382,HYU,SY5MQ4FGE05 L,,95440-P2010,,catalog label extraction - review,"SY5MQ4FGE05 | L, U, HH, RSH, P | 95440-P2010"
HYU-1383,HYU,TQ8-FOB-4F27 L,,95440-S1670,,catalog label extraction - review,"TQ8-FOB-4F27 | L, U, HH, RSH, P | 95440-S1670"
HYU-1384,HYU,TQ8-FOB-4F46,"L, U, TH, RSH, P",95440-J5501,,catalog label extraction - review,"TQ8-FOB-4F46 | L, U, TH, RSH, P | 95440-J5501"
HYU-1385,HYU,TQ8-FOB-4F27,"L, U, TH, RSH, P",95440-L1160,,catalog label extraction - review,"TQ8-FOB-4F27 | L, U, TH, RSH, P | 95440-L1160"
HYU-1387,HYU,TQ8-FOB-4F27 L,,95440-S1630,,catalog label extraction - review,"TQ8-FOB-4F27 | L, U, HH, RSH, P | 95440-S1630"
HYU-1388,HYU,TQ8-FOB-4F33 L,,95440-S8060,,catalog label extraction - review,"TQ8-FOB-4F33 | L, U, HH, RSH, P | 95440-S8060"
HYU-1389,HYU,TQ8-FOB-4F27 L,,95440-N9000,,catalog label extraction - review,"TQ8-FOB-4F27 | L, U, HH, RSH, P | 95440-N9000"
HYU-1390,HYU,TQ8-FOB-4F27,"L, U, TG, RSH, P",95440-K5012,,catalog label extraction - review,"TQ8-FOB-4F27 | L, U, TG, RSH, P | 95440-K5012"
HYU-1392,HYU,TQ8-FOB-4F27,"L, U, TG, RS, P",95440-K5010,,catalog label extraction - review,"TQ8-FOB-4F27 | L, U, TG, RS, P | 95440-K5010"
HYU-1393,HYU,TQ8-FOB-4F26,"L, U, T, RS, P",95440-L1110,,catalog label extraction - review,"TQ8-FOB-4F26 | L, U, T, RS, P | 95440-L1110"
HYU-1394,HYU,NYOMBEC5FOB2004,"L, U, T, RS, P",95440-IB000,,catalog label extraction - review,"NYOMBEC5FOB2004 | L, U, T, RS, P | 95440-IB000"
HYU-1395,HYU,CQOFN01200 95440-GI010,,,,catalog label extraction - review,CQOFN01200 | 95440-GI010
HYU-1396,HYU,TQ8-FOB-4F71,"L, U, P, H, RS",95440-S9510,,catalog label extraction - review,"TQ8-FOB-4F71 | L, U, P, H, RS | 95440-S9510"
HYU-1397,HYU,TQ8-FOB-4F71,"L, U, P, H, RS",95440-S9540,,catalog label extraction - review,"TQ8-FOB-4F71 | L, U, P, H, RS | 95440-S9540"
HYU-1398,HYU,TQ8-FOB-4F36,"L, U, TH, HL, RSH, P",95440-G9530,,catalog label extraction - review,"TQ8-FOB-4F36 | L, U, TH, HL, RSH, P | 95440-G9530"
HYU-1399,HYU,TQ8-FOB-4F36,"L, U, TH, HL, RSH, P",95440-AR000,,catalog label extraction - review,"TQ8-FOB-4F36 | L, U, TH, HL, RSH, P | 95440-AR000"
HYU-1400,HYU,TQ8-FOB-4F36,"L, U, TH, HL, RSH, P",95440-G9630,,catalog label extraction - review,"TQ8-FOB-4F36 | L, U, TH, HL, RSH, P | 95440-G9630"
HYU-1401,HYU,TQ8-FOB-4F36 L,,95440-T6104,,catalog label extraction - review,"TQ8-FOB-4F36 | L, U, HH, HL, RSH, P | 95440-T6104"
HYU-1402,HYU,TQ8-FOB-4F36 95440-AR001,,,,catalog label extraction - review,TQ8-FOB-4F36 | 95440-AR001
HYU-1403,HYU,SY5MQ4FGE05 L,,95440-R0420,,catalog label extraction - review,"SY5MQ4FGE05 | L, U, HH, SD, SD, RSH, P | 95440-R0420"
HYU-1404,HYU,TQ8-FOB-4F28,"L, U, TH, PAI, PAO, RSH, P",95440-L1600,,catalog label extraction - review,"TQ8-FOB-4F28 | L, U, TH, PAI, PAO, RSH, P | 95440-L1600"
HYU-1405,HYU,TQ8-FOB-4F28 L,,95440-S1660,,catalog label extraction - review,"TQ8-FOB-4F28 | L, U, HH, PAI, PAO, RSH, P | 95440-S1660"
HYU-1406,HYU,FD01340 L,,95440-AT010,,catalog label extraction - review,"FD01340 | L, U, HH, RSH, PAI, PAO, P | 95440-AT010"
HYU-1407,HYU,TQ8-FOB-4F28,"L, U, PAI, PAO, RS, H, P",95440-S8600,,catalog label extraction - review,"TQ8-FOB-4F28 | L, U, PAI, PAO, RS, H, P | 95440-S8600"
HYU-1408,HYU,SY5MQ4FGE07 95440-P1200,,,,catalog label extraction - review,SY5MQ4FGE07 | 95440-P1200
HYU-1409,HYU,TQ8-FOB-4F35 L,,95440-AR010,,catalog label extraction - review,"TQ8-FOB-4F35 | L, U, HH, PAI, PAO, HL, RSH, P | 95440-AR010"
HYU-1410,HYU,TQ8-FOB-4F53U,"L, U, TH, PAI, PAO, HL, RSH, P",95440-T1210,,catalog label extraction - review,"TQ8-FOB-4F53U | L, U, TH, PAI, PAO, HL, RSH, P | 95440-T1210"
HYU-1411,HYU,TQ8-FOB-4F35 L,,95440-DS010,,catalog label extraction - review,"TQ8-FOB-4F35 | L, U, RS, PAF, PAB, HL, H, P | 95440-DS010"
HYU-1412,HYU,OSLOKA-311T,"L, U",95430-2S100,,catalog label extraction - review,"OSLOKA-311T | L, U | 95430-2S100"
HYU-1413,HYU,NYOSEKS-02TX,"L, U, P",95411-25700,,catalog label extraction - review,"NYOSEKS-02TX | L, U, P | 95411-25700"
HYU-1414,HYU,PLNBONTEC-T009,"L, U, G",95430-3E100,,catalog label extraction - review,"PLNBONTEC-T009 | L, U, G | 95430-3E100"
HYU-1415,HYU,SY52NDFNA04,"L, U, T, P",95430-3M202; 95430-3M201,,catalog label extraction - review,"SY52NDFNA04 | L, U, T, P | 95430-3M202, 95430-3M201"
HYU-1416,HYU,SY5IGFGE04,"L, U, P, RS",95440-K2410,,catalog label extraction - review,"SY5IGFGE04 | L, U, P, RS | 95440-K2410"
HYU-1417,HYU,TQ8-RKE-4F43,"L, U, P",95430-N9050,,catalog label extraction - review,"TQ8-RKE-4F43 | L, U, P | 95430-N9050"
HYU-1418,HYU,TQ8-RKE-4F40 L,,95430-K5010,,catalog label extraction - review,"TQ8-RKE-4F40 | L, U, LG, P | 95430-K5010"
HYU-1419,HYU,TQ8-FOB-4F26,"L, U, RS, P",95440-N9052,,catalog label extraction - review,"TQ8-FOB-4F26 | L, U, RS, P | 95440-N9052"
HYU-1420,HYU,NYOMBEC4FOB2004,"L, U, T, P",95440-IB100,,catalog label extraction - review,"NYOMBEC4FOB2004 | L, U, T, P | 95440-IB100"
HYU-1421,HYU,TQ8-FOB-4F26,"L, U, P, RS",95440-S8520,,catalog label extraction - review,"TQ8-FOB-4F26 | L, U, P, RS | 95440-S8520"
HYU-1422,HYU,TQ8-FOB-4F27,"L, U, T, RS, P",95440-N9002,,catalog label extraction - review,"TQ8-FOB-4F27 | L, U, T, RS, P | 95440-N9002"
HYU-1423,HYU,TQ8-F0B-4F27,"L, U, T, RS, P",95440-S8550,,catalog label extraction - review,"TQ8-F0B-4F27 | L, U, T, RS, P | 95440-S8550"
HYU-1424,HYU,TQ8-F0B-4F27,"L, U, T, RS, P",95440-S8540,,catalog label extraction - review,"TQ8-F0B-4F27 | L, U, T, RS, P | 95440-S8540"
HYU-1425,HYU,TQ8-FOB-4F29,"L, U, RS, H, P",95440-S8400,,catalog label extraction - review,"TQ8-FOB-4F29 | L, U, RS, H, P | 95440-S8400"
HYU-1426,HYU,NYOMBEC7FOB2208 95440-KL000,,,,catalog label extraction - review,NYOMBEC7FOB2208 | 95440-KL000
HYU-1427,HYU,NYOMBEC7FOB2208 95440-KL200,,,,catalog label extraction - review,NYOMBEC7FOB2208 | 95440-KL200
HYU-1428,HYU,TQ8-FOB-4F27,"L, U, H, RS, P",95440-K5000,,catalog label extraction - review,"TQ8-FOB-4F27 | L, U, H, RS, P | 95440-K5000"
HYU-1429,HYU,TQ8-FOB-4F27 95440-K5002,,,,catalog label extraction - review,TQ8-FOB-4F27 | 95440-K5002
HYU-1430,HYU,TQ8-FOB-4F36,"L, U, T, RS, P, L",95440-T1010,,catalog label extraction - review,"TQ8-FOB-4F36 | L, U, T, RS, P, L | 95440-T1010"
HYU-1431,HYU,TQ8-FOB-4F53U,"L, U, PAI, PAO, RS, H, P",95440-T4110,,catalog label extraction - review,"TQ8-FOB-4F53U | L, U, PAI, PAO, RS, H, P | 95440-T4110"
HYU-1432,HYU,TQ8-FOB-4F53U,"L, U, PAI, PAO, RS, H, P",95440-T4100,,catalog label extraction - review,"TQ8-FOB-4F53U | L, U, PAI, PAO, RS, H, P | 95440-T4100"
HYU-1433,HYU,TQ8-FOB-4F28 95440-N9012,,,,catalog label extraction - review,TQ8-FOB-4F28 | 95440-N9012 | --- PAGE BREAK ---
HYU-1434,HYU,TQ8-FOB-4F20 95440-M5010,,,,catalog label extraction - review,TQ8-FOB-4F20 | 95440-M5010
HYU-1435,HYU,TQ8-FOB-4F35,"L, U, PAI, PAO, RS, H, HL, P",95440-AR011,,catalog label extraction - review,"TQ8-FOB-4F35 | L, U, PAI, PAO, RS, H, HL, P | 95440-AR011"
HYU-1436,HYU,TQ8-FOB-4F53M L,,95440-CU310,,catalog label extraction - review,"TQ8-FOB-4F53M | L, U, PAI, PAO, RS, H, PI, P | 95440-CU310"
HYU-1437,HYU,TQ8-FOB-4F53U 95440-CU100,,,,catalog label extraction - review,TQ8-FOB-4F53U | 95440-CU100
HYU-1438,HYU,TQ8-FOB-4F53M L,,95440-CU300,,catalog label extraction - review,"TQ8-FOB-4F53M | L, U, PAI, PAO, RS, H, PI, P | 95440-CU300"
HYU-1439,HYU,SY5MQ4FGE05 L,,95440-P2020,,catalog label extraction - review,"SY5MQ4FGE05 | L, U, HH, RSH, P | 95440-P2020"
HYU-1440,HYU,SY5IGRGE04 L,,95430-J3000,,catalog label extraction - review,"SY5IGRGE04 | L, U, HH, P | 95430-J3000"
HYU-1443,HYU,TQ8-RKE-4F39 L,,95430-S2000,,catalog label extraction - review,"TQ8-RKE-4F39 | L, U, LG, P | 95430-S2000"
HYU-1446,HYU,CQOFD00120,"L, U, TH, P",95440-F2000; 95440-F3000,,catalog label extraction - review,"CQOFD00120 | L, U, TH, P | 95440-F2000, 95440-F3000"
ILCO-ACURA-888,ILCO,N5F0602A1A,"L, U, P",35111-STK-315; 35111STK315,,catalog label extraction - review,"N5F0602A1A | L, U, P | 35111-STK-315, 35111STK315"
ILCO-ACURA-889,ILCO,N5F0602AIA,"L, U, H, P",,,catalog label extraction - review,"N5F0602AIA | L, U, H, P | No Memory"
ILCO-CAD-1171,ILCO,HYQ2AB,"L, U, H, G, RS, P",13510242; 13580812; 13594028; 1359581; 13598511,,catalog label extraction - review,"HYQ2AB | L, U, H, G, RS, P | 13510242, 13580812, 13594028, | 1359581, 13598511"
ILCO-CAD-1178,ILCO,HYQ2EB,"L, U, H, G, RS, P",13598512; 13580794; 13594029; 13595812,,catalog label extraction - review,"HYQ2EB | L, U, H, G, RS, P | 13598512, 13580794, 13594029, | 13595812"
ILCO-DAT17T13,ILCO,DAT17T13 DAT17T13,,,,catalog label extraction - review,DAT17T13 | DAT17T13
ILCO-DWO4CT6,ILCO,AX00006742 DWO4CT6; DW04CT6,,,,catalog label extraction - review,AX00006742 | DWO4CT6 / DW04CT6
ILCO-DWO4RT6,ILCO,DWO4RT6 DW04RT6,,,,catalog label extraction - review,DWO4RT6 | DW04RT6
ILCO-FIAT-1,ILCO,2ADPXTRF198,"L, U, T",68091228AD; 68091228AC; 68091228AB; 68091228AA,,catalog label extraction - review,"2ADPXTRF198, (Marelli BCM) | L, U, T | 68091228AD, 68091228AC, | 68091228AB, 68091228AA"
ILCO-FIAT-2,ILCO,LTQFI2AM433TX (Delphi BCM),"L, U, T",,,catalog label extraction - review,"LTQFI2AM433TX (Delphi BCM) | L, U, T | FLIP-FIAT-3B1"
ILCO-FO21T17-SI,ILCO,AX00004660 FO21T17-SI,,,,catalog label extraction - review,AX00004660 | FO21T17-SI
ILCO-FORD-R8048,ILCO,KR55WK48801; KR5876268,"L, U, T",164-R8048; 5919918,,catalog label extraction - review,"KR55WK48801, KR5876268 | L, U, T | 164-R8048, 5919918"
ILCO-FORD-R8147,ILCO,KR5876268,"L, U, T",164-R8147; 5929029,,catalog label extraction - review,"KR5876268 | L, U, T | 164-R8147, 5929029"
ILCO-GM-808,ILCO,KR55WK50073,"L, U, T, P",13586120; 13586489,,catalog label extraction - review,"KR55WK50073 | L, U, T, P | 13586120, 13586489"
ILCO-GM-866,ILCO,HYQ4AA,"L, U, P",13508417; 13532390,,catalog label extraction - review,"HYQ4AA | L, U, P | 13508417, 13532390"
ILCO-GM-867,ILCO,HYQ4AA,"L, U, RS, P",13506665; 13532383; STRATTEC: 5944125,,catalog label extraction - review,"HYQ4AA | L, U, RS, P | 13506665, 13532383, | STRATTEC: 5944125"
ILCO-GM-895,ILCO,HYQ4EA,"L, U, H, RS, P",13521090; 13506668; 13532751; STRATTEC: 5944126,,catalog label extraction - review,"HYQ4EA | L, U, H, RS, P | 13521090, 13506668, 13532751, | STRATTEC: 5944126"
ILCO-GM-897,ILCO,HYQ4EA,"L, U, RS, P",13511629; 13532391; STRATTEC: 5944128,,catalog label extraction - review,"HYQ4EA | L, U, RS, P | 13511629, 13532391, | STRATTEC: 5944128"
ILCO-GM-900,ILCO,M3N-32337200,"L, U, RS, P",22881479,,catalog label extraction - review,"M3N-32337200 | L, U, RS, P | 22881479"
ILCO-GM-906,ILCO,M3N-32337200,"L, U, P",13577765,,catalog label extraction - review,"M3N-32337200 | L, U, P | 13577765"
ILCO-H72CLEAR,ILCO,H72PT H72-PT-CLEAR,,,,catalog label extraction - review,H72PT | H72-PT-CLEAR
ILCO-H72PT,ILCO,H72PT H72-PT,,,,catalog label extraction - review,"H72PT | H72-PT, 598333"
ILCO-H73PT,ILCO,H73PT H73-PT,,,,catalog label extraction - review,H73PT | H73-PT
ILCO-H74PT,ILCO,H74PT 011-R0250,,,,catalog label extraction - review,"H74PT | 011-R0250,691643"
ILCO-H86PT,ILCO,H86PT 011-R0250,,,,catalog label extraction - review,"H86PT | 011-R0250,691643"
ILCO-H92PT,ILCO,AX00006380 164-R0475,,,,catalog label extraction - review,"AX00006380 | 164-R0475,599114"
ILCO-H94PT,ILCO,H94PT 164-R8062,,,,catalog label extraction - review,"H94PT | 164-R8062,5915237"
ILCO-HD106PT,ILCO,HD106PT HD106-PT,,,,catalog label extraction - review,HD106PT | HD106-PT
ILCO-HD111PT,ILCO,HD111PT HD111-PT,,,,catalog label extraction - review,HD111PT | HD111-PT
ILCO-HD113PT,ILCO,AX00003362 HD113PT,,,,catalog label extraction - review,AX00003362 | HD113PT
ILCO-HO01PT,ILCO,HO01PT HO01PT; HO01-PT,,,,catalog label extraction - review,HO01PT | HO01PT / HO01-PT
ILCO-HO03PT,ILCO,HO03PT 35118-SDA,,,,catalog label extraction - review,HO03PT | 35118-SDA
ILCO-HO05PT,ILCO,NEW!! Honda G Key 35118-T2A-A10; HO05-PT,,AX00002983,,catalog label extraction - review,"NEW!! Honda G Key | 35118-T2A-A10, HO05-PT, | AX00002983"
ILCO-HON-476,ILCO,OUCG8D-380H-A,"L, U, P",35111-SHJ-305; 35111SHJ305,,catalog label extraction - review,"OUCG8D-380H-A | L, U, P | 35111-SHJ-305, 35111SHJ305"
ILCO-HON-478,ILCO,CWTWB1U545,"L, U, P",35111-S9V-325; 35111S9V325,,catalog label extraction - review,"CWTWB1U545 | L, U, P | 35111-S9V-325, 35111S9V325"
ILCO-HON-482,ILCO,OUCG8D-380H-A,"L, U, T, P",35118-SDA-A11; 35118SDAA11,,catalog label extraction - review,"OUCG8D-380H-A | L, U, T, P | 35118-SDA-A11, 35118SDAA11"
ILCO-HON-484,ILCO,N5F-S0084A,"L, U, T, P",35111-SVA-306; 35111SVA306,,catalog label extraction - review,"N5F-S0084A | L, U, T, P | 35111-SVA-306, 35111SVA306"
ILCO-HON-488,ILCO,KR55WK49308,"L, U, T, P",35118-TA0-A04; 35118TA0A04; 35118-TA0-A00,,catalog label extraction - review,"KR55WK49308 | L, U, T, P | 35118-TA0-A04, 35118TA0A04, | 35118-TA0-A00, Scan for More"
ILCO-HON-490,ILCO,KR55WK49308,"L, U, H, P",35118-SZA-A03; 35118-SZA-A00; 35118-SZA-A01; 35118-SZA-A02,,catalog label extraction - review,"KR55WK49308, See Description* | L, U, H, P | 35118-SZA-A03, 35118-SZA-A00, | 35118-SZA-A01, 35118-SZA-A02"
ILCO-HON-497,ILCO,MLBHLIK-1T,"L, U, T, P",35118-TE0-A10,,catalog label extraction - review,"MLBHLIK-1T, For Accord Coupe | L, U, T, P | 35118-TE0-A10"
ILCO-HU46T2,ILCO,AX00000331 HU46T2,,,,catalog label extraction - review,AX00000331 | HU46T2
ILCO-HU66AT6,ILCO,HU66AT6 HU66AT6,,,,catalog label extraction - review,HU66AT6 | HU66AT6
ILCO-HU66T24,ILCO,Megamos 48 Can HU66T24,,,,catalog label extraction - review,Megamos 48 Can | HU66T24
ILCO-HU66T6,ILCO,HU66T6 HU66T6,,,,catalog label extraction - review,HU66T6 | HU66T6
ILCO-HY021PT,ILCO,FOR CANADIAN VEHICLES HY021-PT; HYO21; HY021PT,,,,catalog label extraction - review,"FOR CANADIAN VEHICLES | HY021-PT, HYO21, HY021PT"
ILCO-HY022PT,ILCO,FOR CANADIAN VEHICLES HY022-PT,,,,catalog label extraction - review,FOR CANADIAN VEHICLES | HY022-PT
ILCO-HY20PT,ILCO,HY20PT HY20-PT,,,,catalog label extraction - review,HY20PT | HY20-PT
ILCO-HYN14RT14,ILCO,HYN14RT14 HYN14RT14,,,,catalog label extraction - review,HYN14RT14 | HYN14RT14
ILCO-HYN14T14,ILCO,AX00005500 HYN14T14,,,,catalog label extraction - review,AX00005500 | HYN14T14 | --- PAGE BREAK ---
ILCO-HYN6T14,ILCO,AX00005220 HYN6T14; HY14T14,,,,catalog label extraction - review,AX00005220 | HYN6T14 / HY14T14
ILCO-HYU-1245,ILCO,NYOSEKS-TF10ATX,"L, U, H, P",95430-2V100,,catalog label extraction - review,"NYOSEKS-TF10ATX | L, U, H, P | 95430-2V100"
ILCO-INF45PT,ILCO,INF45PT INF45-PT,,,,catalog label extraction - review,INF45PT | INF45-PT
ILCO-IRKEFOB,ILCO,Smart 4 Car IRKEFFOB,,,,catalog label extraction - review,Smart 4 Car | IRKEFFOB
ILCO-IRKEH-GTI,ILCO,2AHH9-IRKET2 IRKEH-GTI; AX00000100,,,,catalog label extraction - review,"2AHH9-IRKET2 | IRKEH-GTI, AX00000100"
ILCO-JAG-1712,ILCO,CWTWB1U243; NHVWB1U241,"L, U, T, HL",1X43-15K601-AG; 1X43-15K601-AB; 1X4315K601AB; 1X43-15K601-AD,,catalog label extraction - review,"CWTWB1U243, NHVWB1U241 | L, U, T, HL | 1X43-15K601-AG, | 1X43-15K601-AB, | 1X4315K601AB, | 1X43-15K601-AD"
ILCO-KIA-1136,ILCO,NYOSEKS-TF10ATX,"L, U, TH, P",95430-2T000,,catalog label extraction - review,"NYOSEKS-TF10ATX | L, U, TH, P | 95430-2T000"
ILCO-KK7PT,ILCO,KK7PT KK7-PT,,,,catalog label extraction - review,KK7PT | KK7-PT
ILCO-KK9PT,ILCO,KK9PT KK9-PT,,,,catalog label extraction - review,KK9PT | KK9-PT
ILCO-LEX-02,ILCO,HYQ1512V,"L, U, T",89070-53531,,catalog label extraction - review,"HYQ1512V | L, U, T | 89070-53531"
ILCO-LEX-05,ILCO,HYQ1512V,"L, U, P",89070-60801,89070-60801 / Short Blade,catalog label extraction - review,"HYQ1512V | L, U, P | 89070-60801 / Short Blade"
ILCO-LEX-09,ILCO,HYQ12BBT,"L, U, T",89070-48820; 89070-48821,,catalog label extraction - review,"HYQ12BBT | L, U, T | 89070-48820, 89070-48821"
ILCO-LEX-10,ILCO,N14TMTX-1,"L, U, P",89070-48020,,catalog label extraction - review,"N14TMTX-1 | L, U, P | 89070-48020"
ILCO-MAZ-322,ILCO,KPU41788,"L, U, P",GP7A-67-5RYB; GP7A675RYB; FE04-67-5RYB; FE04675RYB,,catalog label extraction - review,"KPU41788 | L, U, P | GP7A-67-5RYB, GP7A675RYB, | FE04-67-5RYB, FE04675RYB"
ILCO-MAZ24RPT,ILCO,AX00009322 F1Y1-76-2GX,,,,catalog label extraction - review,AX00009322 | F1Y1-76-2GX
ILCO-MAZ24RT5,ILCO,MAZ24RT5 MAZ24RT5,,,,catalog label extraction - review,MAZ24RT5 | MAZ24RT5
ILCO-MIT12PT,ILCO,MIT12PT MIT12-PT,,,,catalog label extraction - review,MIT12PT | MIT12-PT
ILCO-MIT13PT,ILCO,MIT13PT MIT13-PT,,,,catalog label extraction - review,MIT13PT | MIT13-PT
ILCO-MIT14PT,ILCO,MIT14PT MIT14-PT; MR587430,,,,catalog label extraction - review,MIT14PT | MIT14-PT / MR587430
ILCO-MIT16PT,ILCO,MIT16PT 692020; MIT16A; MIT16,,MN141060,,catalog label extraction - review,"MIT16PT | 692020, 692562, MIT16A, MIT16, | MN141060"
ILCO-MIT17PT,ILCO,MIT17PT MIT17A-PT,,,,catalog label extraction - review,MIT17PT | MIT17A-PT / 5912557
ILCO-MIT8PT,ILCO,MIT8PT MIT8-PT,,,,catalog label extraction - review,MIT8PT | MIT8-PT
ILCO-MIT9PT,ILCO,MIT9PT R MIT9-PT,,,,catalog label extraction - review,MIT9PT R | MIT9-PT
ILCO-NI01T,ILCO,NI01T NI01T; AX00001513,,,,catalog label extraction - review,"NI01T | NI01T, AX00001513"
ILCO-NI02T,ILCO,NI02T NI02T,,,,catalog label extraction - review,NI02T | NI02T
ILCO-NI04T,ILCO,NI04T NI04T,,,,catalog label extraction - review,NI04T | NI04T
ILCO-NI07T,ILCO,Rogue Flip Key Replacement NI07T,,,,catalog label extraction - review,Rogue Flip Key Replacement | NI07T
ILCO-NSN11T2,ILCO,NSN11T2 NSN11T2,,,,catalog label extraction - review,NSN11T2 | NSN11T2
ILCO-PROMASTER-1,ILCO,RX2TRF198,"L, U, T",68224015AA; 68236849AB,,catalog label extraction - review,"RX2TRF198 | L, U, T | 68224015AA, 68236849AB, | FLIP-PROMASTER-3B1"
ILCO-SUB-931,ILCO,CWTWBU745,"L, U, T, P",57497-AG35A,,catalog label extraction - review,"CWTWBU745 | L, U, T, P | 57497-AG35A"
ILCO-SUB4PT,ILCO,SUB4PT SUB4-PT; 57497-AG11A,,,,catalog label extraction - review,"SUB4PT | SUB4-PT, 57497-AG11A"
ILCO-TOY-245,ILCO,HYQ12BBT,"L, U, P",89070-35140,,catalog label extraction - review,"HYQ12BBT | L, U, P | 89070-35140"
ILCO-TOY40BT4,ILCO,TOY40BT4 TOY40BT4,,,,catalog label extraction - review,TOY40BT4 | TOY40BT4
ILCO-TOY43AT4,ILCO,TOY43AT4 TOY43AT4; TR47-PHT,,HAT2602; 89785-26020; TP07TOYO15,,catalog label extraction - review,"TOY43AT4 | TOY43AT4, 692062, TR47-PHT, | HAT2602, 89785-26020, | TP07TOYO15"
ILCO-TOY43RHPT,ILCO,Subaru H Key TOY43RH-PT,,,,catalog label extraction - review,Subaru H Key | TOY43RH-PT
ILCO-TOY43RT45,ILCO,Subaru G TOY43RT45,,,,catalog label extraction - review,Subaru G | TOY43RT45
ILCO-TOY44DPT,ILCO,TOY44DPT 89785-08020,,AX00003382,,catalog label extraction - review,"TOY44DPT | 89785-08020,5910834, | AX00003382"
ILCO-TOY44GPT,ILCO,TOY44GPT TOY44G-PT,,,,catalog label extraction - review,TOY44GPT | TOY44G-PT
ILCO-TOY44HPT,ILCO,Toyota 'H' Chip AX00009880; TOY44HPT,,89785-0D170,Toyota 'H' Chip,catalog label extraction - review,"Toyota 'H' Chip | AX00009880, TOY44HPT, | 89785-0D170"
ILCO-TOY48BT4,ILCO,TOY48BT4 TOY48BT4,,,,catalog label extraction - review,TOY48BT4 | TOY48BT4
ILCO-TOY50PT,ILCO,TOY50PT TOY50-PT,,,,catalog label extraction - review,TOY50PT | TOY50-PT
ILCO-TOY57PT,ILCO,TOY57PT TOY57-PT,,,,catalog label extraction - review,TOY57PT | TOY57-PT
ILCO-Y160PT,ILCO,Y160PT Y160-PT; 5018869AA,,,,catalog label extraction - review,Y160PT | Y160-PT / 5018869AA
ILCO-Y162PT,ILCO,Y162PT Y162-PT,,,,catalog label extraction - review,Y162PT | Y162-PT
ILCO-Y164PT,ILCO,Y164PT Y164-PT,,,,catalog label extraction - review,Y164PT | Y164-PT
ILCO-Y165PT,ILCO,Y165PT Y165-PT,,,,catalog label extraction - review,Y165PT | Y165-PT
ILCO-Y170PT,ILCO,Y170PT Y170-PT; Y170PT,,,,catalog label extraction - review,"Y170PT | Y170-PT, Y170PT"
ILCO-YM30T5,ILCO,AX00000910 YM30T5,,HU100; 5924205; 5924206; 23286588; B121PT,,catalog label extraction - review,"AX00000910 | YM30T5 | ILCO103PT | AX00000970 | B103-PT / 690556 | ILCO103PT5 | AX00000980 | B103-PT5 | ILCO107PT | B107PT (PK3) | PT04-PT / B107-PT | ILCO111PT | B111PT | B111PT, B111-PT | ILCO112PT | B112PT | B112-PT | ILCO114PT | B114PT | B114-PT | ILCO114RPT | AX00003762 | B114R-PT, B114RPT | ILCO115PT | B115PT | B115-PT | ILCO119PT | B119PT - 10 Cut | B119-PT, HU100, 5924205, | 5924206, 23286588, 23326749 | --- PAGE BREAK --- | ILCO120PT | B120PT / B121PT / HU100 / | Circle + | ILCO97PT | B97PT | B97-PT | ILCO97PT5 | B97PT5 | B97-PT5 | ILCO98PT | AX00000512, 36448-18260 | B98-PT / Valet Key / PK3 ""13"" | ILCO99PT | B99PT | B99-PT / PK3 | ILCO99PT5 | B99PT5 | B99-PT5"
INF-1471,INF,KR55WK49622,"L, U, P",,,catalog label extraction - review,"KR55WK49622 | L, U, P | 285E3-1BA7A, 285E3-1BA1A, | 285E3-1BA2A, Scan for More"
INF-1472,INF,CWTWBU735,"L, U, T, P",,,catalog label extraction - review,"CWTWBU735, U735 | L, U, T, P | 285E3-EH12A, 285E3-EH100, | 285E3-EH10D, 285E3-EH11A"
INF-1473,INF,CWTWBU624 L,,,,catalog label extraction - review,"CWTWBU624 | L, U, HH, P | 285E3-ZQ30B, 285E3-ZQ31B"
INF-1474,INF,CWTWBU619,"L, U, TH, P",,,catalog label extraction - review,"CWTWBU619 | L, U, TH, P | 285E3-CL01D, 285E3-CL02D"
INF-1476,INF,CWTWBU619,"L, U, P",2285E3-CL01D,,catalog label extraction - review,"CWTWBU619 | L, U, P | 2285E3-CL01D, 285E3-CL02D"
INF-1478,INF,KR55WK48903 L,,,,catalog label extraction - review,"KR55WK48903 | L, U, TP | 285E3-JK65A, 285E3-JK62A"
INF-1480,INF,CWTWBU618,"L, U, TH, P",,,catalog label extraction - review,"CWTWBU618 | L, U, TH, P | 285E3-EH10D, 285E3-EH11A"
INF-1482,INF,KBRTN001,"L, U, TH, P",,,catalog label extraction - review,"KBRTN001 | L, U, TH, P | 285E3-AC70A, 285E3-AC70D"
INF-1485,INF,KBRASZU07,"L, U, T, P",28268-3H100,,catalog label extraction - review,"KBRASZU07 | L, U, T, P | 28268-3H100"
INF-1488,INF,KBRASTU13,"L, U, T, P",H0561-AR200,,catalog label extraction - review,"KBRASTU13 | L, U, T, P | H0561-AR200"
INF-1491,INF,A269ZJA073,"L, U, H, P",28268-C9907,,catalog label extraction - review,"A269ZJA073 | L, U, H, P | 28268-C9907"
INF-1493,INF,NHVWBU612,"L, U, P",,,catalog label extraction - review,"NHVWBU612 | L, U, P | 285E3-CG025"
INF-1496,INF,KBRASTU10,"L, U, T, P",28268-5Y000,,catalog label extraction - review,"KBRASTU10 | L, U, T, P | 28268-5Y000, MODEL 01A"
INF-1499,INF,KBRASTU10,"L, U, T, P",28268-7J107,,catalog label extraction - review,"KBRASTU10 | L, U, T, P | 28268-7J107, MODEL A"
INF-1502,INF,KBRASTU09,"L, U, T, P",,,catalog label extraction - review,"KBRASTU09 | L, U, T, P | -"
INF-1505,INF,NHVWBU43,"L, U, T, P",28268-2Y905,,catalog label extraction - review,"NHVWBU43 | L, U, T, P | 28268-2Y905"
INF-1508,INF,KBRASTU09,"L, U, P",28268-2W610,,catalog label extraction - review,"KBRASTU09 | L, U, P | 28268-2W610"
INF-1511,INF,KBRASTU10,"L, U, P",28268-2W612,,catalog label extraction - review,"KBRASTU10 | L, U, P | 28268-2W612, MODEL 01A"
INF-1514,INF,KBRASTU10,"L, U, P",,,catalog label extraction - review,"KBRASTU10 | L, U, P | MODEL A"
INF-1517,INF,KOBUTA3T,"L, U, P",28268-1W300; 28268-2Z021,,catalog label extraction - review,"KOBUTA3T | L, U, P | 28268-1W300, 28268-2Z021"
INF-1518,INF,A269ZUA078,"L, U, T, P",28268-40U15,,catalog label extraction - review,"A269ZUA078 | L, U, T, P | 28268-40U15"
INF-1519,INF,KR55WK49622,"L, U, T, P",,,catalog label extraction - review,"KR55WK49622 | L, U, T, P | 285E3-1CA7A"
INF-1520,INF,CWTWB1U787,"L, U, H, P",285E31LL0D,,catalog label extraction - review,"CWTWB1U787 | L, U, H, P | 285E3-1LL0D , 285E31LL0D, | 285E3-1LL0B"
INF-1521,INF,CWTWB1U787,"L, U, TH, P",,,catalog label extraction - review,"CWTWB1U787 | L, U, TH, P | 285E3-1MP0A, 285E3-1MP0D"
INF-1523,INF,KR5S180144014 L,,,,catalog label extraction - review,"KR5S180144014 | L, U, HH, P | 285E3-3JA2A, 285E3-9NB4A, | CONTINENTAL: S180144011"
INF-1524,INF,KR5S180144014 L,,,,catalog label extraction - review,"KR5S180144014 | L, U, HH, RS, P | 285E3-3JA5A (IC:014)"
INF-1525,INF,KR5S180144014,"L, U, RS, T, P",,,catalog label extraction - review,"KR5S180144014 | L, U, RS, T, P | 285E3-3JA5A , 285E3-9NA5A , | 285E3-9NB5A"
INF-1526,INF,CWTWB1G744 L,,,,catalog label extraction - review,"CWTWB1G744 | L, U, HH, RS, P | 285E3-1LA5A"
INF-1527,INF,KR5S180144203,"L, U, P, T",285E34HD0C,,catalog label extraction - review,"KR5S180144203 | L, U, P, T | 285E3-4HD0C, 285E3-4HD23, | 285E34HD0C"
INF-1528,INF,KR5S180144014 L,,,,catalog label extraction - review,"KR5S180144014 | L, U, HH, RS, P | 285E3-9NF5A, CONTINENTAL: | S180144320"
INF-1529,INF,KR5S180144014,"L, U, TH, RS, P",,,catalog label extraction - review,"KR5S180144014 | L, U, TH, RS, P | 285E3-4HK0A, CONTINENTAL: | S180144210"
INF-1530,INF,KR5S180144204,"L, U, TH, P",,,catalog label extraction - review,"KR5S180144204 | L, U, TH, P | 285E3-4HB0C, CONTINENTAL: | S180144204"
INF-1531,INF,KR5S180144014 L,,,,catalog label extraction - review,"KR5S180144014 | L, U, HH, P | 285E3-9NF4A, CONTINENTAL: | S180144321"
INF-1532,INF,IYZDC12K,"L, U, P",,,catalog label extraction - review,"IYZDC12K | L, U, P | 285E3-5DD3B"
INF-1533,INF,KR5TXN1 L,,,,catalog label extraction - review,"KR5TXN1 | L, U, HH, P | 285E3-5NA3A, CONTINENTAL: | S180144701"
INF-1534,INF,KR5TXN1 L,,,,catalog label extraction - review,"KR5TXN1 | L, U, HH, RS, P | 285E3-5NA7A, CONTINENTAL: | S180144703"
INF-1535,INF,KR5TXN7 L,,,,catalog label extraction - review,"KR5TXN7 | L, U, HH, RS, P | 285E3-9NR5A, CONTINENTAL: | S180144708"
INF-1536,INF,KR5TXN7,"L, U, H, P",,,catalog label extraction - review,"KR5TXN7 | L, U, H, P | 285E3-9NR4A"
INF-1537,INF,IYZDC12K,"L, U, P",,,catalog label extraction - review,"IYZDC12K | L, U, P | 285E3-5DD3A"
INF-1538,INF,KR5TXN7,"L, U, TH, RS, P",,,catalog label extraction - review,"KR5TXN7 | L, U, TH, RS, P | 285E3-6HE6A, CONTINENTAL: | S180144716"
INF-1539,INF,KR5TXN7,"L, U, TH, P",,,catalog label extraction - review,"KR5TXN7 | L, U, TH, P | 285E3-6HE1A, CONTINENTAL: | S180144713"
INF-1540,INF,KR5TXN1 L,,,,catalog label extraction - review,"KR5TXN1 | L, U, HH, RS, P | 285E3-5NY7A"
INF-1541,INF,KR5S180144014,"L, U, H",,,catalog label extraction - review,"KR5S180144014 | L, U, H | 285E3-9NB3A"
INF-1543,INF,KR5TXN1,"L, U, H, P",,,catalog label extraction - review,"KR5TXN1 | L, U, H, P | 285E3-5NY3A"
INF-1544,INF,CWTWB1U787,"L, U, T, P",,,catalog label extraction - review,"CWTWB1U787 | L, U, T, P | 285E3-6SA3A"
INF-1545,INF,,"L, U, RS, H, P",C2P17155; 5E0U50707-AA,,catalog label extraction - review,"L, U, RS, H, P | 285E3-6SA7B | ISUZU-1 | BAB237131-013 | L, U | 2-90101-601-0 | ISUZU-RHK | HYQ1512V | L, U, P | 8-97318-854-0 | JAG-1273 | 1X43-15K601-CD | L, U, T, HL | 1X43-15K601-CD | JAG-1702 | CWTWB1U322 | L, U, T, P | XR83-15K601-AA | JAG-1705 | KR55WK49244 | L, U, T, HL, P | 6W83-15K601-LB, C2P17155, | 5WK49434 CKF | JAG-1711 | K8597T315 | L, U, T, P | LJA2610AA | JAG-1712 | NHVW1U241 | L, U, T, HL | C2S-31067 | JAG-1714 | XR83-15K601-BA | L, U, T | XR83-15K601-CA | --- PAGE BREAK --- | JAG-1716 | KOBJTF10A | L, U, T, HL, P | EW93-15K601-BD, 5E0U50147 | JAG-1717 | KOBJTF10A | L, U, T, HL, P | 5E0B40287 | JAG-1718 | CWTWB1U243 | L, U, T, HL | 1X43-15K601-AG | JAG-1719 | G57JTX318 | L, U | DSC10084 | JAG-1720 | K85JTX315 | L, U | DBC11510 | JAG-1721 | KOBJTF10A | L, U, H, HL, P | HK83-15K601-AA, | 5E0U50707-AA"
JMA-DAT17T13,JMA,DAT17T13 DAT17T13,,,,catalog label extraction - review,DAT17T13 | DAT17T13
JMA-DW04RT6,JMA,DWO4RT6 DW04RT6; DWO4RT6,,,,catalog label extraction - review,DWO4RT6 | DW04RT6 / B114 / DWO4RT6 / | DWO4RT33
JMA-FO21T7,JMA,TP06FO-6.P FO21T7,,,,catalog label extraction - review,TP06FO-6.P | FO21T7
JMA-H72PT,JMA,H72PT H72-PT,,,,catalog label extraction - review,H72PT | H72-PT
JMA-H73PT,JMA,H73PT H73PT,,691643,,catalog label extraction - review,"H73PT | H73PT | JMA-H74/86PT | H74PT / H86PT | H74-PT, H86PT, 691643, | H74-HPT, H86-HPT, 011-R0250"
JMA-H84PT,JMA,TP20FO-30D.P TP20FO-30D.P,,,,catalog label extraction - review,TP20FO-30D.P | TP20FO-30D.P | JMA-H92/84PT | TP33FO-30D.P | TP33FO-30D.P
JMA-HD106PT,JMA,HD106PT HD106-PT; HD106-PHT,,BHD106-PT; 35113-S84-A01,,catalog label extraction - review,"HD106PT | HD106-PT, HD106-PHT, 692246, | BHD106-PT, 35113-S84-A01"
JMA-HD111PT,JMA,HD111PT (V) HD111PT; HD111,,,,catalog label extraction - review,"HD111PT (V) | HD111PT, HD111"
JMA-HD113PT,JMA,HD113PT (H) HD113PT,,,,catalog label extraction - review,HD113PT (H) | HD113PT
JMA-HO01PT,JMA,HO01PT (F) HO01PT,,,,catalog label extraction - review,HO01PT (F) | HO01PT
JMA-HO03PT,JMA,HO03PT (V) HO03PT,,,,catalog label extraction - review,HO03PT (V) | HO03PT
JMA-HU101T17,JMA,TP33FO-24.P; HU101T17; H94-PT,,,,catalog label extraction - review,"TP33FO-24.P, HU101T17, | H94-PT"
JMA-HU66AT6PT,JMA,HU66AT6 HU66AT6PT,,,,catalog label extraction - review,HU66AT6 | HU66AT6PT
JMA-HU66T10,JMA,TP10HU-HAA.P1 HU66T10,,,,catalog label extraction - review,TP10HU-HAA.P1 | HU66T10
JMA-HU66T24PT,JMA,HU66T24 HU66T24PT,,,,catalog label extraction - review,HU66T24 | HU66T24PT
JMA-HU66T6PT,JMA,HU66T6 HU66T6PT,,,,catalog label extraction - review,HU66T6 | HU66T6PT
JMA-HY021PT,JMA,TP19HY-6D.P1 HY021PT,,,,catalog label extraction - review,TP19HY-6D.P1 | HY021PT
JMA-HY022PT,JMA,TP12HY-4.P1 HY022PT,,,,catalog label extraction - review,TP12HY-4.P1 | HY022PT
JMA-HY20PT,JMA,HY20PT HY20PT,,,,catalog label extraction - review,HY20PT | HY20PT
JMA-HYN14RT14PT,JMA,For Canadian Models HYN14T14,,,,catalog label extraction - review,For Canadian Models | HYN14T14
JMA-HYN6T14,JMA,HYN14T14,,,,catalog label extraction - review,HYN14T14
JMA-INF45PT,JMA,INF45PT INF45PT,,,,catalog label extraction - review,INF45PT | INF45PT
JMA-KK7PT,JMA,KK7PT KK7PT,,,,catalog label extraction - review,KK7PT | KK7PT
JMA-KK9PT,JMA,KK9PT KK9PT; TP12KI9P; 81996-3F050,,,,catalog label extraction - review,"KK9PT | KK9PT, TP12KI9P, 81996-3F050"
JMA-MAZ24RT17,JMA,TP20MAZ-11D.P2 F1Y1-76-2GX,,,,catalog label extraction - review,TP20MAZ-11D.P2 | F1Y1-76-2GX
JMA-MIT12PT,JMA,MIT12PT MIT12PT,,,,catalog label extraction - review,MIT12PT | MIT12PT
JMA-MIT13PT,JMA,MIT13PT (N) MIT13PT,,,,catalog label extraction - review,MIT13PT (N) | MIT13PT
JMA-MIT14PT,JMA,MIT14PT MIT14-PT,,,,catalog label extraction - review,MIT14PT | MIT14-PT
JMA-MIT16PT,JMA,MIT16APT (A) 692020; MIT16A; MIT16,,MN141060,,catalog label extraction - review,"MIT16APT (A) | 692020, 692562, MIT16A, MIT16, | MN141060"
JMA-MIT17PT,JMA,MIT17APT MIT17PT,,,,catalog label extraction - review,MIT17APT | MIT17PT / 5912557
JMA-MIT8PT,JMA,MIT8PT MIT8PT,,,,catalog label extraction - review,MIT8PT | MIT8PT
JMA-MIT9PT,JMA,MIT9PT (R) MIT9PT,,,,catalog label extraction - review,MIT9PT (R) | MIT9PT
JMA-NI02PT,JMA,NI02T NI02PT,,,,catalog label extraction - review,NI02T | NI02PT
JMA-NI04PT,JMA,NI04T NI04PT,,,,catalog label extraction - review,NI04T | NI04PT
JMA-NSN11T2,JMA,TP13DAT-6.P2 NSN11T2,,,,catalog label extraction - review,TP13DAT-6.P2 | NSN11T2
JMA-SIP22PT,JMA,SIP22; TPX4FI-16.P,,,,catalog label extraction - review,SIP22 / TPX4FI-16.P
JMA-SUB4PT,JMA,SUB4PT SUB4-PT; SUB-120; TP28SUB3P,,,,catalog label extraction - review,"SUB4PT | SUB4-PT, SUB-120, TP28SUB3P"
JMA-TOY40BT4PT,JMA,TOY40BT4 TOY40BT4,,,,catalog label extraction - review,TOY40BT4 | TOY40BT4
JMA-TOY43AT4PT,JMA,TOY43AT4 TP07TOYO15; TOY43AT4,,,,catalog label extraction - review,"TOY43AT4 | TP07TOYO15, TOY43AT4"
JMA-TOY44DPT,JMA,TOY44DPT TOY44DPT,,,,catalog label extraction - review,TOY44DPT | TOY44DPT
JMA-TOY44GPT,JMA,TOY44GPT TOY44GPT,,,,catalog label extraction - review,TOY44GPT | TOY44GPT
JMA-TOY48BT4PT,JMA,TOY48BT4 TOY48BT4PT,,,,catalog label extraction - review,TOY48BT4 | TOY48BT4PT
JMA-TOY50PT,JMA,TOY50PT TOY50-PT; TP29TOYO36,,,,catalog label extraction - review,"TOY50PT | TOY50-PT, TP29TOYO36"
JMA-TOY57PT,JMA,TP07TOYO-20D.P 89785-17020; TOY57-PT,,,,catalog label extraction - review,"TP07TOYO-20D.P | 89785-17020, TOY57-PT, | TOY57PT | JMA-TP03JAU-1.P | TP03JAU-1.P | JAG-03 / Tibbe / TBE1T | JMA-TP05JAU-1.P | TP05JAU-1.P | TBE1T5 RW | JMA-TP06JAU-2.P | TP06JAU-2.P | FO21T7 | JMA-TP08ISU-3D.P2 | TP08ISU-3D.P2 | B100-PT | JMA-TP08JAU-1.P | TP08JAU-1.P | JAG-03 | JMA-TP08JAU-2.P | TP08JAU-2.P | TP08JAU-2.P | JMA-TP12KI-8D.P | TP12KI-8D.P | TP12KI-8D.P"
JMA-Y160PT,JMA,Y160PT Y160PT,,,,catalog label extraction - review,Y160PT | Y160PT | --- PAGE BREAK ---
JMA-Y164PT,JMA,Y164PT (S) HAT1718; Y164-PT,,05134937AA; 692352; 40245,,catalog label extraction - review,"Y164PT (S) | HAT1718, Y164, Y164-PT, | 05134937AA, 692352, 40245"
JMA-Y165PT,JMA,Y165PT; For 2 Dr. Coupe Y165-PT,,,,catalog label extraction - review,"Y165PT, For 2 Dr. Coupe | Y165-PT"
JMA-Y170PT,JMA,TP12CHR-15.P1 Y170; Y170PT JMA102PT TP12GM-28.P Type 2 for Express Van with Transponder JMA103PT B103PT (PK3) B92-PT; B103PT; B103-PT; 690556 JMA107PT B107PT (PK3) B107PT JMA111PT B111PT (C+) 5913736; B111-PT; Scan for More JMA112PT B112PT (PK3+) B112PT JMA114PT TP12DAE-4D.P2 B114PT; 96464220 JMA114RPT TP12DAE-4.P2 B114RPT JMA115PT B115PT (PK3+) B115PT JMA116PT 8-CUT TP37OP-11.P1; B116 JMA97PT B97PT (PK3) B97-PT; 40170 JMA99PT TP03GM-28.P B99-PT; TP03GM-28.P K-TOY44HPT WL 89785-0D170; 89785-0D140; TOY44H-PT K2G-PRX-HON-V44N KR5V2X (V41),"L, U, T, P",,B08-3+1 / Wired,catalog label extraction - review,"TP12CHR-15.P1 | Y170, Y170PT | JMA102PT | TP12GM-28.P | Type 2 for Express Van with | Transponder | JMA103PT | B103PT (PK3) | B92-PT, B103PT, B103-PT, | 690556 | JMA107PT | B107PT (PK3) | B107PT | JMA111PT | B111PT (C+) | 5913736, B111-PT, 5904001, | 692931, 692932, 692933, Scan | for More | JMA112PT | B112PT (PK3+) | B112PT | JMA114PT | TP12DAE-4D.P2 | B114PT, 7011685, 96464220 | JMA114RPT | TP12DAE-4.P2 | B114RPT | JMA115PT | B115PT (PK3+) | B115PT | JMA116PT | 8-CUT | TP37OP-11.P1, B116 | JMA97PT | B97PT (PK3) | B97-PT, 690552, 88891799, | 40170 | JMA99PT | TP03GM-28.P | B99-PT, TP03GM-28.P | K-TOY44HPT WL | 89785-0D170, 89785-0D140, | TOY44H-PT | K2G-PRX-HON-V44N | KR5V2X (V41) | L, U, T, P | 72147-THR-A01 | KDY-F02 | L, U, O1, O2 | F02 | KDY-NB07-ATT | L, U, P | KDY-NB08-3+1 | L, U, T, P | KDY-NB11-ATT-36-DS | L, U, T | KDY-NB26-4 | KDY01-2+1 | KDY01-3 | L, U, T | KDY01-3+1 | B01-3+1 | KDY02 | KDY02-A6L | B02-A6L | KDY05-3 | KDY05-4 | L, U, P, T | B05-4 | KDY07 | L, U, T | B07-3 | KDY08-3+1 | B08-3+1 / Wired | B08-3+1 | KDY09-3+1 | L, U, P, T | B09-3+1 | KDY09-4 | KDY10-4 | B10-4 | KDY11-DS | B11-DS | KDY12-4 | B12-4 / Wired | B12-4 | KDY14-3+1 | B14-3+1 / Wired | B14-3+1 | KDY17 | KDY19-3+1 | KDY20-3+1 | B20-3+1 / Wired | B20-3+1 | KDY22-4 | B-22-4 / Wired | B22-4 | KDY26-4 | B26-4"
KIA-1052,KIA,PLNBONTEC-T009,"L, U, P",95430-3E420,,catalog label extraction - review,"PLNBONTEC-T009 | L, U, P | 95430-3E420"
KIA-1055,KIA,OSLOKA-672T,"L, U, P",95430-2F900; 95430-2F901,,catalog label extraction - review,"OSLOKA-672T | L, U, P | 95430-2F900, 95430-2F901"
KIA-1056,KIA,PLNBONTEC-T009,"L, U, G",95430-3E101,,catalog label extraction - review,"PLNBONTEC-T009 | L, U, G | 95430-3E101"
KIA-1058,KIA,PLNBONTEC-T016,"L, U, H, P",95430-3E420,,catalog label extraction - review,"PLNBONTEC-T016 | L, U, H, P | 95430-3E420"
KIA-1061,KIA,PLNBONTEC-003,"L, U",,,catalog label extraction - review,"PLNBONTEC-003 | L, U | -"
KIA-1064,KIA,OSLOKA-630T,"L, U, T, P",95430-2F310,,catalog label extraction - review,"OSLOKA-630T | L, U, T, P | 95430-2F310"
KIA-1067,KIA,OSLOKA-310T,"L, U, TH, P",95430-2G200; 95430-2G201; 95430-2G202,,catalog label extraction - review,"OSLOKA-310T | L, U, TH, P | 95430-2G200, 95430-2G201, | 95430-2G202"
KIA-1070,KIA,KR55WY8404,"L, U, T, P",95430-3F300; 95430-3F301,,catalog label extraction - review,"KR55WY8404 | L, U, T, P | 95430-3F300, 95430-3F301"
KIA-1073,KIA,NYOSEKS-07TX,"L, U, P",95430-1F100; 95430-1F110,,catalog label extraction - review,"NYOSEKS-07TX | L, U, P | 95430-1F100, 95430-1F110"
KIA-1076,KIA,PLNBONTEC-T011,"L, U, T, P",95430-3C100,,catalog label extraction - review,"PLNBONTEC-T011 | L, U, T, P | 95430-3C100"
KIA-1079,KIA,OSLOKA-620T,"L, U, P",95430-2F200,,catalog label extraction - review,"OSLOKA-620T | L, U, P | 95430-2F200"
KIA-1082,KIA,PLNHM-T011,"L, U, H, P",95430-3E511,,catalog label extraction - review,"PLNHM-T011 | L, U, H, P | 95430-3E511"
KIA-1085,KIA,OSLOKA-620T,"L, U, P",95430-2F220,,catalog label extraction - review,"OSLOKA-620T | L, U, P | 95430-2F220"
KIA-1088,KIA,OSLOKA-674T,"L, U, TH, P",95430-2F951,,catalog label extraction - review,"OSLOKA-674T | L, U, TH, P | 95430-2F951"
KIA-1091,KIA,SV3-100060235,"L, U, H, SD, SD, P",95430-4D050; 95430-4D051,,catalog label extraction - review,"SV3-100060235 | L, U, H, SD, SD, P | 95430-4D050, 95430-4D051"
KIA-1094,KIA,SV3-100060233,"L, U, P",95430-4D030; 95430-4D031,,catalog label extraction - review,"SV3-100060233 | L, U, P | 95430-4D030, 95430-4D031"
KIA-1097,KIA,SY55WY8412,"L, U, T, P",95430-3F350,,catalog label extraction - review,"SY55WY8412 | L, U, T, P | 95430-3F350"
KIA-1100,KIA,PLNHM-T002,"L, U, P",95430-1G000,,catalog label extraction - review,"PLNHM-T002 | L, U, P | 95430-1G000, 95430-1G011 | --- PAGE BREAK ---"
KIA-1103,KIA,SV3-HMTX,"L, U, H, P",95430-2J200,,catalog label extraction - review,"SV3-HMTX | L, U, H, P | 95430-2J200"
KIA-1106,KIA,SV3-100060234,"L, U, SD, SD, P",95430-4D040; 95430-4D041,,catalog label extraction - review,"SV3-100060234 | L, U, SD, SD, P | 95430-4D040, 95430-4D041"
KIA-1109,KIA,OSLOKA-630T,"L, U, T, P",95430-2F210,,catalog label extraction - review,"OSLOKA-630T | L, U, T, P | 95430-2F210"
KIA-1112,KIA,NYOSEKS-09TX,"L, U, P",95430-1F160,,catalog label extraction - review,"NYOSEKS-09TX | L, U, P | 95430-1F160"
KIA-1118,KIA,SV3-VQTXNA13,"L, U, P",95430-4D032,,catalog label extraction - review,"SV3-VQTXNA13 | L, U, P | 95430-4D032"
KIA-1121,KIA,PINHA-T008,"L, U, TH, P",95430-1M100,,catalog label extraction - review,"PINHA-T008 | L, U, TH, P | 95430-1M100"
KIA-1124,KIA,SV3-VQTXNA15,"L, U, SD, SD, P",95430-4D042,,catalog label extraction - review,"SV3-VQTXNA15 | L, U, SD, SD, P | 95430-4D042"
KIA-1127,KIA,PINHA-T036,"L, U, P",95430-1U000; 95430-1U100,,catalog label extraction - review,"PINHA-T036 | L, U, P | 95430-1U000, 95430-1U100"
KIA-1130,KIA,NYOSEKS-AM08TX,"L, U, P",95430-2K100,,catalog label extraction - review,"NYOSEKS-AM08TX | L, U, P | 95430-2K100"
KIA-1133,KIA,NYOSEKS-SL10ATX,"L, U, P",95430-3W100,,catalog label extraction - review,"NYOSEKS-SL10ATX | L, U, P | 95430-3W100"
KIA-1136,KIA,NYOSEKS-TF10ATX,"L, U, TH, P",95430-2T000,,catalog label extraction - review,"NYOSEKS-TF10ATX | L, U, TH, P | 95430-2T000"
KIA-1137,KIA,TQ8-RKE-3F02,"L, U, P",95430-1W020,,catalog label extraction - review,"TQ8-RKE-3F02 | L, U, P | 95430-1W020"
KIA-1138,KIA,TQ8-RKE-3F05,"L, U, H, P",95430-1U500,,catalog label extraction - review,"TQ8-RKE-3F05 | L, U, H, P | 95430-1U500"
KIA-1139,KIA,NYOSEKS-AM11ATX,"L, U, P",95430-2K340,,catalog label extraction - review,"NYOSEKS-AM11ATX | L, U, P | 95430-2K340"
KIA-1140,KIA,SY5HMFNA04,"L, U, TH, P",95440-2T100,,catalog label extraction - review,"SY5HMFNA04 | L, U, TH, P | 95440-2T100"
KIA-1141,KIA,SY5HMFNA04 L,,95440-1U050; 95440-1U000; 5440-1W100,,catalog label extraction - review,"SY5HMFNA04 | L, U, HH, P | 95440-1U050, 95440-1U000, | 5440-1W100, Scan for More"
KIA-1142,KIA,NYOSEKS-AM11ATX,"L, U, P",95430-2K250,,catalog label extraction - review,"NYOSEKS-AM11ATX | L, U, P | 95430-2K250"
KIA-1143,KIA,SY5HMFNA04,"L, U, TH, P",95440-1M211; 95440-1M221,,catalog label extraction - review,"SY5HMFNA04 | L, U, TH, P | 95440-1M211, 95440-1M221"
KIA-1144,KIA,SY5HMFNA04 L,,95440-3W100; 95440-1M220; 95440-2K300; 95440-3W000,,catalog label extraction - review,"SY5HMFNA04 | L, U, HH, P | 95440-3W100, 95440-1M220, | 95440-2K300, 95440-3W000"
KIA-1145,KIA,OSLOKA-870T,"L, U, TH, P",95430-A7400,,catalog label extraction - review,"OSLOKA-870T | L, U, TH, P | 95430-A7400"
KIA-1146,KIA,NYOSEKS-AM11ATX,"L, U, P",95430-3W701,,catalog label extraction - review,"NYOSEKS-AM11ATX | L, U, P | 95430-3W701"
KIA-1147,KIA,NYODD4TX1306-TFL,"L, U, T, P",95430-2T560,,catalog label extraction - review,"NYODD4TX1306-TFL | L, U, T, P | 95430-2T560"
KIA-1148,KIA,SY5KHFNA04,"L, U, TH, P",95440-3R600,,catalog label extraction - review,"SY5KHFNA04 | L, U, TH, P | 95440-3R600"
KIA-1149,KIA,OSLOKA-875T L,,95430-B2100,,catalog label extraction - review,"OSLOKA-875T | L, U, HH, P | 95430-B2100"
KIA-1150,KIA,TQ8-RKE-3F05,"L, U, TH, P",95430-1W023,,catalog label extraction - review,"TQ8-RKE-3F05 | L, U, TH, P | 95430-1W023"
KIA-1151,KIA,SY5XMFNA04,"L, U, TH, P",95440-1W101; 95440-2T510,,catalog label extraction - review,"SY5XMFNA04 | L, U, TH, P | 95440-1W101, 95440-2T510"
KIA-1152,KIA,SY5XMFNA04 L,,95440-1U500,,catalog label extraction - review,"SY5XMFNA04 | L, U, HH, P | 95440-1U500"
KIA-1153,KIA,SY5KHFNA433,"L, U, TH, P",95440-3R601; 95440-3T300,,catalog label extraction - review,"SY5KHFNA433 | L, U, TH, P | 95440-3R601, 95440-3T300"
KIA-1154,KIA,PINHA-T008,"L, U, H, P",95430-1M100; 95430-1M110,,catalog label extraction - review,"PINHA-T008 | L, U, H, P | 95430-1M100, 95430-1M110"
KIA-1155,KIA,SV3-VQTXNA16,"L, U, H, SD, SD, P",95430-4D052,,catalog label extraction - review,"SV3-VQTXNA16 | L, U, H, SD, SD, P | 95430-4D052"
KIA-1157,KIA,NYODD4TX1306-TFL L,,95430-3W350,,catalog label extraction - review,"NYODD4TX1306-TFL | L, U, HH, P | 95430-3W350"
KIA-1158,KIA,TQ8-RKE-4F19 L,,95430-A9100,,catalog label extraction - review,"TQ8-RKE-4F19 | L, U, HH, P | 95430-A9100"
KIA-1159,KIA,TQ8-RKE-4F21,"L, U, H, SD, SD, P",95430-A9300,,catalog label extraction - review,"TQ8-RKE-4F21 | L, U, H, SD, SD, P | 95430-A9300"
KIA-1160,KIA,SY5XMFNA433,"L, U, TH, P",95440-4U000; 95440-2T500,,catalog label extraction - review,"SY5XMFNA433 | L, U, TH, P | 95440-4U000, 95440-2T500"
KIA-1161,KIA,SY5XMFNA433 L,,95440-3W500,,catalog label extraction - review,"SY5XMFNA433 | L, U, HH, P | 95440-3W500"
KIA-1162,KIA,OSLOKA-910T,"L, U, H, P",95430-C5100,,catalog label extraction - review,"OSLOKA-910T | L, U, H, P | 95430-C5100"
KIA-1163,KIA,SY5JFRGE04,"L, U, TH, P",95430-D4010,,catalog label extraction - review,"SY5JFRGE04 | L, U, TH, P | 95430-D4010"
KIA-1164,KIA,TQ8-RKE-4F27 L,,95430-D9100,,catalog label extraction - review,"TQ8-RKE-4F27 | L, U, HH, P | 95430-D9100"
KIA-1165,KIA,PINHA-T038,"L, U, P",95430-1G012,,catalog label extraction - review,"PINHA-T038 | L, U, P | 95430-1G012"
KIA-1166,KIA,TQ8HM-T034,"L, U, P",,,catalog label extraction - review,"TQ8HM-T034 | L, U, P | 315-NA-TP"
KIA-1167,KIA,OSLOKA-OKA875T,"L, U, T, P",95430-A7200,,catalog label extraction - review,"OSLOKA-OKA875T | L, U, T, P | 95430-A7200"
KIA-1168,KIA,SY5YPFGE06,"L, U, H, SD, SD, P",95440-A9300,,catalog label extraction - review,"SY5YPFGE06 | L, U, H, SD, SD, P | 95440-A9300"
KIA-1169,KIA,TQ8-FOB-4F06 L,,95440-C6000; 95440-C5000,,catalog label extraction - review,"TQ8-FOB-4F06 | L, U, HH, P | 95440-C6000, 95440-C5000"
KIA-1170,KIA,CQOFN00100 L,,95440-E4000,,catalog label extraction - review,"CQOFN00100 | L, U, HH, P | 95440-E4000"
KIA-1171,KIA,CQOFN00040,"L, U, TH, P",95440-A7500,,catalog label extraction - review,"CQOFN00040 | L, U, TH, P | 95440-A7500"
KIA-1172,KIA,SY5QEFGE04,"L, U, TH, P",95440-D4000; 95440-D5000,,catalog label extraction - review,"SY5QEFGE04 | L, U, TH, P | 95440-D4000, 95440-D5000"
KIA-1173,KIA,SY5YPFGE04 L,,95440-A9100,,catalog label extraction - review,"SY5YPFGE04 | L, U, HH, P | 95440-A9100"
KIA-1174,KIA,CQOFN00100,"L, U, TH, P",95440-A7600,,catalog label extraction - review,"CQOFN00100 | L, U, TH, P | 95440-A7600"
KIA-1180,KIA,TQ8-FOB-4F08 L,,95440-G5000,,catalog label extraction - review,"TQ8-FOB-4F08 | L, U, HH, P | 95440-G5000"
KIA-1181,KIA,TQ8-FO8-4F10,"L, U, TH, P",95440-F6000,,catalog label extraction - review,"TQ8-FO8-4F10 | L, U, TH, P | 95440-F6000"
KIA-1182,KIA,TQ8-FOB-4F08 L,,95440-D9000,,catalog label extraction - review,"TQ8-FOB-4F08 | L, U, HH, P | 95440-D9000"
KIA-1183,KIA,CQOFN00100 L,,95440-B2AC0,,catalog label extraction - review,"CQOFN00100 | L, U, HH, P | 95440-B2AC0"
KIA-1184,KIA,CQOFN00100 L,,95440-B2200,,catalog label extraction - review,"CQOFN00100 | L, U, HH, P | 95440-B2200"
KIA-1185,KIA,NYOSYEC4TX1611,"L, U, TH, P",95430-H9700,,catalog label extraction - review,"NYOSYEC4TX1611 | L, U, TH, P | 95430-H9700"
KIA-1186,KIA,SY5JFRGE04 L,,95430-G5010,,catalog label extraction - review,"SY5JFRGE04 | L, U, HH, P | 95430-G5010"
KIA-1187,KIA,TQ8-FOB-4F15,"L, U, TH, P",95440-J5200,,catalog label extraction - review,"TQ8-FOB-4F15 | L, U, TH, P | 95440-J5200"
KIA-1188,KIA,TQ8-FOB-4F06 L,,95440-C6100,,catalog label extraction - review,"TQ8-FOB-4F06 | L, U, HH, P | 95440-C6100"
KIA-1189,KIA,CQOTD00660,"L, U, TH, P",95430-M6000,,catalog label extraction - review,"CQOTD00660 | L, U, TH, P | 95430-M6000"
KIA-1190,KIA,CQOFD00430,"L, U, TH, P",95440-M7000; 95440-M7001,,catalog label extraction - review,"CQOFD00430 | L, U, TH, P | 95440-M7000, 95440-M7001"
KIA-1191,KIA,TQ8-FOB-4F24 L,,,,catalog label extraction - review,"TQ8-FOB-4F24 | L, U, HH, P | 95440-S9000 | --- PAGE BREAK ---"
KIA-1192,KIA,CQOFN00100 L,,95440-B2000; 95440-B2AA0,,catalog label extraction - review,"CQOFN00100 | L, U, HH, P | 95440-B2000, 95440-B2AA0"
KIA-1193,KIA,SY5SKFGE04 L,,95440-K0000,,catalog label extraction - review,"SY5SKFGE04 | L, U, HH, P | 95440-K0000"
KIA-1194,KIA,SY5SRKGE04 L,,95430-K0000,,catalog label extraction - review,"SY5SRKGE04 | L, U, HH, P | 95430-K0000"
KIA-1195,KIA,OSLOKA-910T L,,95430-C6000,,catalog label extraction - review,"OSLOKA-910T | L, U, HH, P | 95430-C6000"
KIA-1196,KIA,OSLOKA-875T L,,95430-B2101,,catalog label extraction - review,"OSLOKA-875T | L, U, HH, P | 95430-B2101"
KIA-1197,KIA,TQ8-FOB-4F17,"L, U, TH, P",95440-J6000,,catalog label extraction - review,"TQ8-FOB-4F17 | L, U, TH, P | 95440-J6000"
KIA-1198,KIA,TQ8-RKE-4F19 L,,95430-A9150,,catalog label extraction - review,"TQ8-RKE-4F19 | L, U, HH, P | 95430-A9150"
KIA-1199,KIA,TQ8-RKE-4F37,"L, U, H, SD, SD, P",95430-A9350,,catalog label extraction - review,"TQ8-RKE-4F37 | L, U, H, SD, SD, P | 95430-A9350"
KIA-1200,KIA,TQ8-FOB-4F08 L,,95440-D9500,,catalog label extraction - review,"TQ8-FOB-4F08 | L, U, HH, P | 95440-D9500"
KIA-1201,KIA,NYOSYEC4TX1907,"L, U, P",95430-Q5400,,catalog label extraction - review,"NYOSYEC4TX1907 | L, U, P | 95430-Q5400"
KIA-1202,KIA,TQ8-FOB-4F24 L,,95440-G5010,,catalog label extraction - review,"TQ8-FOB-4F24 | L, U, HH, P | 95440-G5010"
KIA-1203,KIA,NYOSYEC5FOB1907,"L, U, TH, RSH, P",95440-Q5000,,catalog label extraction - review,"NYOSYEC5FOB1907 | L, U, TH, RSH, P | 95440-Q5000"
KIA-1204,KIA,KFOB_3G_5BT,"L, U, RSH, P",95440-Q5400,,catalog label extraction - review,"KFOB_3G_5BT | L, U, RSH, P | 95440-Q5400"
KIA-1205,KIA,TQ8-FOB-4F15,"L, U, TH, P",95440-J5000,,catalog label extraction - review,"TQ8-FOB-4F15 | L, U, TH, P | 95440-J5000"
KIA-1206,KIA,TQ8-FOB-4F17,"L, U, TH, P",95440-J5010,,catalog label extraction - review,"TQ8-FOB-4F17 | L, U, TH, P | 95440-J5010"
KIA-1207,KIA,SY5MQ4FGE07 L,,95440-P2200,,catalog label extraction - review,"SY5MQ4FGE07 | L, U, HH, PAI, PAO, RSH, P | 95440-P2200"
KIA-1208,KIA,SY5MQ4FGE05 L,,95440-P2000,,catalog label extraction - review,"SY5MQ4FGE05 | L, U, HH, RSH, P | 95440-P2000"
KIA-1209,KIA,TQ8-FOB-4F24 L,,95440-D9600,,catalog label extraction - review,"TQ8-FOB-4F24 | L, U, HH, P | 95440-D9600"
KIA-1210,KIA,SY5SRKGE04 L,,95430-G5300,,catalog label extraction - review,"SY5SRKGE04 | L, U, HH, P | 95430-G5300"
KIA-1211,KIA,CQOFD00790,"L, U, TH, P",95440-L3020,,catalog label extraction - review,"CQOFD00790 | L, U, TH, P | 95440-L3020"
KIA-1212,KIA,CQOTD00660,"L, U, T, P",95430-L2000,,catalog label extraction - review,"CQOTD00660 | L, U, T, P | 95430-L2000"
KIA-1213,KIA,CQOFD00790,"L, U, TH, RSH, P",95440-L3010,,catalog label extraction - review,"CQOFD00790 | L, U, TH, RSH, P | 95440-L3010"
KIA-1214,KIA,SY5SKRGE03,"L, U, P",95430-R5000,,catalog label extraction - review,"SY5SKRGE03 | L, U, P | 95430-R5000"
KIA-1215,KIA,SY5MQ4AFGE04,"L, U, RSH, P",95440-R5000,,catalog label extraction - review,"SY5MQ4AFGE04 | L, U, RSH, P | 95440-R5000"
KIA-1216,KIA,SY5MQ4FGE05 L,,95440-K0300,,catalog label extraction - review,"SY5MQ4FGE05 | L, U, HH, RSH, P | 95440-K0300"
KIA-1217,KIA,TQ8-RKE-4F42 L,,95430-D9410,,catalog label extraction - review,"TQ8-RKE-4F42 | L, U, HH, P | 95430-D9410"
KIA-1218,KIA,TQ8-FOB-4F34 L,,95440-S9200,,catalog label extraction - review,"TQ8-FOB-4F34 | L, U, HH, RSH, P | 95440-S9200"
KIA-1219,KIA,TQ8-FOB-4F34,"L, U, TH, RSH, P",95440-F6510,,catalog label extraction - review,"TQ8-FOB-4F34 | L, U, TH, RSH, P | 95440-F6510"
KIA-1220,KIA,NY0SYEC4F0B1611,"L, U, TH, P",95440-H9100,,catalog label extraction - review,"NY0SYEC4F0B1611 | L, U, TH, P | 95440-H9100"
KIA-1221,KIA,TQ8-FOB-4F46,"L, U, RSH, P",95440-J5550,,catalog label extraction - review,"TQ8-FOB-4F46 | L, U, RSH, P | 95440-J5550"
KIA-1222,KIA,SY5MQ4FGE05 L,,95440-R0100,,catalog label extraction - review,"SY5MQ4FGE05 | L, U, HH, SD, SD, RSH, P | 95440-R0100"
KIA-1223,KIA,CQOFD00430 L,,95440-M6000,,catalog label extraction - review,"CQOFD00430 | L, U, HH, P | 95440-M6000"
KIA-1224,KIA,CQOFD00790,"L, U, TH, RSH, P",95440-L3430,,catalog label extraction - review,"CQOFD00790 | L, U, TH, RSH, P | 95440-L3430"
KIA-1225,KIA,SY5KA4FGE06,"L, U, SD, SD, RSH, P",95440-R0410,,catalog label extraction - review,"SY5KA4FGE06 | L, U, SD, SD, RSH, P | 95440-R0410"
KIA-1226,KIA,NYOSYEK4TX1907,"L, U, H, P",95430-Q5000,,catalog label extraction - review,"NYOSYEK4TX1907 | L, U, H, P | 95430-Q5000"
KIA-1227,KIA,TQ8-FOB-4F17,"L, U, TH, P",95440-J5210,,catalog label extraction - review,"TQ8-FOB-4F17 | L, U, TH, P | 95440-J5210"
KIA-1228,KIA,TQ8-FOB-4F34 L,,95440-S9330,,catalog label extraction - review,"TQ8-FOB-4F34 | L, U, HH, RSH, P | 95440-S9330"
KIA-1229,KIA,SY5MQ4AFGE04 L,,95440-R0000,,catalog label extraction - review,"SY5MQ4AFGE04 | L, U, HH, RSH, P | 95440-R0000"
KIA-1230,KIA,SY5XMFNA433 L,,95440-2P500,,catalog label extraction - review,"SY5XMFNA433 | L, U, HH, P | 95440-2P500"
KIA-1231,KIA,CQOFD01340 L,,95440-CV000,,catalog label extraction - review,"CQOFD01340 | L, U, HH, RSH, P | 95440-CV000"
KIA-1232,KIA,TQ8-FOB-4F34 L,,95440-G5025,,catalog label extraction - review,"TQ8-FOB-4F34 | L, U, HH, RSH, P | 95440-G5025"
KIA-1233,KIA,CQOFD00790,"L, U, TH, RSH, P",95440-M6800,,catalog label extraction - review,"CQOFD00790 | L, U, TH, RSH, P | 95440-M6800"
KIA-1234,KIA,CQOFD01340 L,,95440-CV010,,catalog label extraction - review,"CQOFD01340 | L, U, HH, PAI, PAO, RSH, P | 95440-CV010"
KIA-1235,KIA,OSLOKA-910T (UMD1) L,,95430-C5101,,catalog label extraction - review,"OSLOKA-910T (UMD1) | L, U, HH, P | 95430-C5101"
KIA-1236,KIA,SY5SKRGE03,"L, U, P",95430-R0100,,catalog label extraction - review,"SY5SKRGE03 | L, U, P | 95430-R0100"
KIA-1237,KIA,SY5SKRGE03,"L, U, P",95430-K0120,,catalog label extraction - review,"SY5SKRGE03 | L, U, P | 95430-K0120"
KIA-1238,KIA,NYOSYEC4TX1907,"L, U, P",95430-Q5410,,catalog label extraction - review,"NYOSYEC4TX1907 | L, U, P | 95430-Q5410"
KIA-1239,KIA,CQOTG00520 95430-AT010,,,,catalog label extraction - review,CQOTG00520 | 95430-AT010
KIA-1240,KIA,NYOSYEK4TX1907,"L, U, P",95430-Q5500,,catalog label extraction - review,"NYOSYEK4TX1907 | L, U, P | 95430-Q5500"
KIA-1241,KIA,SY5SKRGE04,"L, U, H, P",95430-K0110,,catalog label extraction - review,"SY5SKRGE04 | L, U, H, P | 95430-K0110"
KIA-1242,KIA,CQOTD00660,"L, U, T, P",95430-M6400,,catalog label extraction - review,"CQOTD00660 | L, U, T, P | 95430-M6400"
KIA-1243,KIA,SCQOTD00660,"L, U, T, P",95430-M6500,,catalog label extraction - review,"SCQOTD00660 | L, U, T, P | 95430-M6500"
KIA-1244,KIA,CQOTD00660,"L, U, T, P",95430-L2010,,catalog label extraction - review,"CQOTD00660 | L, U, T, P | 95430-L2010"
KIA-1245,KIA,SY5SKRGE04,"L, U, T, P",95430-K0010,,catalog label extraction - review,"SY5SKRGE04 | L, U, T, P | 95430-K0010"
KIA-1246,KIA,NYOSYEC4TX1611,"L, U, T, P",95430-H9800,,catalog label extraction - review,"NYOSYEC4TX1611 | L, U, T, P | 95430-H9800"
KIA-1247,KIA,SY5SKRGE04,"L, U, H, P",95430-K0100,,catalog label extraction - review,"SY5SKRGE04 | L, U, H, P | 95430-K0100"
KIA-1248,KIA,SY5MQ4AFGE04,"L, U, RS, P",95440-R5010,,catalog label extraction - review,"SY5MQ4AFGE04 | L, U, RS, P | 95440-R5010"
KIA-1249,KIA,NYOSYEC4FOB1611,"L, U, T, P",95440-H9150,,catalog label extraction - review,"NYOSYEC4FOB1611 | L, U, T, P | 95440-H9150"
KIA-1250,KIA,CQOFN01050,"L, U, T, P",95440-M7300,,catalog label extraction - review,"CQOFN01050 | L, U, T, P | 95440-M7300"
KIA-1251,KIA,SY5MQ4AFGE04 95440-K0320,,,,catalog label extraction - review,SY5MQ4AFGE04 | 95440-K0320 | --- PAGE BREAK ---
KIA-1252,KIA,TQ8-FOB-4F71 95440-S9530,,,,catalog label extraction - review,TQ8-FOB-4F71 | 95440-S9530
KIA-1253,KIA,TQ8-FOB-4F46,"L, U, T, RS, P",95440-J5500,,catalog label extraction - review,"TQ8-FOB-4F46 | L, U, T, RS, P | 95440-J5500"
KIA-1255,KIA,FD01330 L,,95440-AT000,,catalog label extraction - review,"FD01330 | L, U, HH, RSH, P | 95440-AT000"
KIA-1256,KIA,SY5SKRGE03,"L, U, P",95430-R5100,,catalog label extraction - review,"SY5SKRGE03 | L, U, P | 95430-R5100"
KIA-1257,KIA,TQ8-RKE-4F19 L,,95430-A9160,,catalog label extraction - review,"TQ8-RKE-4F19 | L, U, HH, P | 95430-A9160"
KIA-1266,KIA,CQOFD00430,"L, U, TH, P",95440-M6010; 95440-M6011,,catalog label extraction - review,"CQOFD00430 | L, U, TH, P | 95440-M6010, 95440-M6011"
KIA-1267,KIA,NYOSYEC5FOB1907,"L, U, RSH, P",95440-Q5410,,catalog label extraction - review,"NYOSYEC5FOB1907 | L, U, RSH, P | 95440-Q5410"
KIA-1275,KIA,SY5MQ4FGE05 L; P 95440-P1100 KL-H72PT H72PT; H72-PT-SK H72PT; H72-PT-SK KL-H92PT KL-HD106PT HD106PT HD106; HD106-PT; HD106-PT-SK KL-HO01PT KL-HO03PT KL-HU46T2 HU46T2; HU46T2-SK BHU46T2 KL-NI02T KL-RFD80; FD21 KL-RFD80; FD40 KL-TOY43AT4 KL-TOY44D-PT-SK KL-Y160PT KL-Y165PT Y165-PT-SK Y165PT; BY165-PT; Y165-PT-SK KL-Y170PT KL103PT KL111PT KL119PT 10-Cut B119PT; B119-PT KL121PT B121PT KL97PT KL99PT KLYS15TK1 YS15TK1-SK YS15TK1-SK KOB3-1888 KOBDT04A,"L, U, P",05183348AC; 05183348AA; 05183348AB; 05143608AA; 05179513AB; 05179513AA; 05135670AA; 05179512AB; 05179514AA; 05183349AA; 68026372AA; 68003387AA; 68002316AA,,catalog label extraction - review,"SY5MQ4FGE05 | L, U, HH, RSH, P | 95440-P1100 | KL-H72PT | H72PT / H72-PT-SK | H72PT / H72-PT-SK | KL-H92PT | KL-HD106PT | HD106PT | HD106 / HD106-PT / | HD106-PT-SK | KL-HO01PT | KL-HO03PT | KL-HU46T2 | HU46T2 / HU46T2-SK | BHU46T2 | KL-NI02T | KL-RFD80/FD21 | KL-RFD80/FD40 | KL-TOY43AT4 | KL-TOY44D-PT-SK | KL-Y160PT | KL-Y165PT | Y165-PT-SK | Y165PT / BY165-PT / | Y165-PT-SK | KL-Y170PT | KL103PT | KL111PT | KL119PT | 10-Cut | B119PT, B119-PT | KL121PT | B121PT | KL97PT | KL99PT | KLYS15TK1 | YS15TK1-SK | YS15TK1-SK | KOB3-1888 | KOBDT04A | L, U, P | 05183348AC, 05183348AA, | 05183348AB, 05143608AA, | Scan for More | KOB3-1890 | KOBDT04A | L, U, P | 05179513AC, 05179513AB, | 05179513AA, 05135670AA, | Scan for More | KOB4-1871 | KOBDT04A | L, U, T, P | 05179512AA, 05179512AB, | 05179514AA, 05183349AA, | Scan for More | KOB4-1889 | KOBDT04A | L, U, RS, P | 68002316AC, 68026372AA, | 68003387AA, 68002316AA, | Scan for More | LAND-1305 | KHH17TN | L, U | 1984 102 1576 | LAND-1307 | NT8-15K6014CFFTXA | L, U, P | YWX000071 | LAND-1311 | N5FVALTX3 | L, U | CWE100710 | LAND-1318 | NT8-TX9 | L, U, H, HL, P | 6H52-15K601-BG | LAND-1319 | NT8-TX9 | L, U, H, HL, P | N/A | LAND-1320 | KOBJTF10A | L, U, H, HL, P | LR060129, 5E0U30147 | LAND-1321 | KOBJTF10A | L, U, H, HL, P | AH22-15K601-AF, 5E0B602A7 | LAND-1322 | KOBJXF18A | L, U, H, HL, P | LD-MBKEY | L, U, T, P"
LEX-02,LEX,HYQ1512V LP,,89070-50170; 89070-53530; 89070-53531,,catalog label extraction - review,"HYQ1512V | LP, U, T | 89070-50170, 89070-53530, | 89070-53531"
LEX-03,LEX,HYQ1512V LP,,89070-24020; 89070-24021; 89070-24040; 89070-24041,,catalog label extraction - review,"HYQ1512V | LP, U, T | 89070-24020, 89070-24021, | 89070-24040, 89070-24041, | Scan for More"
LEX-04,LEX,HYQ12BBT LP,,89070-24170; 89070-24171; 89070-33750; 89070-33751; 89070-50660,,catalog label extraction - review,"HYQ12BBT | LP, U, T | 89070-24170, 89070-24171, | 89070-33750, 89070-33751, | 89070-50660"
LEX-05,LEX,HYQ1512V,"L, U, P",89070-60800; 89070-60801,,catalog label extraction - review,"HYQ1512V | L, U, P | 89070-60800, 89070-60801"
LEX-06,LEX,HYQ12BBK; HYQ12BBB LP,,89070-24170; 89070-24171; 89070-33751; 89070-50660,,catalog label extraction - review,"HYQ12BBK, HYQ12BBB | LP, U, T | 89070-24170, 89070-24171, | 89070-33751, 89070-50660"
LEX-08L,LEX,HYQ1512V,"L, U, P",89070-60080,,catalog label extraction - review,"HYQ1512V | L, U, P | 89070-60080"
LEX-08S,LEX,HYQ1512V,"L, U, P",89070-60081,,catalog label extraction - review,"HYQ1512V | L, U, P | 89070-60081"
LEX-09,LEX,HYQ12BBT LP,,89070-48820; 89070-48821,,catalog label extraction - review,"HYQ12BBT | LP, U, SD | 89070-48820, 89070-48821"
LEX-10,LEX,N14TMTX-1,"L, U, P",89070-48020,,catalog label extraction - review,"N14TMTX-1 | L, U, P | 89070-48020"
LEX-16,LEX,HYQ1512P,"L, U, T, P",89742-33100,,catalog label extraction - review,"HYQ1512P | L, U, T, P | 89742-33100"
LEX-19,LEX,,"L, U, T, P",89742-50510,,catalog label extraction - review,"HYQWDT-C | L, U, T, P | 89742-50510"
LEX-21,LEX,HYQ12BZE L,,89994-50240,,catalog label extraction - review,"HYQ12BZE | L/P, U | 89994-50240"
LEX-23,LEX,HYQ14AAB,"L, U, T, P",89904-30270,,catalog label extraction - review,"HYQ14AAB | L, U, T, P | 89904-30270"
LEX-25,LEX,HYQ12BZE,"L, U, T",89994-50241,,catalog label extraction - review,"HYQ12BZE | L, U, T | 89994-50241"
LEX-27,LEX,HYQ14ACX,"L, U, T, P",89904-50F90; 89904-75030,,catalog label extraction - review,"HYQ14ACX | L, U, T, P | 89904-50F90, 89904-75030"
LEX-29,LEX,HYQ14ACX,"L, U, T, P",,,catalog label extraction - review,"HYQ14ACX | L, U, T, P"
LEX-30,LEX,HYQ14ACX,"L, U, H, P",89904-0E031; 89904-48191,,catalog label extraction - review,"HYQ14ACX | L, U, H, P | 89904-0E031, 89904-48191"
LEX-31,LEX,HYQ14ACX,"L, U, P",89904-48181,,catalog label extraction - review,"HYQ14ACX | L, U, P | 89904-48181, 89904-48481 | --- PAGE BREAK ---"
LEX-32,LEX,HYQ14AEM,"L, U, T, P",89904-30C60,,catalog label extraction - review,"HYQ14AEM | L, U, T, P | 89904-30C60"
LEX-33,LEX,HYQ14AAB,"L, U, T, P",89904-50380,,catalog label extraction - review,"HYQ14AAB | L, U, T, P | 89904-50380"
LEX-36,LEX,HYQ14FBA,"L, U, TH, P",89904-06170; 89904-30A30; 89904-30A31; 89904-30A91,,catalog label extraction - review,"HYQ14FBA | L, U, TH, P | 89904-06170, 89904-30A30, | 89904-30A31, 89904-30A91, | Scan for More"
LEX-37,LEX,HYQ14AAB,"L, U, P",,,catalog label extraction - review,"HYQ14AAB | L, U, P | 89904-48481 89904-50380"
LEX-38,LEX,HYQ14AAB,"L, U, H, P",89904-60061,,catalog label extraction - review,"HYQ14AAB | L, U, H, P | 89904-60061"
LEX-40,LEX,HYQ14ACX,"L, U, T, P",89904-50K80; 89904-50N10,,catalog label extraction - review,"HYQ14ACX | L, U, T, P | 89904-50K80, 89904-50N10"
LEX-41,LEX,HYQ14ACX,"L, U, G, P",89904-60590,,catalog label extraction - review,"HYQ14ACX | L, U, G, P | 89904-60590"
LEX-42,LEX,HYQ14FBA,"L, U, TH, P",89904-53610; 89904-53651,,catalog label extraction - review,"HYQ14FBA | L, U, TH, P | 89904-53610, 89904-53651"
LEX-43,LEX,HYQ14FBA L,,89904-78470; 89904-78070; 89904-78250; 89904-78670,,catalog label extraction - review,"HYQ14FBA | L, U, HH, P | 89904-78470, 89904-78070, | 89904-78250, 89904-78670"
LEX-44,LEX,HYQ14FBB L,,1551A-14FBB; 89904-0E160; 89904-0E170,,catalog label extraction - review,"HYQ14FBB | L, U, HH, P | 1551A-14FBB, 89904-0E160, | 89904-0E170"
LEX-45,LEX,HYQ14FBA,"L, U, P",89904-78460,,catalog label extraction - review,"HYQ14FBA | L, U, P | 89904-78460"
LEX-47,LEX,HYQ14FBA,"L, U, TH, P",89904-24100,,catalog label extraction - review,"HYQ14FBA | L, U, TH, P | 89904-24100"
LEX-48,LEX,HYQ14FBF,"L, U, T, P",8990H-50020,,catalog label extraction - review,"HYQ14FBF | L, U, T, P | 8990H-50020"
LEX-49,LEX,HYQ14FBF,"L, U, TH, P",89904-11190,,catalog label extraction - review,"HYQ14FBF | L, U, TH, P | 89904-11190"
LEX-50,LEX,HYQ14FBF L,,8990H-33020,,catalog label extraction - review,"HYQ14FBF | L, U, HH, P | 8990H-33020"
LEX-51,LEX,HYQ14FBF,"L, U, T, P",8990H-06010,,catalog label extraction - review,"HYQ14FBF | L, U, T, P | 8990H-06010"
LEX-52,LEX,HYQ14FBF,"L, U, H, P",8990H-76040,,catalog label extraction - review,"HYQ14FBF | L, U, H, P | 8990H-76040"
LEX-53,LEX,HYQ14FBA,"L, U, P, H",89904-78670,,catalog label extraction - review,"HYQ14FBA | L, U, P, H | 89904-78670"
LEX-54,LEX,HYQ14FBF,"L, U, P, G",89904-60U80,,catalog label extraction - review,"HYQ14FBF | L, U, P, G | 89904-60U80"
LEX-55,LEX,HYQ14FBF,"L, U, P, T",89904-11010,,catalog label extraction - review,"HYQ14FBF | L, U, P, T | 89904-11010"
LEX-56,LEX,HYQ14FLB,"L, U, P",89904-78G30,,catalog label extraction - review,"HYQ14FLB | L, U, P | 89904-78G30"
LEX-57,LEX,HYQ14FLB,"L, U, TH, P",89904-53E70; 89904-24340,,catalog label extraction - review,"HYQ14FLB | L, U, TH, P | 89904-53E70, 89904-24340"
LEX-58,LEX,HYQ14FLB,"L, U, H, P",89904-48V80,,catalog label extraction - review,"HYQ14FLB | L, U, H, P | 89904-48V80"
LEX-59,LEX,HYQ14FLB L,,89904-0E180; 89904-0E190; 89904-48Z40,,catalog label extraction - review,"HYQ14FLB | L, U, HH, P | 89904-0E180, 89904-0E190, | 89904-48Z40"
LEX-60,LEX,HYQ14FBZ,"L, U, P",8990H-76100,,catalog label extraction - review,"HYQ14FBZ | L, U, P | 8990H-76100"
LEX-61,LEX,HYQ14FBZ,"L, U, P",8990H-76600,,catalog label extraction - review,"HYQ14FBZ | L, U, P | 8990H-76600, Hybrid Logo"
LEX-62,LEX,HYQ14FBZ,"L, U, P, H",8990H-76590; 8990H-76591,,catalog label extraction - review,"HYQ14FBZ | L, U, P, H | 8990H-76590, 8990H-76591"
LEX-63,LEX,HYQ14FBZ,"L, U, P, H",8990H-76610,,catalog label extraction - review,"HYQ14FBZ | L, U, P, H | 8990H-76610"
LEX-64,LEX,HYQ14FBZ,"L, U, P, T",89904-11690,,catalog label extraction - review,"HYQ14FBZ | L, U, P, T | 89904-11690"
LEX-65,LEX,HYQ14FBZ,"L, U, P, T",89904-11700,,catalog label extraction - review,"HYQ14FBZ | L, U, P, T | 89904-11700"
LEX-66,LEX,HYQ14FBZ,"L, U, P, T",8990H-06020; 8990H-06021,,catalog label extraction - review,"HYQ14FBZ | L, U, P, T | 8990H-06020, 8990H-06021"
LEX-67,LEX,HYQ14FBZ,"L, U, P, T",8990H-06030,,catalog label extraction - review,"HYQ14FBZ | L, U, P, T | 8990H-06030"
LEX-68,LEX,HYQ14FBF,"L, U, P",8990H-76010,,catalog label extraction - review,"HYQ14FBF | L, U, P | 8990H-76010"
LEX-69,LEX,HYQ14FBF,"L, U, P, H",8990H-76020,,catalog label extraction - review,"HYQ14FBF | L, U, P, H | 8990H-76020"
LEX-71,LEX,HYQ14FLB,"L, U, H, P",8990H-0E290,,catalog label extraction - review,"HYQ14FLB | L, U, H, P | 8990H-0E290"
LEX-72,LEX,HYQ14FBZ,"L, U, T, P",8990H-06030; 8990H-06031,,catalog label extraction - review,"HYQ14FBZ | L, U, T, P | 8990H-06030, 8990H-06031"
LEX-73,LEX,HYQ14FLB,"L, U, H, P",8990H-0E300,,catalog label extraction - review,"HYQ14FLB | L, U, H, P | 8990H-0E300"
LEX-74,LEX,HYQ14FLC,"L, U, P",8990H-78010,,catalog label extraction - review,"HYQ14FLC | L, U, P | 8990H-78010"
LEX-75,LEX,HYQ14FLC,"L, U, H, P",8990H-78640,,catalog label extraction - review,"HYQ14FLC | L, U, H, P | 8990H-78640"
LEX-76,LEX,HYQ14FLC,"L, U, H, P",8990H-F6100,,catalog label extraction - review,"HYQ14FLC | L, U, H, P | 8990H-F6100"
LEX-77,LEX,HYQ14FLB 89904-78G50,,,,catalog label extraction - review,HYQ14FLB | 89904-78G50
LEX-78,LEX,HYQ14AAB,"L, U, T, P",89904-53060,,catalog label extraction - review,"HYQ14AAB | L, U, T, P | 89904-53060"
LEX-79,LEX,HYQ14AAB,"L, U, T, P",OHT05918179; 5912543; 1304200; 05183683AB; 05183683AA; 05183919AA; 05183919AB; 05189230AA; 05134964AA; 68291093AA; 05183681AA; 70019938; 5923336AH; 670061896,,catalog label extraction - review,"HYQ14AAB | L, U, T, P | 89904-53190 | LL-GM-GMAGIC 4 | OHT01060512, OHT05918179, | V2T-01060512 | L, U, T, P | 13501913, 5912543, 1304200, | 13576139 | M3N3-1884 | M3N5WY72XX | L, U, P | 05134965AA, 05183683AB, | 05183683AA, Scan for More | M3N4-1873 | M3N5WY72XX | L, U, H, P | 05139287AA, 05183919AA, | 05183919AB, 05189230AA, | Scan for More | M3N6-1868 | M3N5WY72XX | L, U, H, SD, SD, P | 68291093AB, 05134964AA, | 68291093AA, 05183681AA, | 05183681AB | MASERATI 1 | M3N-7393490 | L, U, T, RS | 5923545AG, 70019938, | 68233056AB | MASERATI 2 | M3N-7393490 | L, U, T, HL | 5923336AG, 5923336AH, | 70019938 | MASERATI 3 | M3N-7393490 | L, U, T, P | 5923335AE, 70019938, | 670061896"
MAZ-320,MAZ,BGBX1T478SKE125-01,"L, U, P",BCR2-67-5RY; CC43-67-5RY; CC43-67-5RYC,,catalog label extraction - review,"BGBX1T478SKE125-01 | L, U, P | BCR2-67-5RY, CC43-67-5RY, | CC43-67-5RYC"
MAZ-321,MAZ,OUCG80-335A-A,"L, U, P",LF20-67-5RY,,catalog label extraction - review,"OUCG80-335A-A | L, U, P | LF20-67-5RY"
MAZ-322,MAZ,KPU41788,"L, U, P",FE04-67-5RYB; GP7A-67-5RYB,,catalog label extraction - review,"KPU41788 | L, U, P | FE04-67-5RYB, GP7A-67-5RYB"
MAZ-323,MAZ,5WK43451E,"L, U, TH, P",GS4B-67-5RYA,,catalog label extraction - review,"5WK43451E | L, U, TH, P | GS4B-67-5RYA"
MAZ-328,MAZ,KPU41788,"L, U, TH, P",GP7A-67-5RYB,,catalog label extraction - review,"KPU41788 | L, U, TH, P | GP7A-67-5RYB"
MAZ-329,MAZ,KPU41788,"L, U, TH, P",,,catalog label extraction - review,"KPU41788 | L, U, TH, P | Visteon 41788"
MAZ-330,MAZ,BGBX1T478SKE125-01,"L, U, TH, P",BBM4-67-5RY,,catalog label extraction - review,"BGBX1T478SKE125-01 | L, U, TH, P | BBM4-67-5RY"
MAZ-331,MAZ,OUCG80-335A-A,"L, U, SD, SD, P",MAZ091268,,catalog label extraction - review,"OUCG80-335A-A | L, U, SD, SD, P | MAZ091268"
MAZ-338,MAZ,KPU41846,"L, U, P",BN8P-67-5RY,,catalog label extraction - review,"KPU41846 | L, U, P | BN8P-67-5RY"
MAZ-341,MAZ,KPU41704,"L, U, P",,,catalog label extraction - review,"KPU41704 | L, U, P | BL8D-67-5RY | --- PAGE BREAK ---"
MAZ-344,MAZ,E4EG8D-320A-A,"L, U, P",LC62-67-5RY,,catalog label extraction - review,"E4EG8D-320A-A | L, U, P | LC62-67-5RY"
MAZ-347,MAZ,OUCG8D-325A-A,"L, U, P",LC62-67-5RY; LD47-67-5RY,,catalog label extraction - review,"OUCG8D-325A-A | L, U, P | LC62-67-5RY, LD47-67-5RY"
MAZ-350,MAZ,OUCG80-333A-A,"L, U, SD, SD, P",LD52-67-5RY,,catalog label extraction - review,"OUCG80-333A-A | L, U, SD, SD, P | LD52-67-5RY"
MAZ-353,MAZ,GQ43VT7T,"L, U, T",GD1G-67-5DY,,catalog label extraction - review,"GQ43VT7T | L, U, T | GD1G-67-5DY"
MAZ-356,MAZ,KPU41805,"L, U, T, P",GK2A-67-5RY,,catalog label extraction - review,"KPU41805 | L, U, T, P | GK2A-67-5RY, VISTEON 41805"
MAZ-359,MAZ,KPU41805,"L, U, T, P",FEY1-67-5RY,,catalog label extraction - review,"KPU41805 | L, U, T, P | FEY1-67-5RY"
MAZ-362,MAZ,KPU41701,"L, U, T, P",TC86-67-5RYC,,catalog label extraction - review,"KPU41701 | L, U, T, P | TC86-67-5RYC"
MAZ-365,MAZ,KPU41048,"L, U, T, P",MAZ0813560; MAZ4213763; MAZ4213766; TA17-67-5DYA,,catalog label extraction - review,"KPU41048 | L, U, T, P | MAZ0813560, MAZ4213763, | MAZ4213766, TA17-67-5DYA"
MAZ-368,MAZ,KPU41015,"L, U, P",BJ0E-67-5DY,,catalog label extraction - review,"KPU41015 | L, U, P | BJ0E-67-5DY"
MAZ-371,MAZ,NHVWB1U215,"L, U, T",0000-8F-F06; GD7D-67-5DYA,,catalog label extraction - review,"NHVWB1U215 | L, U, T | 0000-8F-F06, GD7D-67-5DYA"
MAZ-374,MAZ,CWTWB1U411,"L, U, T",GD7D-67-5DY,,catalog label extraction - review,"CWTWB1U411 | L, U, T | GD7D-67-5DY"
MAZ-377,MAZ,KPU41794,"L, U, P",4238A-41846; BAN6-67-5RY,,catalog label extraction - review,"KPU41794 | L, U, P | 4238A-41846, BAN6-67-5RY"
MAZ-379,MAZ,BGBX1T458SKE11A01,"L, U, T, P",NFY7-67-5RYB,,catalog label extraction - review,"BGBX1T458SKE11A01 | L, U, T, P | NFY7-67-5RYB"
MAZ-381,MAZ,BGBX1T458SKE11A01,"L, U, P",TDY2-67-5RYA,,catalog label extraction - review,"BGBX1T458SKE11A01 | L, U, P | TDY2-67-5RYA"
MAZ-383,MAZ,BGBX1T458SKE11A01,"L, U, H, P",TDY1-67-5RYA,,catalog label extraction - review,"BGBX1T458SKE11A01 | L, U, H, P | TDY1-67-5RYA, 662F-SKE12501"
MAZ-389,MAZ,GQ43VT7T,"L, U",,,catalog label extraction - review,"GQ43VT7T | L, U | -"
MAZ-392,MAZ,KPU41063,"L, U",,,catalog label extraction - review,"KPU41063 | L, U | -"
MAZ-401,MAZ,G0H-PCGEN2,"L, U, RS, P",0000-8F-F06,,catalog label extraction - review,"G0H-PCGEN2 | L, U, RS, P | 0000-8F-F06"
MAZ-404,MAZ,G0H-PCGEN2 L,,7L3J-15K601-AA,,catalog label extraction - review,"G0H-PCGEN2 | L, U, O1, O2, RS, P | 7L3J-15K601-AA"
MAZ-410,MAZ,KPU41777,"L, U, T, P",BAP5-67-5RY,,catalog label extraction - review,"KPU41777 | L, U, T, P | BAP5-67-5RY"
MAZ-411,MAZ,WAZX1T768SKE11A03,"L, U, P",BCY1-67-5RY,,catalog label extraction - review,"WAZX1T768SKE11A03 | L, U, P | BCY1-67-5RY"
MAZ-412,MAZ,WAZSKE13D01,"L, U, P",KDY3-67-5DY,,catalog label extraction - review,"WAZSKE13D01 | L, U, P | KDY3-67-5DY"
MAZ-413,MAZ,WAZX1T763SKE11A03; WAZX1T768SKE11A03,"L, U, TH, P",BBY2-67-5RY,,catalog label extraction - review,"WAZX1T763SKE11A03, | WAZX1T768SKE11A03 | L, U, TH, P | BBY2-67-5RY"
MAZ-414,MAZ,WAZX1T763SKE11A04; WAZX1T768SKE11A04,,,,catalog label extraction - review,"WAZX1T763SKE11A04, | WAZX1T768SKE11A04 | L, U, HH, P | TEY1-67-5RY"
MAZ-415,MAZ,KR55WK49383,"L, U, TH, P",GSYL-67-5RY; 5WK49383A,,catalog label extraction - review,"KR55WK49383 | L, U, TH, P | GSYL-67-5RY, 5WK49383A"
MAZ-416,MAZ,WAZX1T763SKE11A04; WAZX1T768SKE11A04,"L, U, P",EHY5-67-5RYA,,catalog label extraction - review,"WAZX1T763SKE11A04, | WAZX1T768SKE11A04 | L, U, P | EHY5-67-5RYA"
MAZ-417,MAZ,WAZSKE13D01,"L, U, TH, P",GJY9-67-5DY; GJY9-67-5RY; SKE13D-01; SKE13-D01,,catalog label extraction - review,"WAZSKE13D01 | L, U, TH, P | GJY9-67-5DY, GJY9-67-5RY, | SKE13D-01, SKE13-D01"
MAZ-418,MAZ,WAZX1T763SKE11A04,"L, U, TH, P",NHY8-67-5RYA,,catalog label extraction - review,"WAZX1T763SKE11A04 | L, U, TH, P | NHY8-67-5RYA, NHY8-67-5RYA"
MAZ-419,MAZ,WAZSKE13D01 L,,TKY2-67-5DY,,catalog label extraction - review,"WAZSKE13D01 | L, U, HH, P | TKY2-67-5DY"
MAZ-421,MAZ,WKE-PZ170-02021 STP,,PZ170-02021,,catalog label extraction - review,"WKE-PZ170-02021 | STP, SRT, REGS, F, CF | PZ170-02021"
MAZ-422,MAZ,WAZSKE13D02 L,,TK52-67-5DY,,catalog label extraction - review,"WAZSKE13D02 | L, U, HH, P | TK52-67-5DY"
MAZ-423,MAZ,WAZSKE13D02,"L, U, P",KDY3-67-5DY,,catalog label extraction - review,"WAZSKE13D02 | L, U, P | KDY3-67-5DY"
MAZ-424,MAZ,WAZSKE13D02,"L, U, TH, P",TKY2-67-5DY,,catalog label extraction - review,"WAZSKE13D02 | L, U, TH, P | TKY2-67-5DY"
MAZ-425,MAZ,WAZSKE11D01,"L, U, TH, P",BCYA-67-5DY; BCKN-67-5RYA; BCYA-67-5RYA,,catalog label extraction - review,"WAZSKE11D01 | L, U, TH, P | BCYA-67-5DY, BCKN-67-5RYA, | BCYA-67-5RYA, Scan for More"
MAZ-426,MAZ,WAZSKE11D01,"L, U, P",BCYN-67-5DY; BCYN-67-5RY,,catalog label extraction - review,"WAZSKE11D01 | L, U, P | BCYN-67-5DY, BCYN-67-5RY"
MAZ-427,MAZ,WAZSKE13D03,"L, U, TH, P",GDYL-67-5DY; GDYL-67-5DYB,,catalog label extraction - review,"WAZSKE13D03 | L, U, TH, P | GDYL-67-5DY, GDYL-67-5DYB"
MAZ-428,MAZ,WAZSKE13D03 L,,TAYB-67-5DY; DGJ2-675RY; TAYB-67-5DYB,,catalog label extraction - review,"WAZSKE13D03 | L, U, HH, P | TAYB-67-5DY, DGJ2-675RY, | TAYB-67-5DYB"
MAZ-429,MAZ,WAZSKE13D03,"L, U, P",TAYA-67-5DY; TAYA-67-5DYB; TAYA-67-5RY,,catalog label extraction - review,"WAZSKE13D03 | L, U, P | TAYA-67-5DY, TAYA-67-5DYB, | TAYA-67-5RY"
MAZ-430,MAZ,WAZSKE13D03,"L, U, TH, P",NFYR-67-5DY,,catalog label extraction - review,"WAZSKE13D03 | L, U, TH, P | NFYR-67-5DY, 662F-SKE13D03"
MAZ-431,MAZ,WAZSKE11D01 L,,DGY2-67-5DYA; DGY2-67-5DY; DGY2-67-5DYB,,catalog label extraction - review,"WAZSKE11D01 | L, U, HH, P | DGY2-67-5DYA, DGY2-67-5DY, | DGY2-67-5DYB"
MAZ-432,MAZ,OUCD6000022,"L, U, P",,,catalog label extraction - review,"OUCD6000022 | L, U, P"
MAZ-434,MAZ,WAZSKE13D03,"L, U, TH, P",DJG2-67-5RY,,catalog label extraction - review,"WAZSKE13D03 | L, U, TH, P | DJG2-67-5RY"
MAZ-GE4T,MAZ,Philips ID 33 GE4T-76-2GX,,,,catalog label extraction - review,Philips ID 33 | GE4T-76-2GX
MAZ-GJYA,MAZ,TEX 4D 63 GJYA-76-2GX,,,,catalog label extraction - review,TEX 4D 63 | GJYA-76-2GX
MAZ-MAZ24RPT,MAZ,GPYA-76-3GX MAZJYV NATL-MAZ-2000 BJYV-76-2GX; BJYD-76-2GX MBE-KR55-1,"L, U",,,catalog label extraction - review,"GPYA-76-3GX | MAZJYV | NATL-MAZ-2000 | BJYV-76-2GX, BJYD-76-2GX | MBE-KR55-1 | L, U | MBE-KR55-10 | L, U, P | MBE-KR55-11 | L, U, T | MBE-KR55-12 | L, U, SD | MBE-KR55-2 | KR55-2 | L, U, P | KR55-2 | MBE-KR55-3 | KR55-3 | L, U, T, P | KR55-3 | MBE-KR55-4 | KR55-4 | L, U | KR55-4 | MBE-KR55-5 | KR55-5 | L, U, SD | KR55-5 | MBE-KR55-6 | KR55-6 | L, U, P, T | KR55-6 | MBE-KR55-7 | KR55-7 | L, U | KR55-7 | MBE-KR55-8 | L, U | MBE-KR55-9 | L, U, SD | MBE-KR55-MASTER-GMT- | 46 | MASTER SNIFFER KEY | KR55-MASTER-GMT-46 | MBE-ML-QUICK-START-K | EY | --- PAGE BREAK --- | MER-45 | KR5S | L, U, P | MER-54 | NCZMB1K | L, U, T, P | 439701 | MER-68 | KR55WK45144 | L, U, T, P | 451-820-37-97 | MER-70 | IYZDC10 / (N/S) | L, U, T, P | MER-72 | IYZDC12K | L, U, T, P | Triangle Panic | MER-75 | IYZ 3317 | L, U, T, P | Triple Coil (Circle Panic) | MER-77 | IYZ-3312 | L, U, T, P | RT-MB1 (AX00014360) | MINI-73 | LX8F2V | L, U, T | MINI-74 | IYZKEYR5602 | L, U, H | 3456368-02 | MINI-75 | KR55WK49333 | L, U, H | IYZKEYR5602 | MINI-76 | NBGIDGNG1 | L, U, H, P | 9345898-01, 9367409-01 | MINI-77 | NBGIDGNG1 | L, U, H | 9367409-01"
MIT-802,MIT,E4EG8D-522M-A,"L, U, P",MR587977,,catalog label extraction - review,"E4EG8D-522M-A | L, U, P | MR587977"
MIT-805,MIT,E4EG8D-522M-A,"L, U, T, P",MR587979,,catalog label extraction - review,"E4EG8D-522M-A | L, U, T, P | MR587979"
MIT-808,MIT,OUCG8D-525M-A,"L, U, T, P",MR587981,,catalog label extraction - review,"OUCG8D-525M-A | L, U, T, P | MR587981"
MIT-814,MIT,OUCG8D-525M-A,"L, U, T, P",MR587980,,catalog label extraction - review,"OUCG8D-525M-A | L, U, T, P | MR587980"
MIT-817,MIT,OUCG8D-525M-A,"L, U, P",MR587982,,catalog label extraction - review,"OUCG8D-525M-A | L, U, P | MR587982"
MIT-820,MIT,HYQ12ABA,"L, U, P",MR587859,,catalog label extraction - review,"HYQ12ABA | L, U, P | MR587859"
MIT-823,MIT,HYQ12ABA,"L, U",MR587858; MR587859,,catalog label extraction - review,"HYQ12ABA | L, U | MR587858, MR587859"
MIT-826,MIT,OUCG8D-525M-A,"L, U",MR587983,,catalog label extraction - review,"OUCG8D-525M-A | L, U | MR587983"
MIT-829,MIT,E4EG8D-522M-A,"L, U",MR587978,,catalog label extraction - review,"E4EG8D-522M-A | L, U | MR587978"
MIT-834,MIT,GQ43VT4T,"L, U",A993NC1X03,,catalog label extraction - review,"GQ43VT4T | L, U | A993NC1X03"
MIT-837,MIT,GQ43VT6T,"L, U, P",MR123944,,catalog label extraction - review,"GQ43VT6T | L, U, P | MR123944"
MIT-840,MIT,E4EG8DA,"L, U",MB920014,,catalog label extraction - review,"E4EG8DA | L, U | MB920014"
MIT-852,MIT,E4EG8DL,"L, U, P",G8D-494M-A,,catalog label extraction - review,"E4EG8DL | L, U, P | 850 102 472 210, G8D-494M-A"
MIT-858,MIT,OUCG8D-640M-KEY-N,"L, U, P",8637A025,,catalog label extraction - review,"OUCG8D-640M-KEY-N | L, U, P | 8637A025"
MIT-859,MIT,OUC644M-KEY-N,"L, U, P",8637A316,,catalog label extraction - review,"OUC644M-KEY-N | L, U, P | 8637A316"
MIT-860,MIT,OUC644M-KEY-N,"L, U, T, P",8637A228; 8637B885,,catalog label extraction - review,"OUC644M-KEY-N | L, U, T, P | 8637A228, 8637B885"
MIT-863,MIT,OUC644M-KEY-N,"L, U, H, P",8637A817,,catalog label extraction - review,"OUC644M-KEY-N | L, U, H, P | 8637A817"
MIT-864,MIT,GQ43VT6T,"L, U",,,catalog label extraction - review,"GQ43VT6T | L, U | 1470 K1362"
MIT-865,MIT,OUC003M,"L, U, P",8637B153; 8637C286,,catalog label extraction - review,"OUC003M | L, U, P | 8637B153, 8637C286"
MIT-866,MIT,OUC003M,"L, U, T, P",8637B424,,catalog label extraction - review,"OUC003M | L, U, T, P | 8637B424"
MIT-867,MIT,OUCGHR-M013,"L, U, P",8637B639,,catalog label extraction - review,"OUCGHR-M013 | L, U, P | 8637B639, 285E3W180P, | 285E3-W180P"
MIT-868,MIT,OUC644M-KEY-N,"L, U, P",8637B665,,catalog label extraction - review,"OUC644M-KEY-N | L, U, P | 8637B665"
MIT-869,MIT,OUC644M-KEY-N,"L, U, H, P, RS",8637B666,,catalog label extraction - review,"OUC644M-KEY-N | L, U, H, P, RS | 8637B666"
MIT-870,MIT,OUCG8D-620M-A,"L, U, P",MN141383,,catalog label extraction - review,"OUCG8D-620M-A | L, U, P | MN141383"
MIT-871,MIT,KR5MTXN1,"L, U, P",8637C253,,catalog label extraction - review,"KR5MTXN1 | L, U, P | 8637C253"
MIT-872,MIT,KR5MTXN1 L,,8637C254,,catalog label extraction - review,"KR5MTXN1 | L, U, HH, P | 8637C254"
MIT-873,MIT,E4EG8D-522M-A,"L, U, P",G8D-522M-A,,catalog label extraction - review,"E4EG8D-522M-A | L, U, P | G8D-522M-A"
MIT-885,MIT,OUCG8D-625M-A,"L, U, T, P",6370A477,,catalog label extraction - review,"OUCG8D-625M-A | L, U, T, P | 6370A477"
MIT-886,MIT,OUCGHR-M013,"L, U, T, P",FO21T17-SI; BH72-PT; 598333; 692055; HD106-PHT; 692246; BHD106-PT; 5907552; HD108; 692247; 692082; 35113-S0X-A01; 40207; HU66T6; HU66AT6; HU92; 81996-2J010; 81996-4D040; HY15; MIT12; MIT13-PT; 692564; 692353; 690648; 692562; MIT16A; MIT16; 5912557; 692061; DA34-PHT; 7003526; HAT104; DA40-PHT; N104; SR12-PHT; NI01; NI02; NI04; HO03; TOY44D-PT; TOY44G-PT; Y160; TOY40BT4; TR40HPT; 692062; TR47-PHT; HAT2602; 89785-26020; TOY44GPT; TOY44G; TOY48BT4; TR48-PHT; 89785-12140; TOY57-PT; 692325; 690222; Y160-PT; Y164; Y164-PT; 05134937AA; 05086272AA; 05086273AA; Y165-PT; 5909874; 68033740AA; B103; 691205; 88956263; B107; HAT367; B111-PT; 5904001; 692931; 96464220; 5928823; 692383; B115; HU100; 5924205; 5924206; 5928275; B120; 690552; 88891799; 690898; 692065; 15821267; 15821271,Standard Blade,catalog label extraction - review,"OUCGHR-M013 | L, U, T, P | 8637C291 | MIT-RHK 1 | OUCG8D-620M-A | L, U, P | MN141383 | MIT-RHK 10 | OUCJ166N | L, U, P | 6370B945 | MIT-RHK 11 | OUCJ166N | L, U, P | 6370C135 | MIT-RHK 2 | OUCG8D-620M-A | L, U, T, P | MN141381 | MIT-RHK 3 | OUCG8D-620M-A | L, U, T, P | MN141545 | MIT-RHK 4 | OUCG8D-625M-A | L, U, T, P | 6370A477 | MIT-RHK 5 | OUCG8D-625M-A | L, U, P | 6370A148 | MIT-RHK 6 | OUCG8D-620M-A | L, U, P | 6370A364 | MIT-RHK 7 | OUCG8D-625M-A-HF | L, U, P | 6370B711 | MIT-RHK 8 | OUCJ166N | L, U, P | 6370B904 | MIT-RHK 9 | OUCJ166N | L, U, P | 6370B944 | MK-AUDI-48CAN | MK-DA31PT | DA31PHT | MK-DAT17T13 | DAT17T13 | DAT17T13 / SUB3 / DAT17T21 | MK-DAT17T21 | MK-DAT17T39 | MK-FORD-FO21T7PT | H91-PHT | H91-PHT, FO21T17-SI, 5920217 | MK-GM45PT | MK-GMK-SPARK | Standard Blade | 95233522 | --- PAGE BREAK --- | MK-H72PT | H72PT | H72-PT, BH72-PT, 598333, | H72-PHT, 40155 | MK-H73PT | ""4C"" Chip | 011-R0225, 692055, H73 | MK-H74PT | H74PT | 011-R0250,691643 | MK-H84PT | H84-PT | 599114, H84PT, H84-PT, H84, | BH84-PT | MK-H92PT | H92PT | 164-r8040,5913441 | MK-H94PT | H94PT | 164-R8062,5915237 | MK-HD106PT | HD106PT | HD106-PT, HD106-PHT, 692246, | BHD106-PT, 35113-S84-A01 | MK-HD111PT | HD111PT | 35113-SEC-A01, 5907552, | HD108, HD111 | MK-HD113PT | MK-HO01PT | HO01PT | HO01-PT, 692247, 692082, | 35113-S0X-A01, 40207, Scan for | More | MK-HO03PT | HO03PT | 35118-SDA | MK-HO05PT | Honda G Chip Key | 35118-T2A-A10, HO05-PT | MK-HU39PT | HU39PT | MK-HU56PT | GTL-TK-621 | HU56 / GTL-TK-621 | MK-HU58PT | MK-HU64PT | Philips ID 44 | HU64PT | MK-HU66-MQB | Megamos AES Unlocked | MQB, HU66T6 | MK-HU66AT6 | HU66AT6 | 8L0837220QINB, HU66T6, HU67 | MK-HU66T24 | Megamos 48 Can | 8L0837220QINB, HU66AT6, | HU66T6, HU67 | MK-HU66T6 | HU66T6 | HU66T6 | MK-HU66T88 | MK-HU92PT | 44 Chip | 44 Crypt / HU92 / K-BMW-1 | MK-HY021PT | For Canadian Models | HY021, HY021PT | MK-HY022PT | HY022 | MK-HY12PT | HY12 | MK-HY18PT | MK-HY18RPT | MK-HY20PT | HY20PT | 81996-3L010, 81996-2J010, | HY20-PT | MK-HYN14PT | TP12 / HY-11D.P1 (JMA) | HYN14T14 | MK-HYN14R-PT | HYN14RT14 | 81996-2B010, 81996-4D040, | HY15, HYN14RT14 | MK-HYN6T14 | HYN6T14 | MK-INF45PT | MK-IZU48 | ""48"" Megamos | 8-97319-552-0 | MK-JAG-FO21 | MK-JAG-FO21T7 | FO217 | 164-R8051,5920217 | MK-JEEPPOD | NXP AES Chip For Cherokee | Only | Y173 | MK-KK7PT | KK7PT | 81996-3FA10, KK7-PT | MK-KK9PT | KK9PT | 81996-3F050, KK9 | MK-MAZ24RPT | MAZ24RT17 | F1Y1-76-2GX | MK-MIT12PT | MIT12PT | 5907793, MIT12, MR587315 | MK-MIT13PT | MIT13PT | MR482512, MIT13-PT, 692564, | 692353, 690648, Scan for More | MK-MIT14PT | N/A | MIT14 | MK-MIT16PT | MIT16PT | 692020, 692562, MIT16A, MIT16, | MN141060 | MK-MIT17PT | MIT17PT | MIT17, 5912557, MN141124 | MK-MIT19PT | MK-MIT2018 | N/A | To Replace RHK with FCC | OUCJ166N | MK-MIT8PT | MK-MIT8PT-4D61 | MIT8 | MK-MIT9PT | N/A | MIT9, MIT9PT | MK-NI02PT | NI02T | NI02T, 692061, DA34-PHT, NI01T | MK-NI04PT | NI04T | NI04T, 7003526, HAT104, | DA40-PHT, N104, 40216 | MK-NI07PT | HITAG AES | NI07 | MK-NSN11T2 | NSN11T2 | MK-R8128 | 164-R8128, 5923293 | MK-RV4PT | For EWS | RV4 | MK-SCION- G | MK-SCION-HS-G | TOY50 / GTL-TK-567 | TOY50 / GTL-TK-567 | MK-SIP22-MQB | Megamos AES Unlocked | MQB / SIP22 | MK-SIP22PT | Needs to be Pre-Coded | SIP22 | MK-SR12PT | SR12-PT, SR12-PHT, | 57497-FG160 | --- PAGE BREAK --- | MK-STK-DA34 | STK Stamped on Blade | DA34 / NI01 / NI02 / NI04 / NI07 | MK-STK-HO01 | STK Stamped on Blade | HO01 / HO03 / HO05 | MK-STK-TR47 | STK Stamped on Blade | TOY43AT4, TOY44D-PT, | TOY44G-PT, TOY44H-PT | MK-STK-Y159 | STK Stamped on Blade | Y159 / Y160 / Y164 | MK-SUB K3 60 | 4D 60 Chip | DAT17T42 | MK-SUB K4 80 | TI 4D60 80-BIT Subaru G | 57497FJ090 | MK-SUB110-H | ""H"" Chip | 57497 FL08A | MK-SUB110PT-G | 57497 FJ090, B110G-PT | MK-SUB4PT | SUB4PT | SUB120, SUB4 | MK-TBE1T6 | 8-Cut | XR8-1611 | MK-TOUAREG 46 | ""46"" Chip Transponder Key | MK-TOY-FR-S | MK-TOY40BT4 | TOY40BT4 | 89785-30020, TOY40BT4, | TR40HPT, TR49-PHT | MK-TOY40HPT | MK-TOY43AT4 | TOY43AT4 | TOY43AT4, 692062, TR47-PHT, | HAT2602, 89785-26020, | TP07TOYO15 | MK-TOY44DPT | TOY44DPT | 89785-08020,5910834 | MK-TOY44GPT | TOY44GPT | 89785-08040, TOY44GPT, | TOY44G, TOY44G-PT, | TR52G-PHT | MK-TOY44HPT | H Chip TOY44HPT | 89785-0D170 | MK-TOY48BT4 | TOY48BT4 | 89785-50030, TOY48BT4, | TR48-PHT, PE-TOY48BT4 | MK-TOY48HPT | 89785-02410, 89785-12140, | TOY48H-PT | MK-TOY50HPT | MK-TOY50PT | TOY50PT | TOY50-PT, TR60-PHT | MK-TOY57HPT | MK-TOY57PT | N/A | 89785-17020, TOY57-PT, | TOY57PT | MK-TR47PT | MK-VOLVO-44 CHIP | 44"" Chip"" | Square Head | MK-VOLVO-48 CHIP | Megamos 48 | 9203132 | MK-VW-48 | MK-Y159PT-4D-46 | MK-Y159PT-4D-64 | MK-Y160PT | Y160PT | HAT3740, 692325, 690222, | Y160-PT, Scan for More | MK-Y164PT | Y164PT | HAT1718, Y164, Y164-PT, | 05134937AA, Scan for More | MK-Y165PT | MIT-6, 05086272AA, | 05086273AA, Y165-PT, 692353 | MK-Y170PT | Y170PT | Y170PT, 5909874, 68033740AA, | 68093106AC | MK-Y173PT | MK-YM15PT | MK103PT | N/A | 690556, B103, B92 | MK107PT | B107PT (PK3) | 5902386, 691205, 88956263, | B107, HAT367, PT04 | MK110PT | 19167217 | MK111PT | B111PT | 5913736, B111-PT, 5904001, | 692931, Scan for More | MK112PT | B112PT | B112PT / CTS 03-07 / PK3+ | MK114 | MK114PT | B114PT / Circle + | 7011685, 96464220, B114 | MK114RPT | B114-R | MK115PT | B115PT | 23372324, 5928823, 692383, | B115, GMT-265 | MK119PT | B119-PT, HU100, 5924205, | 5924206, Scan for More | MK120PT | Older Circle Plus | 23300334, 5928275, B120, B121 | MK97PT | B97PT | B97-PT, 690552, 88891799, | 23372324 | MK99PT | B99PT | B99-PT, 690898, 692065, | 15821267, 15821271, 15821273 | MKW-S7BWL"
NIS-224,NIS,KBRASTU15,"L, U, P",28268-5W500; 28268-5W501; 28268-5W50A,,catalog label extraction - review,"KBRASTU15 | L, U, P | 28268-5W500, 28268-5W501, | 28268-5W50A, Scan for More"
NIS-227,NIS,KBRASTU15,"L, U, TH, P",28268-5Y701; 28268-C991A; 28268-C991C; 28268-ZB700,,catalog label extraction - review,"KBRASTU15 | L, U, TH, P | 28268-5Y701, 28268-C991A, | 28268-C991C, 28268-ZB700"
NIS-227-FLIP,NIS,KBRASTU15,"L, U, T, P",,,catalog label extraction - review,"KBRASTU15 | L, U, T, P"
NIS-229,NIS,KBRASTU15 L,,28268-8S200; 28268-C990A; 28268-C990C; 28268-ZB700; 28268-ZE10B,,catalog label extraction - review,"KBRASTU15 | L, U, HH, P | 28268-8S200, 28268-C990A, | 28268-C990C, 28268-ZB700, | 28268-ZE10B"
NIS-232,NIS,KBRASTU51,"L, U, H, SD, P",28268-5Z210,,catalog label extraction - review,"KBRASTU51 | L, U, H, SD, P | 28268-5Z210"
NIS-235,NIS,KBRASTU51,"L, U, H, SD, SD, P",28268-5Z200,,catalog label extraction - review,"KBRASTU51 | L, U, H, SD, SD, P | 28268-5Z200"
NIS-238,NIS,CWTWB1U821,"L, U, P",28268-EA000; 28268-EA00A; 28268-ZT03A,,catalog label extraction - review,"CWTWB1U821 | L, U, P | 28268-EA000, 28268-EA00A, | 28268-ZT03A"
NIS-244,NIS,CWTWB1U429,"L, U, TH, P",26268-6Z700,,catalog label extraction - review,"CWTWB1U429 | L, U, TH, P | 26268-6Z700"
NIS-247,NIS,KOBUTA2T,"L, U, P",,,catalog label extraction - review,"KOBUTA2T | L, U, P | -"
NIS-250,NIS,KOBUTA3T LP,,28268-0C821; 28268-0Z821,,catalog label extraction - review,"KOBUTA3T | LP, U, T | 28268-0C821, 28268-0Z821, | 28268-2Z021 | --- PAGE BREAK ---"
NIS-256,NIS,KOBUTA3T,"L, U, P",28268-1W300; 28268-2Z021,,catalog label extraction - review,"KOBUTA3T | L, U, P | 28268-1W300, 28268-2Z021"
NIS-259,NIS,GQ43VT8T,"L, U, P",28268-1B010,,catalog label extraction - review,"GQ43VT8T | L, U, P | 28268-1B010"
NIS-262,NIS,A269ZUA078,"L, U, T, P",28268-40U20,,catalog label extraction - review,"A269ZUA078 | L, U, T, P | 28268-40U20"
NIS-265,NIS,CWTWB1U821 L,,28268-8S200; 28268-ZT04B; 28268-ZE10B,,catalog label extraction - review,"CWTWB1U821 | L, U, HH, P | 28268-8S200, 28268-ZT04B, | 28268-ZE10B, 28268-ZT04B"
NIS-268,NIS,KBRASTU09,"L, U, P",28268-2W600; 28268-7J119,,catalog label extraction - review,"KBRASTU09 | L, U, P | 28268-2W600, 28268-7J119"
NIS-271,NIS,KBRASTU10,"L, U, P",28268-7Z460,,catalog label extraction - review,"KBRASTU10 | L, U, P | 28268-7Z460, MODEL /01A, | MODEL 01A"
NIS-277,NIS,KBRASTU10,"L, U, P",28268-2W601; 28268-5W505,,catalog label extraction - review,"KBRASTU10 | L, U, P | 28268-2W601, 28268-5W505, | MODEL /A, MODEL A"
NIS-280,NIS,NHVWBU43,"L, U, T, P",28268-4Y900,,catalog label extraction - review,"NHVWBU43 | L, U, T, P | 28268-4Y900"
NIS-283,NIS,KBRASTU10,"L, U, T, P",,,catalog label extraction - review,"KBRASTU10 | L, U, T, P | MODEL 01A"
NIS-286,NIS,NHVBU427,"L, U, T, P",28268-4Z400,,catalog label extraction - review,"NHVBU427 | L, U, T, P | 28268-4Z400"
NIS-292,NIS,KMOCA78720T,"L, U, P",,,catalog label extraction - review,"KMOCA78720T | L, U, P | 999M2-F001S"
NIS-295,NIS,CWTWBU735,"L, U, TH, P",,,catalog label extraction - review,"CWTWBU735 | L, U, TH, P | 285E3-EW81D, 285E3-EW82D"
NIS-298,NIS,KR55WK49622; KR55WK48903,"L, U, TH, P",,,catalog label extraction - review,"KR55WK49622, KR55WK48903 | L, U, TH, P | 285E3-JA05A, 285E3JA05A, | 285E3-JA02A, 285E3-JA000, | 285E3-JA01A"
NIS-301,NIS,CWTWBU729,"L, U, P",,,catalog label extraction - review,"CWTWBU729 | L, U, P | 285E3-EM30D, 285E3-EM31D"
NIS-304,NIS,KR55WK49622,"L, U, P",,,catalog label extraction - review,"KR55WK49622 | L, U, P | 285E3-1AA0A, 285E3-1AA7A"
NIS-307,NIS,KBRTN001,"L, U, P",,,catalog label extraction - review,"KBRTN001 | L, U, P | 285E3-CB80D"
NIS-313,NIS,KR55WK49622 L,,,,catalog label extraction - review,"KR55WK49622 | L, U, HH, P | 285E3-1AA0B, 285E3-1AA5B, | 285E3-1AA7B, 285E3-9N05A, | 285E3-9N07A"
NIS-315,NIS,CWTWBU624 L,,,,catalog label extraction - review,"CWTWBU624 | L, U, HH, P | 285E3-ZQ30A, 285E3-ZQ31A"
NIS-319,NIS,CWTWB1U808,"L, U, P",,,catalog label extraction - review,"CWTWB1U808 | L, U, P | 285E3-1KM0D"
NIS-320,NIS,KR5S180144014,"L, U, P",,,catalog label extraction - review,"KR5S180144014 | L, U, P | 285E3-3KL4A, 285E3-9PB3A, | CONTINENTAL: S180144005"
NIS-321,NIS,KR5S180144014,"L, U, TH, P",,,catalog label extraction - review,"KR5S180144014 | L, U, TH, P | 285E3-3TP0A , 285E3-9HP4B"
NIS-322,NIS,KR5S180144014 L,,,,catalog label extraction - review,"KR5S180144014 | L, U, HH, P | CONTINENTAL: S180144006"
NIS-323,NIS,KR5S180144014,"L, U, TH, RS, P",,,catalog label extraction - review,"KR5S180144014 | L, U, TH, RS, P | 285E3-3TP5A, 285E3-9HP5A, | 285E3-9HP5B, CONTINENTAL: | S180144020"
NIS-324,NIS,KR5S180144014 L,,,,catalog label extraction - review,"KR5S180144014 | L, U, HH, RS, P | 285E3-3KL7A, 285E3-9PA5A, | CONTINENTAL: S180144008"
NIS-325,NIS,KR5S180144014,"L, U, RS, P",,,catalog label extraction - review,"KR5S180144014 | L, U, RS, P | 285E3-3KL8A, 285E3-9PB4A"
NIS-326,NIS,CWTWB1U818,"L, U, SD, SD, P",,,catalog label extraction - review,"CWTWB1U818 | L, U, SD, SD, P | 285E3-1JA1A"
NIS-327,NIS,CWTWB1U789,"L, U, H, SD, SD, P",,,catalog label extraction - review,"CWTWB1U789 | L, U, H, SD, SD, P | 285E3-1JA2A"
NIS-328,NIS,A269ZUA073,"L, U, T, P",28268-C9907; 28268-F9900; 28268-F9902,,catalog label extraction - review,"A269ZUA073 | L, U, T, P | 28268-C9907, 28268-F9900, | 28268-F9902"
NIS-330,NIS,CWTWB1U815,"L, U, TH, P",,,catalog label extraction - review,"CWTWB1U815 | L, U, TH, P | 285E3-3AA0A"
NIS-331,NIS,CWTWB1U840,"L, U, TH, P",,,catalog label extraction - review,"CWTWB1U840 | L, U, TH, P | 285E3-3SG0D"
NIS-332,NIS,CWTWB1G767,"L, U, P",28268-4BA1A; 28268-4BA1B,,catalog label extraction - review,"CWTWB1G767 | L, U, P | 28268-4BA1A, 28268-4BA1B"
NIS-333,NIS,CWTWB1U840,"L, U, ECC, P",,,catalog label extraction - review,"CWTWB1U840 | L, U, ECC, P | 285E3-3NF4A"
NIS-334,NIS,KR55WK49622,"L, U, P",,,catalog label extraction - review,"KR55WK49622 | L, U, P | 285E3-1AA0A, 285E3-1AA7A, | 285E3-1ET1C, 285E3-1ET5C"
NIS-335,NIS,KR5S180144106 L,,,,catalog label extraction - review,"KR5S180144106 | L, U, HH, P | 285E3-4CB6A, 285E3-4CB6B, | 285E3-4CB6C, CONTINENTAL: | S180144106"
NIS-337,NIS,KR55WK49622,"L, U, H, P",,,catalog label extraction - review,"KR55WK49622 | L, U, H, P | For Murano Cabriolet"
NIS-338,NIS,KR5S180144106,"L, U, P",285E34CB1C,,catalog label extraction - review,"KR5S180144106 | L, U, P | 285E3-4CB1A, 285E34CB1C, | 285E3-4CB1C"
NIS-339,NIS,CWTWB1U825,"L, U, P",,,catalog label extraction - review,"CWTWB1U825 | L, U, P | 285E3-1HJ2A, 285E3-1LK0D"
NIS-340,NIS,KR5S180144014 L,,,,catalog label extraction - review,"KR5S180144014 | L, U, HH, RS, P | 285E3-5AA5A, 285E3-5AA5C, | CONTINENTAL: S180144308"
NIS-341,NIS,KR5S180144014,"L, U, RS, P",,,catalog label extraction - review,"KR5S180144014 | L, U, RS, P | 285E3-5AA3D, CONTINENTAL: | S180144306, CONTINENTAL: | S180144313"
NIS-342,NIS,KR5S180144014,"L, U, P",,,catalog label extraction - review,"KR5S180144014 | L, U, P | 285E3-5AA1C, CONTINENTAL: | S180144304"
NIS-343,NIS,KR5S180144014,"L, U, TH, RS, P",,,catalog label extraction - review,"KR5S180144014 | L, U, TH, RS, P | 285E3-4RA0B, CONTINENTAL: | S180144310"
NIS-344,NIS,KR5S180144014,"L, U, TH, P",,,catalog label extraction - review,"KR5S180144014 | L, U, TH, P | 285E3-9HS4A, CONTINENTAL: | S180144324"
NIS-347,NIS,KR55WK49622,"L, U, T, P",,,catalog label extraction - review,"KR55WK49622 | L, U, T, P | 285E3-JF87A, 285E3-JF30A, | 285E3-JF80A, 285E3-JF81A, | Scan for More"
NIS-349,NIS,CWTWB1G744 L,,,,catalog label extraction - review,"CWTWB1G744 | L, U, HH, RS, P | 285E3-1LB5A"
NIS-350,NIS,KR5S180144106,"L, U, RS, P",,,catalog label extraction - review,"KR5S180144106 | L, U, RS, P | 285E3-6FL2A, 285E3-6FL2B, | CONTINENTAL: S180144109"
NIS-351,NIS,KR5S180144106 L,,,,catalog label extraction - review,"KR5S180144106 | L, U, HH, RS, P | 285E3-6FL7A, 285E3-6FL7B, | CONTINENTAL: S180144110"
NIS-352,NIS,CWTWB1U787 L,,,,catalog label extraction - review,"CWTWB1U787 | L, U, HH, P | 285E3-1LP0C"
NIS-353,NIS,CWTWB1G0168,"L, U, ECC, P",,,catalog label extraction - review,"CWTWB1G0168 | L, U, ECC, P | 285E3-5SA1A"
NIS-354,NIS,KR5TXN1,"L, U, P",,,catalog label extraction - review,"KR5TXN1 | L, U, P | 285E3-5RA0A, CONTINENTAL: | S180144502"
NIS-355,NIS,KR5TXN3,"L, U, RS, P",,,catalog label extraction - review,"KR5TXN3 | L, U, RS, P | 285E3-5RA6A, CONTINENTAL: | S180144503"
NIS-356,NIS,KR5TXN4,"L, U, RS, T, P",,,catalog label extraction - review,"KR5TXN4 | L, U, RS, T, P | 285E3-6CA6A, 285E3-6LA6A"
NIS-357,NIS,KR5TXN7,"L, U, P",,,catalog label extraction - review,"KR5TXN7 | L, U, P | 285E3-9UF1A, 285E3-9UF1B, | CONTINENTAL: S180144902"
NIS-359,NIS,KR5TXN1,"L, U, T, P",,,catalog label extraction - review,"KR5TXN1 | L, U, T, P | 285E3-6CA1A"
NIS-360,NIS,KR5TXN4 L,,,,catalog label extraction - review,"KR5TXN4 | L, U, HH, RS, P | 285E3-6RR7A, CONTINENTAL: | S180144507"
NIS-361,NIS,KR5TXN7,"L, U, RS, P",,,catalog label extraction - review,"KR5TXN7 | L, U, RS, P | Part: 285E3-9UF5B, | 285E3-9UF5A"
NIS-362,NIS,KR5TXN7 L,,,,catalog label extraction - review,"KR5TXN7 | L, U, HH, RS, P | 285E3-9UF7A, CONTINENTAL: | S180144905"
NIS-363,NIS,KR5TXN7,"L, U, TH, RS, P",,,catalog label extraction - review,"KR5TXN7 | L, U, TH, RS, P | 285E3-9DJ3B, CONTINENTAL: | S180144906"
NIS-364,NIS,KR5S180144014 L,,,,catalog label extraction - review,"KR5S180144014 | L, U, HH, P | CONTINENTAL: S180144323"
NIS-365,NIS,KR55WK49622,"L, U, P",,,catalog label extraction - review,"KR55WK49622 | L, U, P | 285E3-1ET5D, 285E3-1ET5A"
NIS-366,NIS,KR5TXN3,"L, U, P, RS",,,catalog label extraction - review,"KR5TXN3 | L, U, P, RS | 285E3-6TA5B | --- PAGE BREAK ---"
NIS-367,NIS,KR5TXN1; S180144502,"L, U, P",,,catalog label extraction - review,"KR5TXN1, S180144502 | L, U, P | 285E3-6XR1A"
NIS-369,NIS,KR5TXN1,"L, U, P",,,catalog label extraction - review,"KR5TXN1 | L, U, P | 285E3-6TA1A"
NIS-371,NIS,CWTWB1U751; KBRASTU15; CWTWB1U415; CWTWB1U733; CWTWB1U821; 28268-ZT03A; 28268-EA000; 28268-EA00A,"L, U, P",H0561-C993A; 19316465,,catalog label extraction - review,"CWTWB1U751, KBRASTU15, | CWTWB1U415, CWTWB1U733, | CWTWB1U821, 28268-ZT03A, | 28268-EA000, 28268-EA00A | L, U, P | H0561-C993A, TWB1U751, | 19316465, Scan for More"
NIS-375,NIS,S180144102,"L, U, P",285E34CB0C,,catalog label extraction - review,"S180144102 | L, U, P | 285E3-4CB0C, 285E34CB0C"
NIS-377,NIS,KR55WK49622,"L, U, T, P",,,catalog label extraction - review,"KR55WK49622, 49622 | L, U, T, P | 285E3-9N07A, 285E3-9N07A"
NIS-380,NIS,KR55WK49622,"L, U, T, P",,,catalog label extraction - review,"KR55WK49622 | L, U, T, P | 285E3-JF87D, 285E3-JF87A"
NIS-382,NIS,KR5TXN4,"L, U, H, RS, P",,,catalog label extraction - review,"KR5TXN4 | L, U, H, RS, P | 285E3-6TA7B"
NIS-384,NIS,KR5TXN7,"L, U, RS, T, P",,,catalog label extraction - review,"KR5TXN7 | L, U, RS, T, P | 285E3-9UH7A"
NIS-385,NIS,KR5TXPZ1,"L, U, P",,,catalog label extraction - review,"KR5TXPZ1 | L, U, P | 285E3-5MR1B"
NIS-386,NIS,KRSTXN1,"L, U, T, P",,,catalog label extraction - review,"KRSTXN1 | L, U, T, P | 285E3-6LA1A"
NIS-387,NIS,CWTWB1U787,"L, U, T, P",,,catalog label extraction - review,"CWTWB1U787 | L, U, T, P | 285E3-1LP0E"
NIS-388,NIS,CWTWB1U787,"L, U, RS, P",,,catalog label extraction - review,"CWTWB1U787 | L, U, RS, P | 285E3-6JU4A"
NIS-389,NIS,KR5TXPZ3,"L, U, RS, P",,,catalog label extraction - review,"KR5TXPZ3 | L, U, RS, P | 285E3-6RA5A"
NIS-390,NIS,KR5TXPZ1,"L, U, T, P",,,catalog label extraction - review,"KR5TXPZ1 | L, U, T, P | 285E3-5MR3B"
NIS-391,NIS,KR5TXN4,"L, U, T, RS, P",S180144803,,catalog label extraction - review,"KR5TXN4 | L, U, T, RS, P | 285E3-6LS5A, S180144803"
NIS-392,NIS,KR5TXPZ3,"L, U, T, RS, P",,,catalog label extraction - review,"KR5TXPZ3 | L, U, T, RS, P | 285E3-7LA7A"
NIS-393,NIS,KR5TXN4,"L, U, H, RS, P",,,catalog label extraction - review,"KR5TXN4 | L, U, H, RS, P | 285E3-6XR7A"
NIS-394,NIS,KR5TXN7,"L, U, P",,,catalog label extraction - review,"KR5TXN7 | L, U, P | 285E3-9BU1A, 285E3-9BU1B"
NIS-395,NIS,KR5TXN3,"L, U, RS, P",,,catalog label extraction - review,"KR5TXN3 | L, U, RS, P | 285E3-6XR5A"
NIS-396,NIS,KBRASTU15,"L, U, T, P",28268-5W501; 28268-ZB700,,catalog label extraction - review,"KBRASTU15 | L, U, T, P | 28268-5W501, 28268-ZB700"
NIS-RHK,NIS,CWTWB1U751,"L, U, P",H0561-C993A; 68001702AE; 68000603AC; 68001702AC; 05175786AA; 05175817AA; 05179513AB; 68273328AA; 68273328AB; 05175789AA; 68001705AB; 68001705AA; 05179513AC; 68004413AA; 5183349AA; 5183349AB; 68039414AA; 68039414AB; 68039414AC; 05179514AB; 05179514AA; 05140447AA; 68002316AA; 68002316AB; 68026372AA; 05175815AB; 05179512AB; 05179512AA; 05170486AA; 05139287AA; 05189230AA; 68273340AA; 68273336AA; 68003389AA; 68029833AA; 68003080AA; 68025034AA; 68025034AB; 05026566AJ; 05155848AC; 05175815AA; OHT692427AA; 68029834AB; 68029834AA; 68003461AB; 68291092AA; 68092995AB; 68025105AA; 68092995AA; 68224015CP; 68224015AA; 68432864CP; 68435274CA; 68334510AA; 68269686AA; 68458497AA; 68435273AA; 5E0B50227; 68000603AB; 164-R7032 SC-5912496 CWTWB1U793 L; 164-R8057; 164-R8058; 164-R8074; 164-R8075; V2T01060512; V2T01060514; 164-R8071; 164-R8072; 164-R8068; 164-R8069; 5913139; 13504258; 13574863; 20979468; 13504259; 20873621; 164-R7034 SC-5914119 M3N-5WY8406 L; 164-R8077; 164-R8078; 164-R8065; 164-R8066; KR55WK48801; 164-R8088; 164-R8092 SC-592128665 M3N-5WY8609 L; 164-R8092 SC-5921288 M3N-5WY8609 L; 164-R8097; 164-R8098; 164-R8001; 164-R8002; 164-R8008; 164-R8009; 5921707; 164-R8049; 164-R8050 5921709 SC-5921872 OHT-05918179; 15913415; 20869053; 22756459; 22756461; 5923667; 5923694; 164-R7991 SC-5924003 N5F-A08TAA L; 2L3Z-15K601-AB; 8L3Z-15K601-AA; F8DB-15K601-BA; 164-R8119 SC-5926057 M3N-A2C31243800 L; 5928820; 5928821; 5928823; 28268-5W500; 28268-7Z800; 89742-20200; 28268-C991A; 28268-C991C; 20984232; 13523898; 23286588; 5927928; 23286584; 13520355; 5928275; B120PT; 5927933; 164-R8249 SC-5938043 M3N-A2C931426 L; 164-R8239 (Hi-Sec) 5938100; 164-R8239 SC-5938187 MLBHLIK-1TA L; 35118-T0A-A00; 35111-SHJ-305; 5939651; 164-R8289 SC-5940815 SC-5942032 5942032; 164-R8259 5942032; 164-R8259 SC-5942038 N5F-A08TDA L; 20952477; 597602; 692562; MIT16A; MIT16; 5912477,4-Track Blade,catalog label extraction - review,"CWTWB1U751 | L, U, P | H0561-C993A, TWB1U751 | NIS-RHK 4 | CWTWB1U751, CWTWB1U816 | L, U, TH, P | H0561-3AA0B | NIS-RHK 5 | CWTWB1U816 | L, U, TH, P | H0561-3AA0A | OHT3-1850 | OHT692713AA | L, U, P | 04589517AB, 68001702AE, | 68000603AC, 68001702AC, | Scan for More | OHT3-1886 | OHT-692427AA | L, U, P | 05175786AB, 05175786AA, | 05175817AA, 05179513AB, | Scan for More | OHT3-CHRYSLER | OHT692714AA | L, U, P | 68273328AC, 68273328AA, | 68273328AB, 05175789AA, | Scan for More | OHT3-DODGE | OHT692715AA | L, U, P | 68001705AC, 68001705AB, | 68001705AA, 05179513AC, | Scan for More | OHT4-1852 | OHT-692713AA | L, U, H, P | 05183349AC, 68004413AA, | 5183349AA, 5183349AB, Scan | for More | OHT4-1882 | OHT692713AA | L, U, RS, P | 68039414AE, 68039414AA, | 68039414AB, 68039414AC, | Scan for More | OHT4-1883 | OHT692713AA | L, U, H, P | 05179514AC, 05179514AB, | 05179514AA, 05140447AA, | Scan for More | OHT4-1884 | OHT692715AA | L, U, RS, P | 68002316AC, 68002316AA, | 68002316AB, 68026372AA, | Scan for More | OHT4H-DODGE CHRY | OHT692427AA | L, U, H, P | 05179514AB, 05179514AA, | 05140447AA, 05175815AB, | Scan for More | OHT4H-DODGE DODGE | OHT692715AA | L, U, H, P | 05179512AC, 05179512AB, | 05179512AA, 05170486AA, | Scan for More | OHT4H-DODGE JEEP | OHT692714AA | L, U, H, P | 68273340AC, 05139287AA, | 05189230AA, 68273340AA, | Scan for More | OHT5-1851 | OHT692427AA , OHT692713AA | L, U, H, G, P | 68003449AA, 68003449AB | OHT5-1856 | OHT-692713AA | L, U, G, RS, P | 68273336AB, 68273336AA, | 68003389AA, 68029833AA, | Scan for More | OHT5-1869 | OHT-692427AA | L, U, T, CT, P | 68291090AB, 68003080AA, | 68025034AA, 68025034AB, | Scan for More | OHT5-1885 | OHT-692427AA | L, U, H, RS, P | 05026566AN, 05026566AJ, | 05155848AC, 05175815AA, | Scan for More | OHT5-1887 | OHT692713AA, OHT692427AA, | KOBDT04A | L, U, T, RS, P | 68029834AC, 68029834AB, | 68029834AA, 68003389AA, | Scan for More | OHT6-1853 | OHT-692427AA | L, U, H, G, RS, P | 68291092AB, 68003461AB, | 68291092AA, 68003461AA | OHT6-1865 | OHT-692427AA | L, U, T, CT, RS, P | 68291091AB, 68092995AB, | 68025105AA, 68092995AA, | Scan for More | OSGM-1001 | ABO0104T | L, U, T | 10205240 | OSGM-1004 | ABO0502T | L, U, SD | 10215012 | OSGM-952 | ABO0104T | L, U | 15725422, 15955701 | OSGM-961 | ABO0104T | L, U, G | 15725423, 15955702 | OSGM-964 | ABO0104T | L, U, T | 10239647 | OSGM-967 | ABO0104T | L, U, T | 10205674 | OSGM-970 | ABO0303T | L, U, T | 256022667 | OSGM-976 | ABO0104T | L, U, T | 10205240 | OSGM-998 | ABO0103T | L, U, T | 10205239 | OTO-OTOWATCHB | Smart Watch Universal Smart | Key For Autel KM100 - | OTOWATCHB | OTO-OTOWATCHBV | OTO-OTOWATCHWV | PORSCHE-2 | KR55WK50138 | L, U, P, T | 970.637.247.04 | PORSCHE-20 | KR55WK50138 | L, U, T, P, HD | 970.637.247.04 | PORSCHE-3 | KR55WK45032 | L, U, H, P | N/A | PORSCHE-4 | KR55WK4522 | L, U, H, P | See Notes! | PROMASTER-1 | 2ADFTTRF198, RX2TRF198 | L, U, KD | 68236849AB, 68224015CP, | 68224015AA, 68224015CP | PROMASTER-2 | 2ADFTTRF198, RX2TRF198 | L, U | 7HG78JXWCP, 68432864CP, | 68435274CA, 68224015CP, | Scan for More | --- PAGE BREAK --- | PROMASTER-3 | 2ADFTTRF198, RX2TRF198 | L, U, KD | 68224015AA, 68236849AB | PROMASTER-4 | LTQF12AM433TX, | 2ADFTF12AM433TX | L, U, KD | 68236849AB, 68224015CP, | 68224015AA, 68224015CP | PROMASTER-6 | LTQF12AM433TX | L, U, KD | 68546695PC, 68334510AA, | 68269686AA, 68458497AA, | 68458497PC | PROMASTER-7 | 2ADFTTRF198 | L, U, KD | 7MR44JXWAA, 68435273AA, | 7HG94JXWAA | RAM KIT | RANGE ROVER 1 | KOBJTF10A | L, U, H, HL, P | BJ32-15K601-CB | RANGE ROVER 2 | KOBJTF10A | L, U, H, HL, P | AH42-15K601-AF, 5E0B50227, | LR024070 | RHK-1850 | OHT692713AA | L, U, P | 68001702AE, 68000603AC, | 68001702AC, 68000603AB, | Scan for More | RHK-1855 | OHT692713AA | L, U, P, RS | 68039414AE, 68039414AA, | 68039414AB, 68039414AC, | 68039414AD | SAAB-502 | KHH13TN | L, U, T | 1984 102 446 | SAAB-504 | LTQSAAM433TX | L, U, T, P | 12783781 (12787976, 12799334) | SAAB-507 | LTQFM433 | L, U, P | - | SAAB-508 | KHH20TN-1 | L, U, T | 4-Track Blade | SAAB-509 | KHH-20TN-1 | L, U, T | 2-Track Blade | SAAB-511 | SFU1008552 | L, U, P | 15118173 | SAAB-512 | NBG009768T | 25849809 | SC-5905612 | SC-5905636 | SC-5907552 | OE 35113-SEC | SC-5907793 | 5907793 | SC-5909874 | 68033740AA | SC-5910834 | 5910834 | SC-5912114 | 19207416 | SC-5912477 | M3N-5WY8406 | L, U, T, P | 5912477, 164-R7032 | SC-5912496 | CWTWB1U793 | L, U, P, T, RS | 164-R8056, 164-R8057, | 164-R8058, 5912496 | SC-5912512 | CWTWB1U793 | L, U, P. Trunk | 80 BIT VERSION: 164-R8073, | 164-R8074, 164-R8075, | 5912512 | SC-5912543 | OHT01060512, V2T01060512, | V2T01060514, AVL-B01T1AC, | AVL-B01T2AC | L, U, T, P | 13504200 | SC-5912544 | L, U, T, P | 5912544 | SC-5912545 | OHT01060512, V2T01060512, | V2T01060514, AVL-B01T1AC, | AVL-B01T2AC | L, U, P, T, RS | 13504199 | SC-5912546 | OHT01060512 | L, U, RS, T, P | 5912546 | SC-5912547 | OHT01060512, V2T01060512, | V2T01060514, AVL-B01T1AC, | AVL-B01T2AC | L, U, T, P | 13504258 | SC-5912548 | OHT01060512, V2T01060512, | V2T01060514, AVL-B01T1AC, | AVL-B01T2AC | L, U, T, RS | 13504259, 13501514 | SC-5912554 | 96650592 | SC-5912555 | OHT01060512, V2T01060512, | V2T01060514, AVL-B01T1AC, | AVL-B01T2AC | L, U, T, P | 13504205 | SC-5912556 | OHT01060512, V2T01060512, | V2T01060514, AVL-B01T1AC, | AVL-B01T2AC | L, U, P, T, RS | 13504204 | SC-5912558 | OHT-05918179, | P409MK74946931 | L, U, T, P | 5912558, 13504283 | SC-5912559 | OHT-05918179, | P409MK74946931 | L, U, T, RS, P | 5912559, 13504202 | SC-5912560 | CWTWB1U793 | L, U, P | 164-R8070, 164-R8071, | 164-R8072, 5912560 | SC-5912561 | CWTWB1U793 | L, U, P, RS | 164-R8067, 164-R8068, | 164-R8069, 5912561 | SC-591313933 | KR55WK47899 | L, U, T | Fob: 164-R8042, 5913139, | Blade: 164-R8043, 5912976 | SC-591313947 | KR55WK47899 | L, U, T | Fob: 164-R8042, 5913139, | Blade: 164-R8039, 5914117 | SC-5913396 | OHT01060512, V2T01060512, | V2T01060514, AVL-B01T1AC, | AVL-B01T2AC | L, U, T, P | 13504200, 13504258, 13504205 | SC-5913397 | OHT01060512, V2T01060512, | V2T01060514, AVL-B01T1AC, | AVL-B01T2AC | L, U, T, RS, P | 13504199, 13574863, 20979468, | 13504259, 13504204 | SC-5913437 | 164-R8080 | SC-5913441 | 164-R8040 | SC-5913596 | OHT01060512, V2T01060512, | V2T01060514, AVL-B01T1AC, | AVL-B01T2AC | L, U, P | 20873623 | SC-5913597 | OHT01060512, V2T01060512, | V2T01060514, AVL-B01T1AC, | AVL-B01T2AC | L, U, RS, P | 20873620 | SC-5913598 | OHT01060512, V2T01060512, | V2T01060514, AVL-B01T1AC, | AVL-B01T2AC | L, U, P | 5913598 / 20873621 / 20835406 | SC-5914118 | M3N-5WY8406 | L, U, T, P | 5914118, 164-R7034 | SC-5914119 | M3N-5WY8406 | L, U, T, P | 164-R7034, 5914119 | SC-5915217 | CWTWB1U793 | L, U, P | 164-R8076, 164-R8077, | 164-R8078, 5915217 | SC-5915218 | CWTWB1U793 | L, U, P, RS | 164-R8064, 164-R8065, | 164-R8066, 5915218 | SC-5915237 | 5915237 | SC-5918997 | 5918997 | SC-5919918 | 5WK50170, KR55WK48801, | KR5876268 | L, U, T | 164-R8048, 5919918 | SC-5919939 | 5919939 | SC-5920157 | OHT-05918179, | P409MK74946931 | L, U, ECC, RS, P | 5920157, 22755321 | SC-5920217 | TIK-FOR-44 | SC-5921186 | CWTWB1U793 | L, U, RS | 164-R8087, 164-R8088, 5921186 | SC-5921285 | M3N-5WY8609 | L, U, RS, P | 164-R8091, 5921285 | --- PAGE BREAK --- | SC-5921286 | M3N-5WY8609 | L, U, T, RS, P | 5921286, 164-R8092 | SC-592128665 | M3N-5WY8609 | L, U, T, RS, P | 5921286, 164-R8092 | SC-5921288 | M3N-5WY8609 | L, U, T, RS, P | 164-R8094, 5921288 | SC-5921293 | CWTWB1U793 | L, U, P, T | 164-R8021, 5921293 | SC-5921294 | CWTWB1U793 | L, U, P, T | 164-R8020, 5921294 | SC-5921295 | CWTWB1U793 | L, U, T, P | 164-R8096, 164-R8097, | 164-R8098, 5921295 | SC-5921467 | CWTWB1U793 | L, U, T, RS, P | 80 BIT VERSION: 164-R8000, | 164-R8001, 164-R8002, | 5921467 | SC-5921707 | OUCD6000022 | L, U, P | 164-R8007, 164-R8008, | 164-R8009, 5921707, | CJ5Z-15K601-B | SC-5921709 | OUCD6000022 | L, U, P, T | 164-R8046, 164-R8049, | 164-R8050 5921709 | SC-5921872 | OHT-05918179, | P409MK74946931 | L, U, T, P | 5921872, 13500318 | SC-5921873 | OHT-05918179, | P409MK74946931 | L, U, T, RS, P | 5921873, 13500319 | SC-5922032 | OUC60270 & OUC60221 | L, U, T, P | 20935330 | SC-5922051 | CWTWB1U793 | L, U, T, P | 164-R8020, 5921294 | SC-5922373 | OUC60270 & OUC60221 | L, U, P, H, RS | 22936101, 15913415, 20869053, | 22756459, Scan for More | SC-5922374 | OUC60270 & OUC60221 | L, U, LSD, RSD, RS, P | 20970807 | SC-5922378 | OUC60270, OUC60221 | L, U, T, P | 22756460 | SC-5922379 | OUC60270 & OUC60221 | L, U, P, H, RG | 15913418 / 22756461 / 5922379 | SC-5922380 | OUC60270 & OUC60221 | L, U, RS, H, RG, P | 22756462 | SC-5922964 | CWTWB1U793 | L, U, P, RS | 164-R7976, 5922964 | SC-5923293 | 128 Bit | 164-R8128, 5923293 | SC-5923667 | N5F-A08TAA | L, U, P | 164-R8130, 5923667, | FL3T-15K601-AB | SC-5923694 | N5F-A08TDA | L, U, P, RS | 164-R8134, 5923694, | FL3T-15K601-CH | SC-5923790 | M3N5WY8609 | L, U, T, RS, P | 164-R7995, 5923790 | SC-5923877 | OUC6000066 | L, U, T, P | 22889449 | SC-5923881 | OUC6000066 | L, U, H, P | 22889451 | SC-5923882 | OUC6000066 | L, U, H, P | 22889452 | SC-5923883 | OUC6000066 | L, U, RS, H, P | 20998281 | SC-5923884 | OUC6000066 | L, U, RS, H, P | 20998282 | SC-5923885 | OUC6000066 | L, U, RS, P | 22756463 | SC-5923886 | OUC6000066 | L, U, RS, P | 22756464 | SC-5923887 | OUC6000066 | L, U, RS, H, RG, P | 22756465 | SC-5923888 | OUC6000066 | L, U, RS, H, RG, P | 22756466 | SC-5923896 | M3N-A2C31243300 | L, U, T, RS, P | 164-R7989, 5923896 | SC-5923898 | M3N-A2C31243300 | L, U, T, RS, P | 5923898, 164-R7991 | SC-5924003 | N5F-A08TAA | L, U, P, T | 164-R7986, 5924003 | SC-5924628 | 164-R8122 | SC-5925313 | M3N-A2C31243300 | L, U, T, RS, P | 164-R8106. 5925313 | SC-5925315 | M3N-A2C31243300 | L, U, RS, P | 164-R8108, 5925315 | SC-5925871 | CWTWB1U331, CWTWB1U322, | CWTWB1U345, OUCD6000022 | L, U, P | 8L3Z-15K601-B, | 2L3Z-15K601-AB, | 8L3Z-15K601-AA, Scan for More | SC-5925872 | CWTWB1U331, CWTWB1U322, | CWTWB1U345, OUCD6000022 | L, U, T, P | 8S4Z-15K601-A, | F8DB-15K601-BA, Scan for | More | SC-5925981 | OUCD6000022 | L, U, P, T | 164-R8126, 5925981 | SC-5926054 | M3N-A2C31243300 | L, U, T, RS, P | 164-R8117, 5926054 | SC-5926056 | M3N-A2C31243300 | L, U, T, RS, P | 5926056, 164-R8119 | SC-5926057 | M3N-A2C31243800 | L, U, P | 164-R8111, 5926057 | SC-5926060 | M3N-A2C31243800 | L, U, T, P | 164-R8109, 5926060 | SC-5926063 | M3N-A2C31243800 | L, U, T, P | 164-R8120, 5926063 | SC-5926442 | CWTWB1U793 | L, U, P | 5926442 | SC-5927057 | OHT-05918179, | P409MK74946931 | L, U, T, P | 5927057 | SC-5927058 | OHT-05918179, | P409MK74946931 | L, U, T, RS, P | 5927058 | SC-5927407 | KOBGT04A, K0BGT04A | L, U, RS, T, P | 22733524 | SC-5927408 | KOBGT04A, K0BGT04A | L, U, T, P | 15252034 | SC-5927409 | KOBGT04A, K0BGT04A | L, U, T, P | 22733523 | SC-5927410 | KOBGT04A | L, U, RS, P | 15114374 | SC-5927411 | KOBGT04A | L, U, P | 15777636, 15100811 | SC-5928819 | 5928819, 23372322 | SC-5928820 | Megamos ""13"" Chip | B107PT, 5928820, 23372323 | SC-5928821 | Megamos ""13"" Chip | B99PT, 5928821, 23372324 | SC-5928823 | Megamos ""48"" Chip | B115PT, 5928823, 23372326 | SC-5928825 | 03-07 Cadillc Transponder Key | B112PT | 5928825, 5912114 | SC-5928963 | M3N-A2C31243300 | L, U, RS, P | 164-R8140, 5928963 | --- PAGE BREAK --- | SC-5928966 | M3N-A2C31243800 | L, U, T, P | 164-R8143, 5928966 | SC-5929029 | KR5876268 | L, U, T | 164-R8147, 5929029 | SC-5929500 | M3N-A2C93142600 | L, U, T, RS, P | 164-R8149, 5929500 | SC-5929503 | M3N-A2C93142600 | L, U, T, RS, P | 164-R8166, 5929503 | SC-5929505 | M3N-A2C931426 | L, U, T, RS, P | 164-R8162, 5929505 | SC-5929506 | M3N-A2C93142300 | L, U, T, P | 164-R8150, 5929506 | SC-5929508 | M3N-A2C93142300 | L, U, P | 164-R8163, 5929508 | SC-5929510 | M3N-A2C931423 | L, U, T, P | 164-R8159, 5929510 | SC-5929515 | M3N-A2C94078000 | L, U, T, RS, P | 164-R8154, 5929515 | SC-5929516 | M3N-A2C94078000 | L, U, RS, P | 164-R8155, 5929516 | SC-5931636 | KBRASTU15 | L, U, P | 28268-5W501, 28268-5W500, | 28268-7Z800, 28268-C990A | SC-5931637 | PQTDORM12, NHVWB1U711 | L, U, T, P | 88036XA010, 5931637 | SC-5931638 | HYQ12BBX | L, U, P | 89742-42120, 89742-20200, | 89742-0C020 | SC-5931639 | HYQ12BBX | L, U, PW, P | 89742-35050 | SC-5931640 | GQ43VT14T | L, U, P | 89742-06010 | SC-5931641 | GQ43VT14T | L, U, T, P | 89742-AA030 | SC-5931642 | KBRASTU15 | L, U, T, P | 28268-ZB700, 28268-C991A, | 28268-C991C, 28268-5Y701 | SC-5931643 | KR55WK48903, KR55WK49622 | L, U, TH, P | 5931643, 285E3-JA000, | 285E3-JA02A, 285E3-JA05A, | 285E3-JA62A | SC-5931644 | PQTDORM12, NHVWB1U711 | L, U | 88036-FE041 | SC-5931852 | NBG009768T | L, U, P | 5931852, 20984232, 22865378 | SC-5931855 | NBG009768T | L, U, TH, P | 5931855, 22856929 | SC-5931856 | NBG009768T | L, U, TH, RS, P | 5931856, 22856930 | SC-5931857 | NBG009768T | L, U, H, RS, P | 5931857, 22865375 | SC-5933004 | M3N-A2C931426 | L, U, RS, P | 164-R8182, 5933004 | SC-5933019 | M3N-A2C93142600 | L, U, T, RS, P | 164-R8185, 5933019 | SC-5933021 | M3N-A2C931423 | L, U, T, P | 164-R8187, 5933021 | SC-5933401 | LXP-T004 | L, U, P | 13514134 | SC-5933402 | LXP-T004 | L, U, P, T | 13514135 | SC-5933405 | LXP-T003 | L, U, P, T | 13588756 | SC-5933963 | 5933963, 13523898, 23286588, | 5927928, 23286584, B119PT | SC-5933985 | M3N-A2C931426 | L, U, H, RS, P | 164-R8198, 5933985 | SC-5933990 | M3N-A2C940780 | L, U, H, RS, P | 164-R8226, 5933990 | SC-5934957 | 5934957 / 13523903 | 5934957, B116 | SC-5934960 | 5934960 / 13520355 / 5928094 | 13520335, B116 | SC-5935493 | 5935493 / 5928275 / B120PT / | 23300334 | B120 | SC-5935765 | Hi-Security Blade w/ Rings | 5935765 / 5927933 / 23286589 | SC-5937928 | 5937928,164-R8249 | SC-5938043 | M3N-A2C931426 | L, U, T, RS, P | 164-R8233, 5938043 | SC-5938045 | M3N-A2C931423 | L, U, SD, P | 164-R8234, 5938045 | SC-5938046 | N5F-A08TAA | L, U, SD | 164-R8235, 5938046 | SC-5938098 | N5F-A08TAA | L, U, P, PD | 164-R8236, 5938098 | SC-5938100 | 5938100 / 164-R8239 (Hi-Sec) | 5938100, 164-R8239 | SC-5938187 | MLBHLIK-1TA | L, U, P | 5938187 / 35118-T0A-A00 / ""46"" | Chip | SC-5938192 | OUCG8D-380H-A | L, U, P | 5938192 / 35111-SHJ-305 / ""46"" | Chip | SC-5938441 | M3N-A2C931426 | L, U, T, RS, P | 164-R8244, 5938441 | SC-5938443 | M3N-A2C931423 | L, U, T, P | 164-R8246, 5938443 | SC-5939651 | N5F-A08TAA | L, U, P | 164-R8269, 5939651, | JL3V-15K601-FA | SC-5940086 | 5940086, 164-R8289 | SC-5940815 | SC-5942032 | 5942032 / 164-R8259 | 5942032, 164-R8259 | SC-5942038 | N5F-A08TDA | L, U, RS, P | 164-R8263, 5942038 | SC-5944000 | M3N-A3C054338 | L, U, T, LG, P | 164-R8304, 5944000 | SC-5944047 | M3N-A3C108397 | L, U, P | 164-R8329, 5944047 | SC-5944048 | M3N-A3C108397 | L, U, RS, TG, P | 164-R8330, 5944048 | SC-5944486 | 5944486, H92-PT | SC-5945817 | M3N-A3C108397 | L, U, RS, P | 164-R8333, 5945817 | SC-5945864 | N5F-A08TBLP | 164-R8334, 5945864 | SC-5945868 | N5F-A08TBLP | L, U, P, RS | 164-R8337, 5945868 | SC-5945957 | M3N-A3C108397 | L, U, RS, T, P | 164-R8347, 5945957 | SC-5945995 | M3N-A3C108397 | L, U, RS, H, P | 164-R8351, 5945995 | --- PAGE BREAK --- | SC-5946030 | OUC60270 & OUC60221 | L, U, P | 5946030, 20952475 | SC-5946031 | OUC60270 & OUC60221 | L, U, RS, P | 5946031, 20952474 | SC-5946032 | OUC60270 & OUC60221 | L, U, H, RS, P | 5946032, 20952477, 22756459 | SC-5946045 | M3N-A3C108397 | L, U, H, P | 164-R8354, 5946045 | SC-5946046 | M3N-A3C108397 | L, U, H, P | 164-R8355, 5946046 | SC-5946077 | N5F-A08TBLP | L, U, P | 164-R8359, 5946077 | SC-597602 | H72PT, 597602, 011-R0221 | SC-597603 | Mercury Transponder Key H72 | 011-R0222 | SC-598333 | 598333 | SC-690552 | 88891799 | SC-690556 | SC-691205 | 89024245 | SC-691641 | M8 | 164-R0467 | SC-691643 | TIK-FOR-02 | SC-692055 | GTFOR05 | SC-692058 | 692058 | SC-692061 | 692060 | SC-692082 | 692082 | SC-692246 | HD106PT, 692246 | SC-692247 | 692247 | SC-692325 | 692325 | SC-692352 | 692352 | SC-692353 | 692353 | SC-692354 | 692354 | SC-692562 | 692020, 692562, MIT16A, MIT16, | MN141060 | SC-692564 | 692564 | SC-692565 | SC-692958 | 692958 | SC-692960 | 692960 | SC-693126 | 693126, 12451816 | SC-7011685 | 7011685 | SC-7012479 | M3N-5WY8406 | L, U, T, P | 164-R7032, 5912477"
SCION-1332,SCION,HYQ12BBX,"L, U, P",89742-52010,,catalog label extraction - review,"HYQ12BBX | L, U, P | 89742-52010"
SCION-1333,SCION,HYQ12BBY,"L, U, P",89070-12380,89070-12380 / No Chip,catalog label extraction - review,"HYQ12BBY | L, U, P | 89070-12380 / No Chip"
SCION-1334,SCION,MOZB41TG,"L, U, P",89070-21120,,catalog label extraction - review,"MOZB41TG | L, U, P | 89070-21120"
SCION-1335,SCION,BAB237131-056,"L, U, P",,,catalog label extraction - review,"BAB237131-056 | L, U, P | -"
SCION-1336,SCION,HYQ14ACX 89904-21010,,,,catalog label extraction - review,HYQ14ACX | 89904-21010
SCION-1337,SCION,MOZB52TH,"L, U, P",,No Chip,catalog label extraction - review,"MOZB52TH | L, U, P | No Chip"
SCION-1338,SCION,MOZB52TH,"L, U, P",89070-52G30,,catalog label extraction - review,"MOZB52TH | L, U, P | 89070-52G30"
SCION-1339,SCION,MOZB95TH,"L, U, P",89070-21150,,catalog label extraction - review,"MOZB95TH | L, U, P | 89070-21150"
SCION-1340,SCION,HYQ12BDP,"L, U, P",89070-12590,,catalog label extraction - review,"HYQ12BDP | L, U, P | 89070-12590"
SCION-1341,SCION,WAZSKE13D01,"L, U, TH, P",89904-WB003,,catalog label extraction - review,"WAZSKE13D01 | L, U, TH, P | 89904-WB003"
SCION-1342,SCION,HYQ12BFA,"L, U, P",89070-12B00,,catalog label extraction - review,"HYQ12BFA | L, U, P | 89070-12B00"
SCION-1343,SCION,HYQ14ACX,"L, U, T, P",,,catalog label extraction - review,"HYQ14ACX | L, U, T, P | SU003-04643 | SCION-1344 G | HYQ12BEL | L, U, TH, P | SU003-05282"
SCION-1345,SCION,HYQ12BBY,"L, U, T, P",SU003-01445,,catalog label extraction - review,"HYQ12BBY | L, U, T, P | SU003-01445"
SCION-1346,SCION,HYQ12BEA,"L, U, P",89070-12A60,,catalog label extraction - review,"HYQ12BEA | L, U, P | 89070-12A60"
SCION-TR47PT,SCION,SU003-01453 SR12PT,,SR12-PT; SR12-PHT; 57497-FG160,"""60"" Chip",catalog label extraction - review,"SU003-01453 | SR12PT | SR12-PT, SR12-PHT, | 57497-FG160, DAT17T13 | SUB K3 | ""60"" Chip | 57497-AJ01A"
SUB-912,SUB,NHVWB1U711,"L, U",,,catalog label extraction - review,"NHVWB1U711 | L, U | 88036 FE041"
SUB-918,SUB,A269ZUA111 L,,,,catalog label extraction - review,"A269ZUA111 | L/P, U | 88035 AC230"
SUB-921,SUB,A269ZUA111 L,,,,catalog label extraction - review,"A269ZUA111 | L/P, U | 88035 AC230, 88036 AE060"
SUB-929,SUB,CWTWBU766,"L, U, T, P",57497AG48A,,catalog label extraction - review,"CWTWBU766 | L, U, T, P | 57497AG48A"
SUB-931,SUB,CWTWBU745,"L, U, T, P",57497-AG35A,,catalog label extraction - review,"CWTWBU745 | L, U, T, P | 57497-AG35A"
SUB-932,SUB,CWTWBU811,"L, U, T, P",57497-XA20A; 57497XA20A,,catalog label extraction - review,"CWTWBU811 | L, U, T, P | 57497-XA20A, 57497XA20A"
SUB-933,SUB,CWTWB1U811,"L, U, T, P",57497-AJ10A,,catalog label extraction - review,"CWTWB1U811 | L, U, T, P | 57497-AJ10A"
SUB-934,SUB,CWTWBU766,"L, U, T, P",57497-AJ00A,,catalog label extraction - review,"CWTWBU766 | L, U, T, P | 57497-AJ00A"
SUB-935,SUB,CWTWBU766,"L, U, T, P",57497-FJ031,,catalog label extraction - review,"CWTWBU766 | L, U, T, P | 57497-FJ031"
SUB-937,SUB,CWTWB1U819,"L, U, T, P",88036-FG030,,catalog label extraction - review,"CWTWB1U819 | L, U, T, P | 88036 FG030, 88036-FG030, | 88036FG030 | --- PAGE BREAK ---"
SUB-938,SUB,CWTWB1U811,"L, U, T, P",,,catalog label extraction - review,"CWTWB1U811 | L, U, T, P | 57497 AL00A, 57497 FJ020, | 57497 FJ021, 57497 FJ230"
SUB-939,SUB,HYQ14ACX,"L, U, P, T",88835-CA060; 88835-SG040,,catalog label extraction - review,"HYQ14ACX | L, U, P, T | 88835-CA060, 88835-SG040"
SUB-940,SUB,HYQ14AGX,"L, U, T, P",88835-AJ00A,,catalog label extraction - review,"HYQ14AGX | L, U, T, P | 88835-AJ00A"
SUB-941,SUB,HYQ14AHC,"L, U, T, P",,,catalog label extraction - review,"HYQ14AHC | L, U, T, P | 88835 AL04A, 88835 AL04B, | 88835 CA310"
SUB-942,SUB,ALF-TWB1J693,"L, U, T, P",88036-SC011,,catalog label extraction - review,"ALF-TWB1J693 | L, U, T, P | 88036-SC011"
SUB-943,SUB,HYQ14AHK,"L, U, T, P",88835-FL03A; 88835-FL030,,catalog label extraction - review,"HYQ14AHK | L, U, T, P | 88835-FL03A, 88835-FL030"
SUB-944,SUB,CWTB1G077,"L, U, T, P",57497-FL00A,,catalog label extraction - review,"CWTB1G077 | L, U, T, P | 57497-FL00A"
SUB-945,SUB,CWTB1G077,"L, U, T, P",57497-AL27A,,catalog label extraction - review,"CWTB1G077 | L, U, T, P | 57497-AL27A"
SUB-946,SUB,CWTB1G077,"L, U, T, P",57497-SJ050,,catalog label extraction - review,"CWTB1G077 | L, U, T, P | 57497-SJ050"
SUB-947,SUB,HYQ14AHK L,,88835-FL040; 88835-FL041,,catalog label extraction - review,"HYQ14AHK | L, U, AC, P | 88835-FL040, 88835-FL041"
SUB-948,SUB,CWTB1G077,"L, U, T, P",,,catalog label extraction - review,"CWTB1G077 | L, U, T, P | 57497 AL37A"
SUB-949,SUB,HYQ14AHK,"L, U, T, P",88835AN00A; 88835-AN00A,,catalog label extraction - review,"HYQ14AHK | L, U, T, P | 88835AN00A, 88835-AN00A"
SUB-950,SUB,HYQ14AHK,"L, U, T, P",,,catalog label extraction - review,"HYQ14AHK | L, U, T, P | 88835 AN00B"
SUB-951,SUB,CWTB1G077,"L, U, P, T",57497AN00A; 57497-AN00A; 57497AN00B; 57497-AN00B,,catalog label extraction - review,"CWTB1G077 | L, U, P, T | 57497AN00A, 57497-AN00A, | 57497AN00B, 57497-AN00B"
SUB-952,SUB,CWTWB1U811,"L, U, T, P",57497-VA330; 57497VA330,,catalog label extraction - review,"CWTWB1U811 | L, U, T, P | 57497-VA330, 57497VA330"
SUB-953,SUB,CWTWBU766,"L, U, T, P",57497-AJ00A,,catalog label extraction - review,"CWTWBU766 | L, U, T, P | 57497-AJ00A"
SUB-954,SUB,HYQ12BBY,"L, U, T, P",57497AG11A,,catalog label extraction - review,"HYQ12BBY | L, U, T, P | 57497-CA110 | SUB110PT | OEM Subaru H"" Key"" | 57497-FL08A, 57497-FL08B | SUB4PT | SUB120, SUB4-PT, 57497AG11A"
SUZ-1402,SUZ,MOZD01TB,"L, U",37180-54G22,,catalog label extraction - review,"MOZD01TB | L, U | 37180-54G22, MODEL: D01SB"
SUZ-1408,SUZ,KBRTS005,"L, U, P",37180-64J00,,catalog label extraction - review,"KBRTS005 | L, U, P | 37180-64J00"
SUZ-1411,SUZ,MOZD01TB,"L, U",,,catalog label extraction - review,"MOZD01TB | L, U | D02TB"
SUZ-1414,SUZ,OUCG8D-246S-A,"L, U, P",37182-50J10,,catalog label extraction - review,"OUCG8D-246S-A | L, U, P | 37182-50J10"
SUZ-1416,SUZ,KR5WY8201-2-3 0,,,,catalog label extraction - review,KR5WY8201-2-3 | 0 | N/A
SUZ-1418,SUZ,KBRTS003,"L, U, P",317172-64J00; 37172-64J00,,catalog label extraction - review,"KBRTS003 | L, U, P | 317172-64J00, 37172-64J00"
SUZ-1424,SUZ,KBRTS009,"L, U, T, P",37172-57L20; 37172-57L21,,catalog label extraction - review,"KBRTS009 | L, U, T, P | 37172-57L20, 37172-57L21"
SUZ-1425,SUZ,NYOSAKS-01TX,"L, U, T, P",,,catalog label extraction - review,"NYOSAKS-01TX | L, U, T, P | 37145-85Z00 | TELSA 4-OBS | TELSA 5 | L, U, T, FT | TESLA 1 | TESLA 3 | 2AEIM-1048598"
TOY-101,TOY,GQ43VT14T,"L, U, T, P",89742-AA030,,catalog label extraction - review,"GQ43VT14T | L, U, T, P | 89742-AA030"
TOY-103,TOY,GQ43VT14T,"L, U, P",89742-06010,,catalog label extraction - review,"GQ43VT14T | L, U, P | 89742-06010"
TOY-104,TOY,GQ43VT14T,"L, U, G, P",8896-9657; PTR3002-028,,catalog label extraction - review,"GQ43VT14T | L, U, G, P | 1470 102 849, | 8896-9657,PTR3002-028"
TOY-105,TOY,GQ43VT14T,"L, U, G, P",89742-02010,,catalog label extraction - review,"GQ43VT14T | L, U, G, P | 89742-02010"
TOY-107,TOY,GQ43VT14T,"L, U, SD, P",89742-08050,,catalog label extraction - review,"GQ43VT14T | L, U, SD, P | 89742-08050"
TOY-109,TOY,GQ43VT14T LP,,89742-08070,,catalog label extraction - review,"GQ43VT14T | LP, U, SD | 89742-08070"
TOY-112,TOY,GQ43VT20T,"L, U, P",89742-AE010; 89742-AE011,,catalog label extraction - review,"GQ43VT20T | L, U, P | 89742-AE010, 89742-AE011"
TOY-115,TOY,GQ43VT20T,"L, U, SD, P",89742-08100; 89742-AE020,,catalog label extraction - review,"GQ43VT20T | L, U, SD, P | 89742-08100, 89742-AE020"
TOY-118,TOY,GQ43VT20T,"L, U, TH, P",89742-07020; 89742-AA040,,catalog label extraction - review,"GQ43VT20T | L, U, TH, P | 89742-07020, 89742-AA040"
TOY-121,TOY,GQ43VT20T,"L, U, H, SD, SD, P",89742-AE050,,catalog label extraction - review,"GQ43VT20T | L, U, H, SD, SD, P | 89742-AE050"
TOY-124,TOY,HYQ12BAN,"L, U, P",89742-20200,,catalog label extraction - review,"HYQ12BAN | L, U, P | 89742-20200"
TOY-127,TOY,HYQ12BAN L,,89742-0C010; 89742-0C030; 89742-35050,,catalog label extraction - review,"HYQ12BAN | L, U, RSW, P | 89742-0C010, 89742-0C030, | 89742-35050"
TOY-130,TOY,HYQ12BAN,"L, U, T, P",89742-AC050,,catalog label extraction - review,"HYQ12BAN | L, U, T, P | 89742-AC050"
TOY-133,TOY,HYQ12BBX,"L, U, P",89742-0C020; 89742-42120; 89742-52010,,catalog label extraction - review,"HYQ12BBX | L, U, P | 89742-0C020, 89742-42120, | 89742-52010"
TOY-136,TOY,HYQ12BBX,"L, U, T, P",89742-AC051,,catalog label extraction - review,"HYQ12BBX | L, U, T, P | 89742-AC051"
TOY-139,TOY,HYQ12BBX L,,89742-0C030; 89742-35040; 89742-35050,,catalog label extraction - review,"HYQ12BBX | L, U, RSW, P | 89742-0C030, 89742-35040, | 89742-35050"
TOY-142,TOY,HYQ1512Y L,,89742-35020; 89742-35021,,catalog label extraction - review,"HYQ1512Y | L, U, RSW, P | 89742-35020, 89742-35021"
TOY-145,TOY,HYQ1512Y,"L, U, T, P",89742-AC020; 89742-AC040; 89742-AC050,,catalog label extraction - review,"HYQ1512Y | L, U, T, P | 89742-AC020, 89742-AC040, | 89742-AC050"
TOY-151,TOY,GQ43VT7T,"L, U, T",89742-07010; 89742-AC010; 89745-AC010,,catalog label extraction - review,"GQ43VT7T | L, U, T | 89742-07010, 89742-AC010, | 89745-AC010"
TOY-154,TOY,BAB237131-056,"L, U, P",08191-00922,,catalog label extraction - review,"BAB237131-056 | L, U, P | 08191-00922"
TOY-157,TOY,BAB237131-022,"L, U",08191-00870,,catalog label extraction - review,"BAB237131-022 | L, U | 08191-00870"
TOY-160,TOY,BAB237131-022,"L, U",PT398-07100,,catalog label extraction - review,"BAB237131-022 | L, U | PT398-07100"
TOY-163,TOY,MOZB31EG,"L, U, P",89994-47061; 89904-47061,,catalog label extraction - review,"MOZB31EG | L, U, P | 89994-47061 / 89904-47061"
TOY-167,TOY,BAB237131-013,"L, U",08191-00860,,catalog label extraction - review,"BAB237131-013 | L, U | 08191-00860"
TOY-175,TOY,HYQ14AAB,"L, U, P",89904-06041; 89904-33181,,catalog label extraction - review,"HYQ14AAB | L, U, P | 89904-06041, 89904-33181"
TOY-178,TOY,HYQ14AAB,"L, U, H, P",89904-48110,,catalog label extraction - review,"HYQ14AAB | L, U, H, P | 89904-48110"
TOY-181,TOY,HYQ14AAF,"L, U, T, P",89904-07030,,catalog label extraction - review,"HYQ14AAF | L, U, T, P | 89904-07030"
TOY-184,TOY,HYQ14AAB,"L, U, P",89904-48100,,catalog label extraction - review,"HYQ14AAB | L, U, P | 89904-48100"
TOY-187,TOY,HYQ14AAB,"L, U, P",89904-35030; 89904-60770,,catalog label extraction - review,"HYQ14AAB | L, U, P | 89904-35030, 89904-60770, | 89904-60771 | --- PAGE BREAK ---"
TOY-190,TOY,,,89742-OC010,,catalog label extraction - review,"ELVATDD | L, U, RSW, P | 89742-OC010"
TOY-199,TOY,ELVAT1B L,,,,catalog label extraction - review,"ELVAT1B | L, U, RSW, P | -"
TOY-205,TOY,HYQ14ACX,"L, U, P",89904-47230; 89904-47370R; 89904-0T050; 89904-35010,,catalog label extraction - review,"HYQ14ACX | L, U, P | 89904-47230, 89904-47370R, | 89904-0T050, 89904-35010"
TOY-208,TOY,HYQ14ACX L,,89904-47350; 89904-47351; 89904-47352,,catalog label extraction - review,"HYQ14ACX | L, U, A/C, P | 89904-47350, 89904-47351, | 89904-47352"
TOY-209,TOY,GQ4-29T,"L, U, T, P",89070-06232; 89070-02270,,catalog label extraction - review,"GQ4-29T | L, U, T, P | 89070-06232, 89070-02270"
TOY-210,TOY,HYQ12BBY,"L, U, T, P",89070-06231,,catalog label extraction - review,"HYQ12BBY | L, U, T, P | 89070-06231"
TOY-211,TOY,GQ4-29T,"L, U, P",19185109; 89070-02250; 89070-0T030,,catalog label extraction - review,"GQ4-29T | L, U, P | 19185109, 89070-02250, | 89070-0T030"
TOY-212,TOY,MOZB41TG,"L, U, P",89070-21050; 89070-21111; 89070-21120; 89070-52850; 89070-52860,,catalog label extraction - review,"MOZB41TG | L, U, P | 89070-21050, 89070-21111, | 89070-21120, 89070-52850, | 89070-52860"
TOY-214,TOY,HYQ12BBY,"L, U, P",89070-0R030; 89070-12380; 89070-42660,,catalog label extraction - review,"HYQ12BBY | L, U, P | 89070-0R030, 89070-12380, | 89070-42660, 89070-42670 | TOY-214 G | HYQ12BBY | L, U, P | 89070-35170"
TOY-215,TOY,HYQ12BDM,"L, U, TH, P",89070-06420,,catalog label extraction - review,"HYQ12BDM | L, U, TH, P | 89070-06420"
TOY-216,TOY,ELVAT6B,"L, U, P",00014-S0260,,catalog label extraction - review,"ELVAT6B | L, U, P | 00014-S0260"
TOY-219,TOY,GQ43VT20T,"L, U, SD, SD, P",89742-AE030; 89742-AE031,,catalog label extraction - review,"GQ43VT20T | L, U, SD, SD, P | 89742-AE030, 89742-AE031"
TOY-222,TOY,GQ43VT20T L,,89742-0C040; 89742-0W010; 89742-0W011,,catalog label extraction - review,"GQ43VT20T | L, U, HH, P | 89742-0C040, 89742-0W010, | 89742-0W011"
TOY-225,TOY,GQ43VT20T L,,89742-0C040; 89742-0C041,,catalog label extraction - review,"GQ43VT20T | L, U, HH, P | 89742-0C040, 89742-0C041"
TOY-228,TOY,GQ43VT20T L,,89742-0W020; 89742-0W021,,catalog label extraction - review,"GQ43VT20T | L, U, HH, G, P | 89742-0W020, 89742-0W021"
TOY-231,TOY,M0ZB21TG,"L, U, P",89070-47180,,catalog label extraction - review,"M0ZB21TG | L, U, P | 89070-47180"
TOY-233,TOY,BAB237131-056 L,,,,catalog label extraction - review,"BAB237131-056 | L, U, AP, P | -"
TOY-234,TOY,HYQ14ACX,"L, U, H, P",89904-0T020,,catalog label extraction - review,"HYQ14ACX | L, U, H, P | 89904-0T020"
TOY-235,TOY,HYQ14ACX,"L, U, P",89904-0T050; 89904-21010; 89904-35010; 89904-47230; 89904-47371,,catalog label extraction - review,"HYQ14ACX | L, U, P | 89904-0T050, 89904-21010, | 89904-35010, 89904-47230, | 89904-47371"
TOY-236,TOY,HYQ14ACX L,,89904-0T020; 89904-0T060,,catalog label extraction - review,"HYQ14ACX | L, U, LG, P | 89904-0T020, 89904-0T060"
TOY-237,TOY,HYQ14AAB,"L, U, T, P",,,catalog label extraction - review,"HYQ14AAB | L, U, T, P | ""Number"" Board"
TOY-238,TOY,HYQ14AAB,"L, U, T, P",89904-06130,,catalog label extraction - review,"HYQ14AAB | L, U, T, P | 89904-06130"
TOY-239,TOY,HYQ14AEM,"L, U, P",89904-0R060; 89904-60770; 89904-0R090; 89904-42140,,catalog label extraction - review,"HYQ14AEM | L, U, P | 89904-0R060, 89904-60770, | 89904-0R090, 89904-42140"
TOY-240,TOY,HYQ14AEM,"L, U, T, P",89904-06131,,catalog label extraction - review,"HYQ14AEM | L, U, T, P | 89904-06131"
TOY-241,TOY,HYQ14ADR,"L, U, H, SD, SD, P",89904-08010,,catalog label extraction - review,"HYQ14ADR | L, U, H, SD, SD, P | 89904-08010"
TOY-242,TOY,HYQ14FBA,"L, U, T, P",89904-06140,,catalog label extraction - review,"HYQ14FBA | L, U, T, P | 89904-06140"
TOY-243,TOY,HYQ1512V,"L, U, P",89070-60090,,catalog label extraction - review,"HYQ1512V | L, U, P | 89070-60090"
TOY-244,TOY,HYQ1512V,"L, U, P",89070-60750,,catalog label extraction - review,"HYQ1512V | L, U, P | 89070-60750"
TOY-245,TOY,HYQ12BBT,"L, U, P",89070-35140,,catalog label extraction - review,"HYQ12BBT | L, U, P | 89070-35140"
TOY-246,TOY,HYQ14AAB,"L, U, P",89904-35030; 8990435030,,catalog label extraction - review,"HYQ14AAB | L, U, P | 89904-35030, 8990435030"
TOY-247,TOY,GQ4-52T,"L, U, P",89071-0R040; 89070-0R120; 89070-0R130; 89070-0C050,,catalog label extraction - review,"GQ4-52T | L, U, P | 89071-0R040, 89070-0R120, | 89070-0R130, 89070-0C050"
TOY-248,TOY,GQ4-52T,"L, U, T, P",89070-0R100; 89070-0R101; 89070-0E130; 89071-0R020,,catalog label extraction - review,"GQ4-52T | L, U, T, P | 89070-0R100, 89070-0R101, | 89070-0E130, 89071-0R020"
TOY-249,TOY,HYQ12BDM,"L, U, P",89070-52F50; 89070-42820; 89070-04020,,catalog label extraction - review,"HYQ12BDM | L, U, P | 89070-52F50, 89070-42820, | 89070-04020"
TOY-250,TOY,HYQ12BDM; HYQ12BEL,"L, U, T, P",89070-02880,,catalog label extraction - review,"HYQ12BDM, HYQ12BEL | L, U, T, P | 89070-02880"
TOY-251,TOY,HYQ12BDM,"L, U, T, P",89070-42D40; 89070-42830,,catalog label extraction - review,"HYQ12BDM | L, U, T, P | 89070-42D40, 89070-42830"
TOY-252,TOY,HYQ14FBA,"L, U, T, P",89904-0R080,,catalog label extraction - review,"HYQ14FBA | L, U, T, P | 89904-0R080"
TOY-253,TOY,HYQ12BDM,"L, U, P",89070-42820; 89070-52F50; 89070-52F60,,catalog label extraction - review,"HYQ12BDM | L, U, P | 89070-42820, 89070-52F50, | 89070-52F60"
TOY-254,TOY,HYQ14FBA,"L, U, P",89904-52290,,catalog label extraction - review,"HYQ14FBA | L, U, P | 89904-52290"
TOY-255,TOY,HYQ14FBA,"L, U, T, P",89904-0E120; 89904-0E121,,catalog label extraction - review,"HYQ14FBA | L, U, T, P | 89904-0E120, 89904-0E121"
TOY-256,TOY,WAZSKE13D01,"L, U, T, P",89904-WB001; DBYP-67-5DY,,catalog label extraction - review,"WAZSKE13D01 | L, U, T, P | 89904-WB001 / DBYP-67-5DY"
TOY-257,TOY,HYQ14FBA,"L, U, P",89904-0E090; 89904-0E091; 89904-0E092; 8990460J70; 89904-60J70,,catalog label extraction - review,"HYQ14FBA | L, U, P | 89904-0E090, 89904-0E091, | 89904-0E092, 8990460J70, | 89904-60J70"
TOY-258,TOY,HYQ14FBC,"L, U, P",89904-47530,,catalog label extraction - review,"HYQ14FBC | L, U, P | 89904-47530"
TOY-259,TOY,HYQ14FBE L,,89904-47460,,catalog label extraction - review,"HYQ14FBE | L, U, A/CH, P | 89904-47460"
TOY-260,TOY,HYQ14FBA,"L, U, T, P",89904-62020,,catalog label extraction - review,"HYQ14FBA | L, U, T, P | 89904-62020"
TOY-261,TOY,HYQ12BFA,"L, U, P",,,catalog label extraction - review,"HYQ12BFA | L, U, P | 89070-12C20 | TOY-262 H | HYQ12BDP | L, U, P | 89070-04020"
TOY-264,TOY,HYQ12BDP L,,89070-0R221,,catalog label extraction - review,"HYQ12BDP | L, U, HH, P | 89070-0R221"
TOY-265,TOY,MOZB52TH,"L, U, P",,,catalog label extraction - review,"MOZB52TH | L, U, P | Unknown"
TOY-266,TOY,PRX-TL-AEM-16-NEW,"L, U, P",89904-60771; 89904-60420; 89904-60770,,catalog label extraction - review,"PRX-TL-AEM-16-NEW | L, U, P | 89904-60771, 89904-60420, | 89904-60770"
TOY-267,TOY,MOZBR1ET,"L, U, P",89904-F4020,,catalog label extraction - review,"MOZBR1ET | L, U, P | 89904-F4020"
TOY-268,TOY,MOZB97TZ,"L, U, P",89070-F4080; 89070-F4081,,catalog label extraction - review,"MOZB97TZ | L, U, P | 89070-F4080, 89070-F4081"
TOY-269,TOY,HYQ12BFB,"L, U, T, P",89070-06790; 8907006790; 89070-33E90; 8907033E90,,catalog label extraction - review,"HYQ12BFB | L, U, T, P | 89070-06790, 8907006790, | 89070-33E90, 8907033E90"
TOY-270,TOY,HYQ14FBC; HYQ14FLA,"L, U, T, P",89904-06200; 89904-06220; 04002-99330,,catalog label extraction - review,"HYQ14FBC, HYQ14FLA | L, U, T, P | 89904-06200, 89904-06220, | 04002-99330"
TOY-271,TOY,HYQ14AAB L,,89904-47420,,catalog label extraction - review,"HYQ14AAB | L, U, AC, P | 89904-47420"
TOY-272,TOY,HYQ12BFB JAPAN PRODUCTION,"L, U, TH, P",89070-33E90,,catalog label extraction - review,"HYQ12BFB JAPAN | PRODUCTION | L, U, TH, P | 89070-33E90"
TOY-273,TOY,HYQ14FBC,"L, U, T, P",89904-33550,,catalog label extraction - review,"HYQ14FBC | L, U, T, P | 89904-33550"
TOY-274,TOY,HYQ14ACX,"L, U, T, P",SU003-07424; SU00307424,,catalog label extraction - review,"HYQ14ACX | L, U, T, P | SU003-07424, SU00307424"
TOY-275,TOY,HYQ14FBA (AG),"L, U, H, P",,,catalog label extraction - review,"HYQ14FBA (AG) | L, U, H, P | 89904-60M80 | --- PAGE BREAK ---"
TOY-276,TOY,HYQ14FBE,"L, U, T, P",8990H-07020,,catalog label extraction - review,"HYQ14FBE | L, U, T, P | 8990H-07020"
TOY-277,TOY,HYQ14FBE,"L, U, TH, P",8990H-07010,,catalog label extraction - review,"HYQ14FBE | L, U, TH, P | 8990H-07010"
TOY-278,TOY,HYQ14FBN,"L, U, P",8990H-12180,,catalog label extraction - review,"HYQ14FBN | L, U, P | 8990H-12180"
TOY-279,TOY,HYQ14AHP,"L, U, T, P",SU003-07686,,catalog label extraction - review,"HYQ14AHP | L, U, T, P | SU003-07686"
TOY-280,TOY,HYQ14FBC,"L, U, P",8990H-0R010,,catalog label extraction - review,"HYQ14FBC | L, U, P | 8990H-0R010"
TOY-281,TOY,HYQ14FBC,"L, U, H, P",8990H-0R030,,catalog label extraction - review,"HYQ14FBC | L, U, H, P | 8990H-0R030"
TOY-282,TOY,HYQ12BDM,"L, U, P",89070-52E71; 8907052E71,,catalog label extraction - review,"HYQ12BDM | L, U, P | 89070-52E71, 8907052E71"
TOY-283,TOY,GQ4-73T,"L, U, P",89070-0R300,,catalog label extraction - review,"GQ4-73T | L, U, P | 89070-0R300"
TOY-284,TOY,HYQ12BFB,"L, U, TH, P",89070-06791,,catalog label extraction - review,"HYQ12BFB | L, U, TH, P | 89070-06791"
TOY-285,TOY,HYQ14FBN,"L, U, P, T",8990H-02030; 8990H02030,,catalog label extraction - review,"HYQ14FBN | L, U, P, T | 8990H-02030, 8990H02030"
TOY-286,TOY,HYQ12BFW,"L, U, P",89070-42G00,,catalog label extraction - review,"HYQ12BFW | L, U, P | 89070-42G00"
TOY-287,TOY,HYQ14ADR,"L, U, SD, SD, P",89904-08040,,catalog label extraction - review,"HYQ14ADR | L, U, SD, SD, P | 89904-08040"
TOY-288,TOY,HYQ14FBC,"L, U, H, P",8990H-0R040; 8990H0R040,,catalog label extraction - review,"HYQ14FBC | L, U, H, P | 8990H-0R040, 8990H0R040"
TOY-289,TOY,HYQ14FBC,"L, U, T, P",8990H-07080,,catalog label extraction - review,"HYQ14FBC | L, U, T, P | 8990H-07080"
TOY-290,TOY,HYQ14FBC,"L, U, T, P",8990H-07070,,catalog label extraction - review,"HYQ14FBC | L, U, T, P | 8990H-07070"
TOY-291,TOY,MOZB3M2F2L,"L, U, P",89070-F4082,,catalog label extraction - review,"MOZB3M2F2L | L, U, P | 89070-F4082"
TOY-292,TOY,HYQ12BEL,"L, U, P",,,catalog label extraction - review,"HYQ12BEL | L, U, P"
TOY-293,TOY,HYQ14FBB,"L, U, P",89904-60X20,,catalog label extraction - review,"HYQ14FBB | L, U, P | 89904-60X20"
TOY-294,TOY,HYQ14FBB,"L, U, H, P",89904-60X40,,catalog label extraction - review,"HYQ14FBB | L, U, H, P | 89904-60X40"
TOY-295,TOY,WAZSKE13D02,"L, U, TH, P",89904-WB001,,catalog label extraction - review,"WAZSKE13D02 | L, U, TH, P | 89904-WB001, 662F-SKE13D02"
TOY-296,TOY,HYQ14FBC,"L, U, H, P",8990H-0E020,,catalog label extraction - review,"HYQ14FBC | L, U, H, P | 8990H-0E020"
TOY-297,TOY,HYQ14FBC,"L, U, P",8990H-0E010,,catalog label extraction - review,"HYQ14FBC | L, U, P | 8990H-0E010"
TOY-298,TOY,WAZSKE13D02,"L, U, P",89904-WB004,,catalog label extraction - review,"WAZSKE13D02 | L, U, P | 89904-WB004"
TOY-299,TOY,HYQ14FBC,"L, U, TH, P",89904-06240; 89904-06350; 04002-99331,,catalog label extraction - review,"HYQ14FBC | L, U, TH, P | 89904-06240, 89904-06350, | 04002-99331"
TOY-300,TOY,MOZBR1ET,"L, U, P",89904-10050,,catalog label extraction - review,"MOZBR1ET | L, U, P | 89904-10050"
TOY-301,TOY,HYQ14FBX L,,8990H-42380; 8990H42380,,catalog label extraction - review,"HYQ14FBX | L, U, H, AC, P | 8990H-42380, 8990H42380"
TOY-302,TOY,HYQ14FBC,"L, U, P",8990H-42020,,catalog label extraction - review,"HYQ14FBC | L, U, P | 8990H-42020"
TOY-304,TOY,HYQ14FBC,"L, U, P",8990H-42270,,catalog label extraction - review,"HYQ14FBC | L, U, P | 8990H-42270"
TOY-305,TOY,HYQ14FEB,"L, U, T, P",8990H-07090,,catalog label extraction - review,"HYQ14FEB | L, U, T, P | 8990H-07090"
TOY-306,TOY,HYQ14FLA L,,89904-47790,,catalog label extraction - review,"HYQ14FLA | L, U, P, A/C | 89904-47790"
TOY-307,TOY,HYQ14FLA,"L, U, P",89904-47710,,catalog label extraction - review,"HYQ14FLA | L, U, P | 89904-47710"
TOY-308,TOY,HYQ14FBX,"L, U, H, P",8990H-48050; 8990H48050,,catalog label extraction - review,"HYQ14FBX | L, U, H, P | 8990H-48050, 8990H48050"
TOY-309,TOY,MOZBR1ET,"L, U, P",89904-10051,,catalog label extraction - review,"MOZBR1ET | L, U, P | 89904-10051"
TOY-310,TOY,HYQ14FBC,"L, U, P, H",8990H-42040,,catalog label extraction - review,"HYQ14FBC | L, U, P, H | 8990H-42040"
TOY-311,TOY,,"L, U, H, P",8990H-42250,,catalog label extraction - review,"L, U, H, P | 8990H-42250"
TOY-312,TOY,HYQ14FBC,"L, U, H, P",8990H-42260,,catalog label extraction - review,"HYQ14FBC | L, U, H, P | 8990H-42260"
TOY-315,TOY,HYQ14FBC,"L, U, H, P",8990H-0E030,,catalog label extraction - review,"HYQ14FBC | L, U, H, P | 8990H-0E030"
TOY-316,TOY,HYQ14FBX L,,8990H-08010; 04002-99413,,catalog label extraction - review,"HYQ14FBX | L, U, H, P, LSD, RSD | 8990H-08010, 04002-99413"
TOY-317,TOY,HYQ14FBX L,,8990H-08020,,catalog label extraction - review,"HYQ14FBX | L, U, PD, PD, P | 8990H-08020"
TOY-318,TOY,HYQ14FBB,"L, U, P",89904-35060,,catalog label extraction - review,"HYQ14FBB | L, U, P | 89904-35060"
TOY-319,TOY,HYQ14FBC,"L, U, H, P",8990H-42030,,catalog label extraction - review,"HYQ14FBC | L, U, H, P | 8990H-42030"
TOY-320,TOY,HYQ14FBX,"L, U, P, TG",8990H-0C010; 04002-99060,,catalog label extraction - review,"HYQ14FBX | L, U, P, TG | 8990H-0C010, 04002-99060"
TOY-321,TOY,HYQ14FBN,"L, U, TH, P",8990H-12040,,catalog label extraction - review,"HYQ14FBN | L, U, TH, P | 8990H-12040"
TOY-322,TOY,HYQ14FLA,"L, U, P",8990H-0R200,,catalog label extraction - review,"HYQ14FLA | L, U, P | 8990H-0R200"
TOY-323,TOY,HYQ14FLA L,,8990H-0R230,,catalog label extraction - review,"HYQ14FLA | L, U, HH, P | 8990H-0R230"
TOY-324,TOY,HYQ14FBC,"L, U, P",8990H-0R020,,catalog label extraction - review,"HYQ14FBC | L, U, P | 8990H-0R020"
TOY-325,TOY,HYQ14FLA,"L, U, H, P",8990H-0E380,,catalog label extraction - review,"HYQ14FLA | L, U, H, P | 8990H-0E380"
TOY-326,TOY,HYQ14FLA L,,8990H-0E370; 04002-99243,,catalog label extraction - review,"HYQ14FLA | L, U, HH, P | 8990H-0E370, 04002-99243"
TOY-327,TOY,HYQ14FLA,"L, U, P",8990H-0E360; 04002-99242,,catalog label extraction - review,"HYQ14FLA | L, U, P | 8990H-0E360, 04002-99242"
TOY-328,TOY,HYQ14FLA,"L, U, P",8990H-35010,,catalog label extraction - review,"HYQ14FLA | L, U, P | 8990H-35010"
TOY-330,TOY,HYQ12BGG,"L, U, P",89070-04060,,catalog label extraction - review,"HYQ12BGG | L, U, P | 89070-04060"
TOY-331,TOY,HYQ12BBT,"L, U, P",,,catalog label extraction - review,"HYQ12BBT | L, U, P"
TOY-332,TOY,HYQ12BDC,"L, U, P",89070-0R030,,catalog label extraction - review,"HYQ12BDC | L, U, P | 89070-0R030"
TOY-333,TOY,HYQ12BDC,"L, U, P",89070-42770,,catalog label extraction - review,"HYQ12BDC | L, U, P | 89070-42770"
TOY-334,TOY,GQ4-73T,"L, U, T, P",,,catalog label extraction - review,"GQ4-73T | L, U, T, P"
TOY-335,TOY,MOZB3F2F2L,"L, U, TH, P",89070-10082,,catalog label extraction - review,"MOZB3F2F2L | L, U, TH, P | 89070-10082"
TOY-336,TOY,HYQ12BDC,"L, U, T, P",,,catalog label extraction - review,"HYQ12BDC | L, U, T, P"
TOY-337,TOY,HYQ12BBY; HYQ12BDC,"L, U, T, P",89070-06650,,catalog label extraction - review,"HYQ12BBY, HYQ12BDC | L, U, T, P | 89070-06650"
TOY-340,TOY,HYQ14FBA,"L, U, T, P",89904-78470,,catalog label extraction - review,"HYQ14FBA | L, U, T, P | 89904-78470"
TOY-341,TOY,HYQ14AEM L,,89904-60A00,,catalog label extraction - review,"HYQ14AEM | L, U, LG, P | 89904-60A00, 89904-60061 | --- PAGE BREAK ---"
TOY-342,TOY,HYQ14AAB,"L, U, T, P",89904-06041,,catalog label extraction - review,"HYQ14AAB | L, U, T, P | 89904-06041"
TOY-343,TOY,HYQ14FBF,"L, U, T, P",89904-11190,,catalog label extraction - review,"HYQ14FBF | L, U, T, P | 89904-11190"
TOY-344,TOY,HYQ14FLD,"L, U, H, P",8990H-78690,,catalog label extraction - review,"HYQ14FLD | L, U, H, P | 8990H-78690"
TOY-345,TOY,HYQ14FLA,"L, U, T, P",8990H-62030,,catalog label extraction - review,"HYQ14FLA | L, U, T, P | 8990H-62030"
TOY-346,TOY,HYQ14FLC,"L, U, H, P",8990H-0E620,,catalog label extraction - review,"HYQ14FLC | L, U, H, P | 8990H-0E620"
TOY-347,TOY,HYQ14AAB,"L, U, P",89904-47430,,catalog label extraction - review,"HYQ14AAB | L, U, P | 89904-47430"
TOY-348,TOY,HYQ14FBW,"L, U, P",8990H-0A010,,catalog label extraction - review,"HYQ14FBW | L, U, P | 8990H-0A010"
TOY-349,TOY,HYQ14FBX,"L, U, P",8990H-0C030,,catalog label extraction - review,"HYQ14FBX | L, U, P | 8990H-0C030"
TOY-350,TOY,HYQ14FBW,"L, U, T, P",8990H-12350; 8990H-02470,,catalog label extraction - review,"HYQ14FBW | L, U, T, P | 8990H-12350, 8990H-02470"
TOY-351,TOY,HYQ14FBW L,,8990H-0A020,,catalog label extraction - review,"HYQ14FBW | L, U, HH, P | 8990H-0A020"
TOY-352,TOY,HYQ14FBX 8990H-42510,,,,catalog label extraction - review,HYQ14FBX | 8990H-42510
TOY-353,TOY,HYQ14FBX,"L, U, P",8990H-42520,,catalog label extraction - review,"HYQ14FBX | L, U, P | 8990H-42520"
TOY-355,TOY,HYQ14FBX 8990H-47120,,,,catalog label extraction - review,HYQ14FBX | 8990H-47120
TOY-356,TOY,HYQ14FBX,"L, U, T, P",8990H-30190,,catalog label extraction - review,"HYQ14FBX | L, U, T, P | 8990H-30190"
TOY-TOY48HPT,TOY,H Chip High Security 89785-02410,,,H Chip High Security,catalog label extraction - review,H Chip High Security | 89785-02410
TOY-TR47PT,TOY,SU003-07277 TOY44GPT,,TOY44GPT; TOY44G; TOY44G-PT; TR52G-PHT,,catalog label extraction - review,"SU003-07277 | TOY44GPT | TOY44GPT | 89785-08040, TOY44GPT, | TOY44G, TOY44G-PT, | TR52G-PHT"
VOLVO-522,VOLVO,LQNP2T-APU L,,8685150,,catalog label extraction - review,"LQNP2T-APU | L, U, T, O, P | 8685150"
VOLVO-525,VOLVO,LQNP2T-APU L,,9452456,,catalog label extraction - review,"LQNP2T-APU | L, U, T, O, P | 9452456"
VOLVO-528,VOLVO,HYQ12AAA L,,9459368,,catalog label extraction - review,"HYQ12AAA | L, U, T, O, P | 9459368"
VOLVO-532,VOLVO,HYQ1512J,"L, U, T",9166199,,catalog label extraction - review,"HYQ1512J | L, U, T | 9166199"
VOLVO-536,VOLVO,HYQ1512J,"L, U, T, P",9166200,,catalog label extraction - review,"HYQ1512J | L, U, T, P | 9166200"
VOLVO-538,VOLVO,LTQV0315TX,"L, U, T, HL, P",30772198,,catalog label extraction - review,"LTQV0315TX | L, U, T, HL, P | 30772198"
VOLVO-543,VOLVO,HYQ12BBM,"L, U, T, P",,,catalog label extraction - review,"HYQ12BBM | L, U, T, P | N/A"
VOLVO-548,VOLVO,KR55WK49250,"L, U, HL, T, P",31252732,,catalog label extraction - review,"KR55WK49250 | L, U, HL, T, P | 31252732"
VOLVO-555,VOLVO,LQNP2T-APU L,,31253386,,catalog label extraction - review,"LQNP2T-APU | L, U, O, T, P | 31253386"
VOLVO-557,VOLVO,KR55WK49264 L,,30659549; 30659637; 31266627; 8676873; 30710778; 30659607,,catalog label extraction - review,"KR55WK49264 | L, U, T, AL, P | 30659549, 30659637, 31266627, | 8676873, 30710778, 30659607"
VOLVO-559,VOLVO,KR55WK49259,"L, U, HL, T, P",31300258,,catalog label extraction - review,"KR55WK49259 | L, U, HL, T, P | 31300258"
VOLVO-560,VOLVO,KR55WK49266,"L, U, T, HL, P",30659495; 30659496,,catalog label extraction - review,"KR55WK49266 | L, U, T, HL, P | 30659495, 30659496"
VOLVO-561,VOLVO,YGOHUF8423,"L, U, P, T",31652163,,catalog label extraction - review,"YGOHUF8423 | L, U, P, T | 31652163"
VOLVO-562,VOLVO,KR55WK49266 L,,30659498-7,,catalog label extraction - review,"KR55WK49266 | L, U, P, T, HL, O | 30659498-7"
VOLVO-563,VOLVO,KR55WK49266,"L, U, P, T, HL",30659550-5,,catalog label extraction - review,"KR55WK49266 | L, U, P, T, HL | 30659550-5"
VOLVO-564-SET,VOLVO,YGOHUF8423,"L, U, T, P",31419894,,catalog label extraction - review,"YGOHUF8423 | L, U, T, P | 31419894"
VOLVO-565-SET,VOLVO,YGOHUF8423,"L, U, T, P",31419894,,catalog label extraction - review,"YGOHUF8423 | L, U, T, P | 31419894"
VOLVO-566-SET,VOLVO,YGOHUF8423,"L, U, T, P",31419896,,catalog label extraction - review,"YGOHUF8423 | L, U, T, P | 31419896"
VOLVO-567,VOLVO,KR55WK49266 L,,30659495; 30659496,,catalog label extraction - review,"KR55WK49266 | L, U, HL, T, P, O | 30659495, 30659496"
VOLVO-569,VOLVO,YGOHUF8423,"L, U, T, P",31419894,,catalog label extraction - review,"YGOHUF8423 | L, U, T, P | 31419894"
VW-1652,VW,M36HU01WT,"L, U, T, P",,,catalog label extraction - review,"M36HU01WT | L, U, T, P | CLARION: 1EM 937 047 A"
VW-1655,VW,NBG730956T,"L, U, T, P",,,catalog label extraction - review,"NBG730956T | L, U, T, P | HELLA: 3B0 953 252"
VW-1658,VW,NBG009066T,"L, U, T, P",3C0-959-752; 3C0959752,,catalog label extraction - review,"NBG009066T | L, U, T, P | 3C0 959 752, 3C0-959-752, | 3C0959752"
VW-1662,VW,IJ0-959-756-DC,"L, U, T, P",VW103530,,catalog label extraction - review,"IJ0-959-756-DC/AM | L, U, T, P | VW103530"
VW-1664,VW,1J0-959-753-F,"L, U, T, P",VW123451,,catalog label extraction - review,"1J0-959-753-F | L, U, T, P | VW123451"
VW-1666,VW,NBG92596263,"L, U, T, P",,,catalog label extraction - review,"NBG92596263 | L, U, T, P | 1KO.959.753 P"
VW-1668,VW,NBG92596263,"L, U, T, P",,,catalog label extraction - review,"NBG92596263 | L, U, T, P | 1KO.959.753 H"
VW-1670,VW,NBG 735868T,"L, U, T, P",,,catalog label extraction - review,"NBG 735868T | L, U, T, P | HLO 1J0959753T"
VW-1676,VW,3D0-959-753-AE,"L, U, T, P",KR55WK45022,,catalog label extraction - review,"3D0-959-753-AE | L, U, T, P | KR55WK45022"
VW-1688,VW,1J0-959-753-S,"L, U, P",NBG735868,,catalog label extraction - review,"1J0-959-753-S | L, U, P | NBG735868"
VW-1689,VW,NBG010180T,"L, U, T, P",,,catalog label extraction - review,"NBG010180T | L, U, T, P | 5K0.837.202 AE"
VW-1690,VW,NBG010206T,"L, U, T, P",NBG010206T,,catalog label extraction - review,"NBG010206T | L, U, T, P | NBG010206T"
VW-1691,VW,NBG010206T,"L, U, T, P",5K0837202AK,"PROX, NBG010206T",catalog label extraction - review,"PROX, NBG010206T | L, U, T, P | 5K0837202AK"
VW-1693,VW,NBGFS93N,"L, U, T, P",5K0837202BJ,,catalog label extraction - review,"NBGFS93N, Aftermarket, MQB | L, U, T, P | 5K0837202BJ, See Description | Please"
VW-1699,VW,KR5FS14-US,"L, U, P, T, RS",3G0959752T; 3G0-959-752T,,catalog label extraction - review,"KR5FS14-US, With Comfort | Access, MQB | L, U, P, T, RS | 3G0959752T, 3G0-959-752T"
VW-1700,VW,,"L, U, T",,PROX,catalog label extraction - review,"PROX | L, U, T | ART-VW-MQB-3-P"
VW-1702,VW,NBGFS12A01,"L, U, T, P",5G6959752AC,,catalog label extraction - review,"NBGFS12A01 | L, U, T, P | 5G6 959 752 AC, 5G6959752AC, | 5G6.959.752.AC"
VW-1703,VW,NBGFS125C1,"L, U, T, P",5G6959752BM,,catalog label extraction - review,"NBGFS125C1, Comfort Access | L, U, T, P | 5G6959752BM, 5G6 959 752 BM"
VW-1704,VW,5K0-837-202-R,"L, U, T, P",NBG010180T,,catalog label extraction - review,"5K0-837-202-R | L, U, T, P | NBG010180T"
VW-1705,VW,NBG010206T,"L, U, T, P",5K0-837-202-F,,catalog label extraction - review,"NBG010206T | L, U, T, P | 5K0-837-202-F"
VW-1709,VW,IYZFBSB802,"L, U, T, P",,,catalog label extraction - review,"IYZFBSB802 | L, U, T, P | 4HO.959.754 DB | --- PAGE BREAK ---"
VW-1710,VW,IYZFBSB802,"L, U, T, P",,,catalog label extraction - review,"IYZFBSB802 | L, U, T, P | 8K0.959.754 B"
VW-1711,VW,IYZFBSB802,"L, U, T, P",,,catalog label extraction - review,"IYZFBSB802 | L, U, T, P | 8K0.959.754 BB"
VW-1712,VW,IYZFBSB802,"L, U, T, P",,,catalog label extraction - review,"IYZFBSB802 | L, U, T, P | 8T0.959.754 AD"
VW-1713,VW,IYZFBSB802,"L, U, T, P",,,catalog label extraction - review,"IYZFBSB802 | L, U, T, P | 8T0.959.754 AJ"
VW-1714,VW,IYZFBSB802,"L, U, T, P",,,catalog label extraction - review,"IYZFBSB802 | L, U, T, P | 8T0.959.754 DM"
VW-1715,VW,IYZFBSB802,"L, U, T, P",,,catalog label extraction - review,"IYZFBSB802 | L, U, T, P | 8T0.959.754 S"
VW-1716,VW,NBG010206T,"L, U, T, P",5K0837202AK,,catalog label extraction - review,"NBG010206T | L, U, T, P | 5K0837202AK"
VW-1718,VW,KR5FS14 T 3G0.959.752.BQ,,,,catalog label extraction - review,KR5FS14 T | 3G0.959.752.BQ
VW-1719,VW,NBGFS93N,"L, U, T, RS, P",561837202J,,catalog label extraction - review,"NBGFS93N | L, U, T, RS, P | 561 837 202 J, 561837202J, | 561.837.202.J"
VW-1720,VW,NBGFS93N,"L, U, T, P",5K0837202EC,,catalog label extraction - review,"NBGFS93N | L, U, T, P | 5K0 837 202 EC, 5K0837202EC, | 5K0.837.202.EC | XH-LEXUS SMART 2 | L, U, P"
XH-MERCEDES,XH,IYZDC12K,"L, U, T, P",,,catalog label extraction - review,"IYZDC12K | L, U, T, P | Mercedes BE, MercedesBE | XH-SMART WATCH | XH-TOYOTA SMART 1 | L, U, P, T"
XH-XEDS01EN,XH,,"L, U, T",XEDS01EN,Wireless Super Universal Remote,catalog label extraction - review,"Wireless Super Universal Remote | L, U, T | XEDS01EN"
XH-XEFO01EN,XH,,"L, U, T, P",XEFO01EN,,catalog label extraction - review,"L, U, T, P | XEFO01EN"
XH-XEKF20EN,XH,,"L, U, P, T",XEKF20EN,,catalog label extraction - review,"Universal BMW Style Flip Key | L, U, P, T | XEKF20EN"
XH-XELEX0EN,XH,XELEX0EN,"L, U, T",,,catalog label extraction - review,"XELEX0EN | L, U, T | XELEX0EN"
XH-XEMQB1EN,XH,,"L, U, T",,XHorse Super Remote with Super,catalog label extraction - review,"XHorse Super Remote with Super | Chip | L, U, T | XEMQB1EN"
XH-XK010100,XH,,"L, U, T",XK010100,Wired,catalog label extraction - review,"Wired | L, U, T | XK010100"
XH-XK020000,XH,,"L, U, T",XKDS00EN; XK020000; X002,Wired,catalog label extraction - review,"Wired | L, U, T | XKDS00EN / XK020000 / X002"
XH-XK030000,XH,,"L, U, T",XKA600EN; XK030000; X003,Wired,catalog label extraction - review,"Wired | L, U, T | XKA600EN / XK030000 / X003"
XH-XK040000,XH,,"L, U, T",XKHO00EN; XK040000; X004,Wired,catalog label extraction - review,"Wired | L, U, T | XKHO00EN / XK040000 / X004"
XH-XK070000,XH,,"L, U, T",XKHY00EN; XK070000; X007,Wired,catalog label extraction - review,"Wired | L, U, T | XKHY00EN / XK070000 / X007"
XH-XK080000,XH,,"L, U, T",XKTO00EN; XK080000; X008,Wired,catalog label extraction - review,"Wired | L, U, T | XKTO00EN / XK080000 / X008"
XH-XK0D0000,XH,XEFO01EN,"L, U, T, P",XEFO01EN,,catalog label extraction - review,"XEFO01EN | L, U, T, P | XEFO01EN"
XH-XKAU02EN,XH,,"L, U, T, P",XKAU02EN,Wired,catalog label extraction - review,"Wired | L, U, T, P | XKAU02EN"
XH-XKB506EN,XH,,"L, U, T",XKB506EN,Wired (Buttons Outlined in),catalog label extraction - review,"Wired (Buttons Outlined in) | L, U, T | XKB506EN"
XH-XKB508EN,XH,,"L, U",XKB508EN,Wired,catalog label extraction - review,"Wired | L, U | XKB508EN"
XH-XKB510EN,XH,,"L, U, T",XKB510EN,Wired,catalog label extraction - review,"Wired | L, U, T | XKB510EN"
XH-XKBU01EN,XH,,"L, U, T, P",XKBU01EN,Wired,catalog label extraction - review,"Wired | L, U, T, P | XKBU01EN"
XH-XKBU02EN,XH,,"L, U, T, P",XKBU02EN,Wired,catalog label extraction - review,"Wired | L, U, T, P | XKBU02EN"
XH-XKCD0EN,XH,,"L, U, P, T",,Wired,catalog label extraction - review,"Wired | L, U, P, T | XKCD0EN"
XH-XKFO02EN,XH,,"L, U, T, P",XKFO02EN,Wired,catalog label extraction - review,"Wired | L, U, T, P | XKFO02EN"
XH-XKHO01EN,XH,,"L, U, T, P",XKHO01EN,Wired,catalog label extraction - review,"Wired | L, U, T, P | XKHO01EN"
XH-XKHO03EN,XH,,"L, U, RS, T, P",XKHO03EN,Wired,catalog label extraction - review,"Wired | L, U, RS, T, P | XKHO03EN"
XH-XKHO04EN,XH,,,XKHO04EN,Wired,catalog label extraction - review,"Wired | L, U, LSD, RSD, P | XKHO04EN"
XH-XKHY01EN,XH,,"L, U, T, P",XKHY01EN,Wired,catalog label extraction - review,"Wired | L, U, T, P | XKHY01EN"
XH-XKHY02EN,XH,,"L, U, H",XKHY02EN,Wired,catalog label extraction - review,"Wired | L, U, H | XKHY02EN"
XH-XKHY04EN,XH,,"L, U, T, P",XKHY04EN,Wired,catalog label extraction - review,"Wired | L, U, T, P | XKHY04EN"
XH-XKKF02EN,XH,,"L, U, T",XKKF02EN,Wired,catalog label extraction - review,"Wired | L, U, T | XKKF02EN"
XH-XKKF03EN,XH,,"L, U, T",XKKF03EN,Wired,catalog label extraction - review,"Wired | L, U, T | XKKF03EN"
XH-XKKF20EN,XH,,"L, U, P, T",XKKF20EN,Wired,catalog label extraction - review,"Wired | L, U, P, T | XKKF20EN"
XH-XKKF23EN,XH,,"L, U, T",XKKF23EN,,catalog label extraction - review,"L, U, T | XKKF23EN"
XH-XKLKS0EN,XH,,"L, U, T",,Wired,catalog label extraction - review,"Wired | L, U, T | XKLKS0EN"
XH-XKMA00EN,XH,,"L, U, T",XKMA00EN,Wired,catalog label extraction - review,"Wired | L, U, T | XKMA00EN"
XH-XKN40000,XH,,"L, U, T",XN004,,catalog label extraction - review,"L, U, T | XN004"
XH-XKN80000,XH,,"L, U, T",XN008,,catalog label extraction - review,"L, U, T | XN008"
XH-XKNI00EN,XH,,"L, U, T, P",XKNI00EN,Wired,catalog label extraction - review,"Wired | L, U, T, P | XKNI00EN"
XH-XKTO04EN,XH,,"L, U, P",XKTO04EN,Wired,catalog label extraction - review,"Wired | L, U, P | XKTO04EN"
XH-XKTO08EN,XH,,,XKTO08EN,Wired,catalog label extraction - review,"Wired | L, U, LSD, RSD, P | XKTO08EN"
XH-XKTO10EN,XH,,"L, U, T, P",XKTO10EN,Wired,catalog label extraction - review,"Wired | L, U, T, P | XKTO10EN"
XH-XKXH00EN,XH,,"L, U, T, P",XKXH00EN,Wired,catalog label extraction - review,"Wired | L, U, T, P | XKXH00EN"
XH-XKXH01EN,XH,,"L, U, T, P",XKXH01EN,Wired,catalog label extraction - review,"Wired | L, U, T, P | XKXH01EN"
XH-XKXH05EN,XH,Wired XKXH05EN,,,Wired,catalog label extraction - review,Wired | XKXH05EN
XH-XNBU01EN,XH,,"L, U, T, P",XNBU01EN,,catalog label extraction - review,"L, U, T, P | XNBU01EN"
XH-XNHY02EN,XH,,"L, U, T",XNHY02EN,,catalog label extraction - review,"L, U, T | XNHY02EN"
XH-XSADJ1GL,XH,IYZFBSB802 XSADJ1GL,,,,catalog label extraction - review,IYZFBSB802 | XSADJ1GL
XH-XSCS00EN,XH,,"L, U, T, P",XSCS00EN,Prox Wireless Universal Smart,catalog label extraction - review,"Prox Wireless Universal Smart | Key | L, U, T, P | XSCS00EN"
XH-XSFO02EN,XH,,"L, U, T, P",XSFO02EN,,catalog label extraction - review,"L, U, T, P | XSFO02EN"
XH-XSKC04EN,XH,,"L, U, T, P",XSKC04EN,,catalog label extraction - review,"King Card Universal Smartimity | Key - Diamond Blue | L, U, T, P | XSKC04EN"
XH-XSKC05EN,XH,,"L, U, T, P",XSKC05EN,,catalog label extraction - review,"King Card Universal Smartimity | Key - Sky Blue | L, U, T, P | XSKC05EN"
XH-XSKF01EN,XH,,"L, U, T",XSKF01EN,Prox Wireless Universal Smart,catalog label extraction - review,"Prox Wireless Universal Smart | Key | L, U, T | XSKF01EN"
XH-XSKF20EN,XH,,"L, U, T, P",XSKF20EN,Prox Smart Key,catalog label extraction - review,"Prox Smart Key | L, U, T, P | XSKF20EN"
XH-XSKF21EN,XH,,"L, U, P, T",XSKF21EN,Prox Smart Key,catalog label extraction - review,"Prox Smart Key | L, U, P, T | XSKF21EN"
XH-XSKF30EN,XH,,"L, U, T, P",XSKF30EN,Prox Smart Key,catalog label extraction - review,"Prox Smart Key | L, U, T, P | XSKF30EN"
XH-XSMQB1EN,XH,,"L, U, T",,MQB Style (Prox Smart Key),catalog label extraction - review,"MQB Style (Prox Smart Key) | L, U, T | XSMQB1EN"
XH-XSTO01GL,XH,Universal Smart Key XM38 For Toyota 4D 8A 4A,"L, U, P",XSTO01EN; XSTO01GL; 68301769AA,Universal Smart Key XM38 For,catalog label extraction - review,"Universal Smart Key XM38 For | Toyota 4D 8A 4A | L, U, P | XSTO01EN / XSTO01GL / | XST001 | ZED-AUDI-EA-A4-1 | ZEDFULL EMULATOR KEY | ZED-AUDI-EA-A6-1 | PROX KEY SYSTEM | ZEDFULL EMULATOR KEY for | A6 & Q7 | ZED-FIR103 | ZFH-FIR103 | ZED-FIR104 | L, U, RD | 68224015AA, 68301769AA, | 68432874AA | ZED-FIR107 | IKS-ZFH-FIR107 | IKS-ZFH-FIR107 | ZED-FIR108 | IKS-ZFH-FIR108 | ZED-FIR129E | Emulator Flip Key For Zedfull | Only | L, U, P, H | ZFH-FIR129E | ZED-MERCEDES IR KEY | IKS-MB-IR KEY | IKS-MB-IR KEY / Zed-FULL MB | Key"
